{
  "x0": [
    0.48227459193883804,
    0.31311672060911305,
    0.20460868745204897,
    0.7827091740523738,
    0.7827091740523738,
    0.14963983378164303
  ],
  "x": [
    0.16534544225417003,
    0.7946355466896355,
    0.04001896612075127,
    299.69050518561795,
    11.01199065785585,
    0.14963983378164303
  ],
  "SSE": 0.021122430319996464,
  "exp_data": [
    1.0,
    0.923977781420398,
    0.8495015736180329,
    0.7791759594226185,
    0.7152393185471563,
    0.6582679775167857,
    0.6079909449446873,
    0.5637325263496535,
    0.5247076461785257,
    0.4902369765145377,
    0.45976168932676853,
    0.4327822391399473,
    0.4088430917299035,
    0.38751868233812325,
    0.3684422528624376,
    0.35131487607901724,
    0.3358748423033457,
    0.3219033690916043,
    0.30921935313040344,
    0.2976615451055611,
    0.2871052804871115,
    0.2774305960278945,
    0.2685434402280778,
    0.26035277185883643,
    0.2527840772208015,
    0.24578459815482204,
    0.2392973593264721,
    0.23327807748504562,
    0.22767723073780224,
    0.22243282139071407,
    0.21751535937997982,
    0.21289799009180116,
    0.2085502435943104,
    0.20444555898340686,
    0.20055717243216734,
    0.19687680212858805,
    0.19338880069889466,
    0.19007307302367554,
    0.18691775061054403,
    0.18391655962604225,
    0.181058343306821,
    0.17832987725775515,
    0.17572823752450137,
    0.1732557092554347,
    0.1708977910637125,
    0.16864623208505505,
    0.16649959985947071,
    0.16444386708994352,
    0.1624608000865773,
    0.16053862935698976,
    0.15867274969115952,
    0.15685564331264068,
    0.15508568855656787,
    0.1533638103578844,
    0.151689917252839,
    0.15006430094469067,
    0.14848796795502933,
    0.14696006964102004,
    0.14547519552725433,
    0.14403814913835292,
    0.142648506680349,
    0.14130124382629666,
    0.13999712475365772,
    0.1387252134478137,
    0.13748451345950316,
    0.13627089943853624,
    0.13508707580463156,
    0.13393324929068476,
    0.13281535693480576,
    0.1317280857868482,
    0.13066277571310253,
    0.1296137555032894,
    0.1285845127925969,
    0.12757532795474064,
    0.1265790441851601,
    0.1255941765444496,
    0.12462617994874171,
    0.12368873563261075,
    0.12278133953445486,
    0.12190574129591875,
    0.12106529399133674,
    0.12025839771911191,
    0.11948256187722273,
    0.11874321476763847,
    0.11803451383833392,
    0.1173565135206757,
    0.11671454577637352,
    0.11610278004732874,
    0.11552262501258732,
    0.11497682933504669,
    0.1144571537354887,
    0.11396574019931376,
    0.11349649612332638,
    0.11304623917486692,
    0.11260783821114936,
    0.11217715545930355,
    0.11175356742472004,
    0.11133694056228625,
    0.11092690418858925,
    0.11052193576570903,
    0.11011894025475395,
    0.10971505884074263,
    0.10930902756466769,
    0.10889245213595158,
    0.10846515344287175,
    0.10803667249186699,
    0.10760866108392027,
    0.10717858250151752,
    0.10674809773509521,
    0.10630570535614887,
    0.10585722781996759,
    0.10539995272509049,
    0.10493753556922103,
    0.10447387542750682,
    0.10401630780379374,
    0.10356715785425749,
    0.10312254181247342,
    0.10269113296941092,
    0.10227674248629769,
    0.10187972737173213,
    0.10150421020059221,
    0.10114649177907972,
    0.10080094157900535,
    0.10046710586766922,
    0.10014657353008374,
    0.09984287364946452,
    0.09955276048618077,
    0.09927300686486118,
    0.09899687051025832,
    0.09872969340322639,
    0.09846713295640828,
    0.098204417972161,
    0.09793533760923982,
    0.09765582391314323,
    0.09737617561208463,
    0.09710124148545318,
    0.09683330521887795,
    0.09657382763607843,
    0.09631780063221076,
    0.09606033329138673,
    0.09580648078413746,
    0.09555159266557323,
    0.0952959868173301,
    0.0950411060859184,
    0.0947885676337601,
    0.09454367481085299,
    0.09430466771436904,
    0.09406873066424498,
    0.09383948429793681,
    0.09361727024228787,
    0.0934012580542304,
    0.09318465679277135,
    0.0929682684309848,
    0.09274874674538323,
    0.09252513603969477,
    0.09230639814488005,
    0.09209442613473891,
    0.0918928660090985,
    0.09169869187010249,
    0.0915034481822005,
    0.0913086808284364,
    0.09112021038550688,
    0.09093876107878729,
    0.09076637351216174,
    0.09060439141958407,
    0.09044943418627886,
    0.09029618485422994,
    0.09015108619909788,
    0.09000616372738389,
    0.08986580767377025,
    0.08973659703600718,
    0.08962594118807102,
    0.0895281306945798,
    0.08944347200811557,
    0.08936663732507673,
    0.08928869979398396,
    0.08920665936558804,
    0.08912251168781461,
    0.08904014366143143,
    0.08895878884102199,
    0.08887787992258174,
    0.08880266998167859,
    0.08872422171646362,
    0.08864641797617319,
    0.0885672519416572,
    0.08848200904088419,
    0.08839349786558856,
    0.08830218373767415,
    0.08820948718599082,
    0.08811650348076945,
    0.0880252879675455,
    0.08793404563499957,
    0.08784259611149693,
    0.08775628470691921,
    0.0876732686666747,
    0.08759361816862833,
    0.08752257699050683,
    0.087458876635962,
    0.08740771376418116,
    0.08737281391341897,
    0.08735350375158385,
    0.0873389853771842,
    0.08732524240394637,
    0.0873078912798111,
    0.087289880883879,
    0.08727335337060099,
    0.08726718805515647,
    0.08727360052126402,
    0.08729177244036446,
    0.08730960503333482,
    0.08732169344337923,
    0.08732192909619893,
    0.08730954728822385,
    0.08728129478893017,
    0.08724581748782176,
    0.08720138790961592,
    0.08715402906473145,
    0.0871032579437102,
    0.08705185650239655,
    0.08700226693275517,
    0.08695820296876118,
    0.08691908945669027,
    0.08687970040474426,
    0.08684305676063644,
    0.08680803060484045,
    0.08678083345351532,
    0.08675533077648855,
    0.08673993082328542,
    0.08673347726250234,
    0.08672361297574177,
    0.08670820780845533,
    0.08668709323212012,
    0.08665646468751458,
    0.08661194665838123,
    0.08655223628356401,
    0.08648106903711691,
    0.08640898572849859,
    0.08634496698317787,
    0.08629491151166774,
    0.0862592187129673,
    0.08623535590016228,
    0.0862180055153959,
    0.0862035620483874,
    0.08619148569321637,
    0.08618416199219561,
    0.08618750982360164,
    0.08620375119653492,
    0.08622632719704154,
    0.086257072139451,
    0.08629356722680628
  ],