{
  "x0": [
    0.2736027186139436,
    0.6316428563968529,
    0.0947544249892035,
    0.7693289850504582,
    0.09396245326960485,
    0.19378870729685413
  ],
  "x": [
    0.20892676954456105,
    0.7894611843944748,
    0.0016119391226996082,
    221.77509712745172,
    10.710207161358651,
    0.19378870729685413
  ],
  "SSE": 0.011750803983339298,
  "exp_data": [
    1.0,
    0.936663892113221,
    0.8740985161444603,
    0.8134810137159537,
    0.7557571193218215,
    0.701544769704423,
    0.6512843321501308,
    0.6053349196502098,
    0.5638961170184077,
    0.5269948091412187,
    0.4944085345653712,
    0.46571430345906695,
    0.440403662686009,
    0.41797449811227644,
    0.39799253202544926,
    0.38013308154313413,
    0.36409831486461375,
    0.34963809340566526,
    0.3365622667884174,
    0.3246988498593088,
    0.31391154271158644,
    0.3040695510806445,
    0.2950471091962795,
    0.2867340221252046,
    0.27905260934495457,
    0.2719397403488824,
    0.2653253956711295,
    0.2591602376418114,
    0.2533988753588048,
    0.24799771693089484,
    0.2429216882474662,
    0.2381363918548532,
    0.2336113288851796,
    0.22931202158948782,
    0.22523204410286607,
    0.221364954376012,
    0.21769416383616222,
    0.21419973979623216,
    0.21087039670736749,
    0.20769633868915965,
    0.20467155905972959,
    0.20178646251881222,
    0.19904001262119142,
    0.1964243600848806,
    0.19392272583429052,
    0.19151882897362787,
    0.18921904495836886,
    0.18701796939621396,
    0.1849050021215277,
    0.18287427996300548,
    0.18091829657137193,
    0.17902456102547162,
    0.17719546523843946,
    0.17543683914815833,
    0.17374288667310644,
    0.1721096207049654,
    0.1705393324016276,
    0.16902005836239317,
    0.16754592424218703,
    0.16612342874197888,
    0.16474176245673422,
    0.16339151678653432,
    0.16206624869318287,
    0.16076147437630922,
    0.15947500564364955,
    0.15820028550163767,
    0.15694653572562772,
    0.1557163991452732,
    0.1545029295216949,
    0.15330646278977458,
    0.15212100642604168,
    0.15094687229834056,
    0.1497814907254324,
    0.14863105414901817,
    0.1474923052599216,
    0.146356670750786,
    0.1452336852169717,
    0.14412434585187597,
    0.14303783086863048,
    0.1419760981209523,
    0.14094978775252687,
    0.13995738375301292,
    0.13900557340220637,
    0.13809484276963377,
    0.13721656272081512,
    0.13637513361818865,
    0.1355728689365205,
    0.13481142261164203,
    0.1340814780255844,
    0.13338217390977003,
    0.13271822044788822,
    0.1320850654293384,
    0.13147026788561872,
    0.13086572652524833,
    0.13026813896521455,
    0.1296721339882781,
    0.12908013669532561,
    0.12848185168420825,
    0.12789426190192368,
    0.12730462687551136,
    0.1267069542397825,
    0.12609916029643373,
    0.12548588085017948,
    0.12486648793044564,
    0.12423858281798987,
    0.12360636062621445,
    0.1229804049598848,
    0.12236125488424948,
    0.12174498764050468,
    0.12112725452520547,
    0.12050541689193481,
    0.11987785277342436,
    0.11925045802953857,
    0.1186288693201587,
    0.11802001709349838,
    0.11742861637896602,
    0.11684082369224931,
    0.11627606490804043,
    0.11572937497926233,
    0.11519266142665412,
    0.11466679285881064,
    0.11415693984135646,
    0.11365421690844932,
    0.11316277116649168,
    0.11267673808005972,
    0.11220151850144429,
    0.11173463342942358,
    0.11127514263483951,
    0.1108183040261876,
    0.11036861657936438,
    0.10993072875705558,
    0.10949257501276392,
    0.1090486701601444,
    0.10858831399480605,
    0.10812346361116845,
    0.10766500257145842,
    0.10721855449454143,
    0.10678320722429484,
    0.10634691965999205,
    0.105908085318339,
    0.10546973909951222,
    0.10503319806306198,
    0.10459679742442196,
    0.10416692553984293,
    0.10374827927900351,
    0.10334320794681083,
    0.1029495708952079,
    0.10255553420666885,
    0.10217353043017917,
    0.10179671523517704,
    0.10141967715920974,
    0.10103912323789746,
    0.10066147304300191,
    0.10028593108717887,
    0.0999018351704161,
    0.09951859288970785,
    0.09913643119213601,
    0.0987622762332449,
    0.09840893503618814,
    0.09806956351978986,
    0.09774692654454563,
    0.09744081607866033,
    0.09715753148535332,
    0.09688561542898809,
    0.09662195632821105,
    0.09636413563519235,
    0.09610555435935374,
    0.09585133749701456,
    0.09559722921453906,
    0.09534463952695571,
    0.09509644121676172,
    0.09484909392957847,
    0.09458719907998366,
    0.09430611525837838,
    0.0940059723156053,
    0.09368317514639844,
    0.09334268096641302,
    0.09298523034488825,
    0.09262463502780516,
    0.0922673201245779,
    0.0919165911328738,
    0.09157905711022662,
    0.09124874751759102,
    0.09092521508334987,
    0.09061126430992203,
    0.09031127582590852,
    0.09002485079844931,
    0.08974338123147288,
    0.08946675344864888,
    0.08919348701593026,
    0.08892955719250747,
    0.08866551240168015,
    0.0884016320131198,
    0.0881301029536577,
    0.08785566613675697,
    0.08758291502407198,
    0.08731855207495395,
    0.08706142370326354,
    0.08680980798641455,
    0.08657365636430513,
    0.0863483634868872,
    0.08613008523514462,
    0.08591467750226402,
    0.08570517991589843,
    0.08550809487682927,
    0.08531502528714197,
    0.08512578573022912,
    0.08494010462437998,
    0.08476320518181231,
    0.08458971932219089,
    0.08442528107729481,
    0.08426546361565833,
    0.08410623970540404,
    0.08394599812128284,
    0.08378634091447149,
    0.08362971930194615,
    0.08347549227122565,
    0.08333079258366881,
    0.08319870540392676,
    0.08307806272376844,
    0.0829722326626091,
    0.08288446381003467,
    0.0828036216527756,
    0.08272762518221642,
    0.08265807615530166,
    0.08259209367680746,
    0.08252908934895771,
    0.08247282685622306,
    0.08241760051632777,
    0.08235617167227252,
    0.08229062110906572,
    0.08222192843265086,
    0.08215576977725933,
    0.08208989797485172,
    0.0820291733049391,
    0.08196668333383181,
    0.08190154974380333,
    0.0818400229053052,
    0.081777901473291,
    0.0817160979392499,
    0.0816557161023353,
    0.08159506553924367,
    0.08152867821786475,
    0.08145903367420704,
    0.08138029442575694,
    0.08129089359255105,
    0.08119666317677633,
    0.08110191403486172,
    0.08100820458963295,
    0.0809240553396632
  ],