{
  "success": true,
  "x0": [
    0.4202947192428715,
    0.34185373755028114,
    0.23785154320684743,
    0.7966216591049171,
    0.6721127631561852,
    0.19578966426398225
  ],
  "x": [
    0.147531267823016,
    0.852468732176984,
    1.5776835675558598e-17,
    44.98498803759582,
    11.695506039791354,
    0.19578966426398225
  ],
  "SSE": 0.0014655868045615403,
  "exp_data": [
    1.0,
    0.936663892113221,
    0.8737872543598366,
    0.812445142601919,
    0.7535515671536115,
    0.6977239877025108,
    0.6453982836406373,
    0.5969079540268464,
    0.5524172845405515,
    0.511924126453548,
    0.4752284496944167,
    0.44200109921165803,
    0.4118517476062912,
    0.38440223143674357,
    0.35932442063368997,
    0.336378703126799,
    0.3153295894966025,
    0.2959852919827357,
    0.27818280775482307,
    0.2617788486989467,
    0.2466469456898684,
    0.23266712904204778,
    0.21972888836130555,
    0.20772880290805615,
    0.19658179579081395,
    0.18621661161662698,
    0.17656521420131896,
    0.16756684178274273,
    0.1591679066771794,
    0.15131662122135855,
    0.14396886192514777,
    0.13708531431220053,
    0.13062689720411333,
    0.12455739837072677,
    0.11885183592939187,
    0.11348352820515509,
    0.10843241754614157,
    0.10367789290843774,
    0.09919622001758192,
    0.0949685149184677,
    0.09097807496003403,
    0.08721342733070025,
    0.08365798999735402,
    0.080296439906052,
    0.07711285073198637,
    0.07409638824854785,
    0.07123644221101813,
    0.06852525679994707,
    0.06595103047445029,
    0.0635048009043474,
    0.06118160356272627,
    0.05897224969993464,
    0.05687070681038059,
    0.05487097595062769,
    0.05296579674334333,
    0.05114900726418313,
    0.049415354656944056,
    0.04775860799494014,
    0.0461759496465515,
    0.04466538078150421,
    0.04322185812892648,
    0.04184166363068161,
    0.04052121988603737,
    0.03925614369205109,
    0.03804511609136171,
    0.03688527504650752,
    0.035773223373389056,
    0.034706296623672125,
    0.03368230408957803,
    0.03269947361387273,
    0.031756190566590146,
    0.030849608000695,
    0.029979915383404367,
    0.029146775272876006,
    0.028347381408228994,
    0.027581138670980446,
    0.026845986069004082,
    0.02613875374767216,
    0.025459440816561273,
    0.02480477896580262,
    0.024174309430463847,
    0.02356783753950408,
    0.02298544233026991,
    0.02242489697330713,
    0.021885749293669918,
    0.021366636061218698,
    0.020867090487941758,
    0.02038502240799636,
    0.019919496363269496,
    0.019468995322223053,
    0.019031795047202784,
    0.018608421795152486,
    0.018197656734964537,
    0.017799133833343167,
    0.017413251510917476,
    0.01703848888302772,
    0.01667455870847472,
    0.016320497259709008,
    0.01597580172215137,
    0.015640457872331183,
    0.015314146614806127,
    0.014996903550037714,
    0.01468884926171267,
    0.014389850040408119,
    0.014099100053614543,
    0.01381588383526646,
    0.013539925986281018,
    0.01327125696203971,
    0.013010282896939986,
    0.012755506256831523,
    0.012506817532614452,
    0.012263447555312751,
    0.012025720992251404,
    0.011793492003125886,
    0.01156615044136365,
    0.011343625232270402,
    0.011125431983670685,
    0.010911515008073696,
    0.01070160283399038,
    0.01049604432048224,
    0.010294654077768833,
    0.010097237309895016,
    0.009904039959328249,
    0.009714502999056325,
    0.009528542252060053,
    0.009347019772718774,
    0.00916983622088097,
    0.008996987570452673,
    0.008827598679439651,
    0.008661645357252843,
    0.008498658136883446,
    0.00833921416886292,
    0.008182668410157374,
    0.008028916023658647,
    0.00787829875819385,
    0.007730887779524571,
    0.007586772115276071,
    0.0074459356540125185,
    0.00730829180495083,
    0.007174167719929975,
    0.0070430981246513555,
    0.0069151367197367395,
    0.006790443489555041,
    0.0066691702396374265,
    0.00655104428504932,
    0.006436173039222942,
    0.006324584487794223,
    0.006215631499342868,
    0.0061096959271037775,
    0.006006582512697707,
    0.005906398208140904,
    0.005808813232695177,
    0.0057141484154531914,
    0.00562201066415201,
    0.005532211083777741,
    0.005444783976731489,
    0.0053595216177680415,
    0.005276341104859551,
    0.005194988404098283,
    0.005115154413937142,
    0.005036735890870889,
    0.004959782442812182,
    0.004884307782243378,
    0.004810190134529611,
    0.004737822828425205,
    0.004666885474569561,
    0.004597400796760502,
    0.004529182888494062,
    0.004462181318222474,
    0.004396099883141705,
    0.004330814089929995,
    0.004266864245335827,
    0.004204154304000142,
    0.004142469065982554,
    0.004081985581753559,
    0.0040228542065898175,
    0.003965189292602519,
    0.003908839657702865,
    0.003853561630012015,
    0.003799303539941097,
    0.003745672969158785,
    0.0036929299404647787,
    0.003640929779848704,
    0.003589702618018416,
    0.0035392879608043704,
    0.0034895866820552055,
    0.0034405362768886415,
    0.003392296540567157,
    0.0033446844580636514,
    0.00329783221616127,
    0.003251574839015947,
    0.0032060726402129516,
    0.003161197565057626,
    0.003117390445291761,
    0.003074589398209144,
    0.0030329755208727822,
    0.0029923373293701825,
    0.0029526218054777937,
    0.0029140666932529515,
    0.002876685253875046,
    0.002840359097238126,
    0.0028048186130753537,
    0.002770245573815671,
    0.0027366526543993993,
    0.0027039013883923824,
    0.0026718148487958806,
    0.002640565744467863,
    0.0026098914034167983,
    0.0025796323904816636,
    0.0025496665663485947,
    0.0025200139464536075,
    0.0024905803449233113,
    0.0024614141767141688,
    0.0024326118038963326,
    0.002404088449512717,
    0.0023757493861054735,
    0.002347623973549947,
    0.0023196649927360335,
    0.00229195940858826,
    0.0022644696409118495,
    0.002237244533885831,
    0.0022103427865943336,
    0.0021837172858838604,
    0.0021573400129210464,
    0.0021312021521787635,
    0.0021054787045426495,
    0.0020801517170028483,
    0.00205508676823319,
    0.002030294469704878,
    0.0020056979916418844,
    0.0019813758675464805,
    0.0019572900706285824,
    0.0019333536253250726,
    0.0019096842399194622,
    0.0018863903891466155,
    0.0018634929525143313,
    0.0018408659081834656,
    0.0018187750991271402,
    0.0017971241655434832,
    0.0017760031462205157,
    0.0017553252806607783,
    0.0017352695409256504,
    0.0017155716555338008,
    0.0016963119164885411,
    0.001677343487524369,
    0.0016586079726380733,
    0.0016400665315482073,
    0.0016218091830022077,
    0.00160377729996308,
    0.0015859418285409023
  ],