{
  "success": true,
  "x0": [
    0.28451464582704045,
    0.20230669207428847,
    0.513178662098671,
    0.41695000125629433,
    0.41595000125629433,
    0.2782695323510524
  ],
  "x": [
    0.19569842899903248,
    0.8043015710009676,
    4.523155938337964e-19,
    55.08442759494686,
    8.417284234088227,
    0.2782695323510524
  ],
  "SSE": 0.0024981727918658055,
  "exp_data": [
    1.0,
    0.9157548725856088,
    0.8332245661124137,
    0.7553000214346229,
    0.684469516358446,
    0.6213825506680406,
    0.5657511198285202,
    0.5168333669731949,
    0.4737567680664828,
    0.4357602707106602,
    0.40221722981113944,
    0.37257306977908206,
    0.34632403270828643,
    0.32299627824903465,
    0.3021823780205087,
    0.28354649039977187,
    0.2667964351917702,
    0.2516838287829693,
    0.2380045495741375,
    0.22557747453115662,
    0.2142648603051649,
    0.20393480964927785,
    0.19448221137145053,
    0.18579915064481203,
    0.17779989094965765,
    0.17042392448480329,
    0.1636096648362933,
    0.15730637537491227,
    0.1514575225748533,
    0.1459904753352245,
    0.14087560940846902,
    0.1360790643718592,
    0.13156692912568488,
    0.127307466472805,
    0.12327558592537605,
    0.11946278057596618,
    0.11585588768308716,
    0.11243413037842669,
    0.10918191928446105,
    0.1060926324885382,
    0.10314838128451458,
    0.10033502813282776,
    0.09764954163365697,
    0.09509884475841064,
    0.09266636423273132,
    0.09034677978116874,
    0.08814047505523016,
    0.08603212567188818,
    0.08400100344902874,
    0.08203585981558807,
    0.08012296974597864,
    0.07826067288024496,
    0.07644261702797119,
    0.0746707571457313,
    0.07294225058036106,
    0.07126257320041686,
    0.06963129012124514,
    0.06804493610605658,
    0.06650236183813903,
    0.06501137888882369,
    0.06357144438931182,
    0.06217555641198116,
    0.060826310022162114,
    0.0595110430622995,
    0.05823156869702955,
    0.05698712641655943,
    0.055778286705086534,
    0.05460493193423767,
    0.053470902061935825,
    0.052369164354652276,
    0.05129050585688217,
    0.05022338298044494,
    0.04917139514411435,
    0.04813865218848408,
    0.0471157603967232,
    0.04610225733296697,
    0.04510583994404451,
    0.044140863548421096,
    0.04321165285346783,
    0.042318493684788606,
    0.0414666036234309,
    0.04065299187353348,
    0.039874748057758015,
    0.039134261498924024,
    0.038424763489755404,
    0.037750363793738126,
    0.03712027157471182,
    0.03652757854067995,
    0.03596869616485252,
    0.03544866217970325,
    0.03495483677389429,
    0.03449257673525258,
    0.03405946272511366,
    0.03364851875709369,
    0.03324815224188078,
    0.032853988047376215,
    0.032468443395476006,
    0.03208890287882633,
    0.03171729789117934,
    0.03135496138788076,
    0.030998092941402343,
    0.030635707439179854,
    0.0302639398564494,
    0.02987068431021478,
    0.029453809824689654,
    0.029028128987674245,
    0.028603633741751743,
    0.028181348168053882,
    0.027766165888628402,
    0.02734487826315608,
    0.026915564931923815,
    0.02647306892932016,
    0.026019053335323568,
    0.02556402268516922,
    0.025113524977997966,
    0.02466771690689377,
    0.02422448317634822,
    0.023792085052507562,
    0.02337402407124191,
    0.022976251843972978,
    0.022604942145600555,
    0.022248518494396553,
    0.021901273355999788,
    0.02156155744840766,
    0.021241007205902347,
    0.020939447427640825,
    0.020658285280717066,
    0.020391881255553312,
    0.020129018818944737,
    0.019870684891681055,
    0.019612327768000377,
    0.0193462525392218,
    0.019072280195946454,
    0.018785182127794443,
    0.018491302363254192,
    0.018196722771267222,
    0.017899653486841128,
    0.017608842850512754,
    0.01731558744675882,
    0.017018561542968744,
    0.016721431592846857,
    0.01642014992692065,
    0.016118284987139797,
    0.01581369102373133,
    0.015513092407803512,
    0.015224754733265997,
    0.014946638019220367,
    0.0146733724495701,
    0.014408767876377276,
    0.014154778853593872,
    0.0139122191682139,
    0.013671524509203779,
    0.01343546880710411,
    0.013199717123418586,
    0.012966703766890249,
    0.012746720585753896,
    0.012540759871944635,
    0.012346899436804904,
    0.012160795134140485,
    0.011975963804208267,
    0.011793131529013188,
    0.011619875652431277,
    0.011455486571926514,
    0.01129718547643467,
    0.011149245604590787,
    0.011008214637047915,
    0.010869547203295239,
    0.010737561885699139,
    0.010597725922367192,
    0.010456343206233126,
    0.010319341177125976,
    0.010200156915808455,
    0.010096775286382944,
    0.010015178814575762,
    0.009948024285225227,
    0.009885197929298336,
    0.009820268962632743,
    0.009752576559000508,
    0.00968129759017131,
    0.009604192650709076,
    0.009524567561599508,
    0.009450037509044714,
    0.009375328046564829,
    0.009302546419644163,
    0.009234843655759084,
    0.009163670429691491,
    0.00909661545041147,
    0.009033250337864987,
    0.008969780561050184,
    0.00890139586805751,
    0.008828619659919325,
    0.008743936609202847,
    0.008647600161927105,
    0.008551930611721818,
    0.008462294796681346,
    0.008378550288144857,
    0.008303363368783073,
    0.008231674423601749,
    0.008177846868753924,
    0.008150257410998016,
    0.008146692956704627,
    0.008154079493810498,
    0.0081633806607576,
    0.008168047715289693,
    0.0081670458654365,
    0.008165489634545737,
    0.00817496063032079,
    0.00819857450607212,
    0.008234899158660205,
    0.008272832311003727,
    0.008305108497479797,
    0.008324207918082699,
    0.008327754414191299,
    0.0083125042719684,
    0.008288934632593193,
    0.00825678404655303,
    0.008222720932615012,
    0.00818532196788631,
    0.008143955242181138,
    0.008104518166991481,
    0.008070631878886899,
    0.008041457800848402,
    0.008003717777069439,
    0.00795313861369005,
    0.007890447540284493,
    0.00783037979515313,
    0.007772586529156192,
    0.007724896453006547,
    0.007689639841954538,
    0.007655656029476806,
    0.007621648018142492,
    0.007583390349362989,
    0.00753778393333717,
    0.007473302856813683,
    0.007390235670448125,
    0.007297492255677234,
    0.007206083497917203,
    0.0071230013976880165,
    0.007048039091052287,
    0.006980796226912297,
    0.006921859799559613,
    0.006866692972076983,
    0.00681317644216095,
    0.006760899941179008,
    0.006713623907646513,
    0.00667774920181759,
    0.006659992327346066,
    0.006651661075565191,
    0.006651312917196203,
    0.006657006058502766
  ],