{
  "x0": [
    0.3888875725637173,
    0.13429446410126633,
    0.4768179633350164,
    0.9244181899456076,
    0.7580984456560033,
    0.7525227830620775
  ],
  "x": [
    0.17806439984508812,
    0.8142625625072122,
    0.007673037647699748,
    51.23119465745227,
    8.245412093293789,
    0.7525227830620775
  ],
  "SSE": 0.010100087635909055,
  "a1": 0.17806439984508812,
  "a2": 0.8142625625072122,
  "a3": 0.007673037647699748,
  "a": 51.23119465745227,
  "b": 8.245412093293789,
  "c": 0.7525227830620775,
  "exp_data": [
    1.0,
    0.908441098209722,
    0.8190606663664547,
    0.7355805564928555,
    0.6612339093820493,
    0.5966493915645105,
    0.5411169219068981,
    0.49331095172491324,
    0.45174443700562805,
    0.4152316542881349,
    0.3829518975345996,
    0.3542938156071542,
    0.3287987918553065,
    0.30606934528092306,
    0.28573212223101824,
    0.26747043704443313,
    0.25099805523957214,
    0.23607831654518507,
    0.22253443198520162,
    0.2102088960437477,
    0.19897308918279377,
    0.18870090645902496,
    0.17930564808215954,
    0.17068316428262273,
    0.1627302610261634,
    0.15540127258035896,
    0.14865539531826003,
    0.14244967974043377,
    0.1367243596475145,
    0.13136704668037028,
    0.12634409966139729,
    0.1216140450725251,
    0.11714527833031392,
    0.11290944437479973,
    0.10889601140671874,
    0.10509877795835137,
    0.10152769244609919,
    0.09817234190946168,
    0.095016195587996,
    0.09205515622600742,
    0.08925880351205996,
    0.08660662308917985,
    0.08407603648659166,
    0.0816780145098434,
    0.07939518084432137,
    0.07721389982584329,
    0.07514639836047848,
    0.07316155489071378,
    0.07123179528824279,
    0.06935645544516583,
    0.06751983817304442,
    0.06571276073565309,
    0.06391504666595085,
    0.06212948300375464,
    0.06036069738606266,
    0.05862680347524607,
    0.05693168526183616,
    0.055288786485457854,
    0.0536921432813594,
    0.05215700438175103,
    0.05069616904005385,
    0.049301227456723745,
    0.047970336205345736,
    0.046682824612077255,
    0.04544496791278246,
    0.04426809701844779,
    0.04315136346389522,
    0.04209061830450328,
    0.041082460240839176,
    0.040111143194433,
    0.03913855044105014,
    0.03816710377919016,
    0.03721157461865179,
    0.03627642226302226,
    0.035360663746495304,
    0.034461243446987824,
    0.03357581768431484,
    0.03274222518118203,
    0.031962031955269414,
    0.031226002795536546,
    0.030540771250463537,
    0.029903623191971897,
    0.029300137432018935,
    0.02874803508338256,
    0.0282381034150789,
    0.02776563232149245,
    0.02734913759898929,
    0.0269852282172706,
    0.026682747610911814,
    0.026426750300428035,
    0.026190646956711906,
    0.02597785375167284,
    0.025783599663432834,
    0.02560238657348166,
    0.025420123023735034,
    0.025235685529359557,
    0.025062142007500437,
    0.024885380494907294,
    0.02472544946382666,
    0.024582361861060307,
    0.02443382747490061,
    0.02426182487830277,
    0.024059768128433114,
    0.023814108836376958,
    0.023529143354185617,
    0.023224546896792393,
    0.02290728324942501,
    0.022572447872889773,
    0.02222087673459209,
    0.02184507721542675,
    0.021443705884127754,
    0.02101530951580557,
    0.02054554172693224,
    0.020054278462582693,
    0.019559515973553286,
    0.019073912931129422,
    0.01861794135497557,
    0.018192703467208644,
    0.017814249862643586,
    0.01749344558779391,
    0.01722399481753739,
    0.0169743120731173,
    0.016736667671309255,
    0.01650335790515368,
    0.016281433291311865,
    0.016056840039785143,
    0.01582356832762529,
    0.015604359211492301,
    0.015377314339109256,
    0.015147444005144905,
    0.014907146073818125,
    0.014653221887819347,
    0.014384214023941124,
    0.01410122065591119,
    0.013800789027179105,
    0.013476953197266859,
    0.013137514590340241,
    0.012814870224587566,
    0.01251047698543251,
    0.012244788235591289,
    0.012004730189747221,
    0.011772664075000846,
    0.011540887228276392,
    0.01130492969604123,
    0.011069970374454592,
    0.010854041368367762,
    0.010662375915683035,
    0.010492628362005074,
    0.010351431880722359,
    0.010241668722839112,
    0.010163527042339736,
    0.010093298497276549,
    0.010015736133754664,
    0.009928032556745929,
    0.009833716356172046,
    0.009750271401983424,
    0.009665725280593736,
    0.009573109433904622,
    0.009464997405766435,
    0.009341319850386809,
    0.009199541613879205,
    0.009050406720500682,
    0.00888886007352258,
    0.008724254871910093,
    0.008573131747954902,
    0.00844595051055678,
    0.008337634484833933,
    0.008256712092677528,
    0.008176703338938841,
    0.008098578687223738,
    0.008031727139259058,
    0.008005505473969414,
    0.008036273047639103,
    0.008133465631827973,
    0.008293721566561921,
    0.008510905568130533,
    0.008765075892890939,
    0.009043940459361079,
    0.00933224331991543,
    0.009608131916657395,
    0.009860673417413571,
    0.010072883966473208,
    0.01023327617669822,
    0.010362022128624374,
    0.010463678909189636,
    0.010527062265652259,
    0.010577444116666673,
    0.010628768772221306,
    0.010685669065871086,
    0.010741870310859452,
    0.010795029627088185,
    0.010827031751141742,
    0.010835027037506184,
    0.01084413652509882,
    0.010864243935863181,
    0.010899087057233242,
    0.010952264525418327,
    0.011018724961064428,
    0.01112661970507101,
    0.011283011962066594,
    0.011488959980943791,
    0.011731248810359429,
    0.011977096930075296,
    0.012207164617136612,
    0.012425210848138928,
    0.012645736238939208,
    0.01286883307238892,
    0.013100908868120938,
    0.013336755375849082,
    0.013563822072373442,
    0.013767530559355399,
    0.013934862232264866,
    0.014061922007427221,
    0.014140428411159372,
    0.0141893005957152,
    0.014213092460492162,
    0.014226154158942976,
    0.014230298191942364,
    0.01422762187445771,
    0.014234396957491442,
    0.014239385490541686,
    0.014254205954337889,
    0.014240355697315733,
    0.014196773744196527,
    0.014119084545028878,
    0.014036531670231842,
    0.013963859890332856,
    0.013895482004925772,
    0.01384508904389581,
    0.013799998981648591,
    0.013747697968795505,
    0.013682902786892,
    0.013611202169677266,
    0.013513828019531524,
    0.013402176270424018,
    0.013301970615507005,
    0.013224012925087207,
    0.013168663222242664,
    0.013134726636738574,
    0.01312768304040565,
    0.013158787561378038,
    0.013207277581242271,
    0.01325834118844349,
    0.01331446176872368,
    0.013376983369653416,
    0.013456079567539003,
    0.013552379912542586,
    0.013643208095845655,
    0.013733742901052674,
    0.013831326451827537
  ],