{
  "success": true,
  "x0": [
    0.46311947052745767,
    0.07271998228618758,
    0.46416054718635485,
    0.8582309234618876,
    0.3686591437019787,
    0.9822838287327459
  ],
  "x": [
    0.07860817981712907,
    0.8252360991943106,
    0.09615572098856032,
    453.84362672135023,
    2.5568537907495106,
    0.9822838287327459
  ],
  "SSE": 0.014660279943899516,
  "exp_data": [
    1.0,
    0.6694322505277372,
    0.4236367833245021,
    0.30005937762382445,
    0.23453635587532962,
    0.19472078606507323,
    0.1690869354577503,
    0.151611867092353,
    0.1390479148384112,
    0.12950006051328514,
    0.12188048675264974,
    0.1155606553393701,
    0.11018158397641685,
    0.10554377456907087,
    0.1015491500395125,
    0.09808444788915052,
    0.09510704045060951,
    0.09249471726618122,
    0.09019548279191703,
    0.0881287019256057,
    0.08632044073315229,
    0.08469815257366861,
    0.08324041366641313,
    0.08189711067022876,
    0.08063757956996061,
    0.07948041652292007,
    0.0784430411449672,
    0.07749078993773388,
    0.07660485546333456,
    0.07572061719045643,
    0.07493969659825996,
    0.0742412421207092,
    0.07359358356581001,
    0.07296170526252875,
    0.07236978831713577,
    0.07180812595725687,
    0.07127668773315748,
    0.07077926655655145,
    0.07027401882529447,
    0.06980357701577992,
    0.06935507907708213,
    0.0689301255121175,
    0.06847656769641103,
    0.0680595865730202,
    0.06766925049071065,
    0.06728339065686818,
    0.06695593650342578,
    0.06665745741655477,
    0.06633041945321973,
    0.06604037046751117,
    0.0657493424715336,
    0.06548017409578394,
    0.0652360849637185,
    0.06499467359039368,
    0.06473557225279414,
    0.06449040735300164,
    0.06427927409767843,
    0.06405609928079653,
    0.06379444173520071,
    0.06356273056367016,
    0.06333079449536035,
    0.06306718765269528,
    0.06281668028954455,
    0.06256281236640447,
    0.062335564965204135,
    0.06212565772677664,
    0.061931365102729626,
    0.061727212280955346,
    0.061550557595396536,
    0.06137116018296472,
    0.06121713936157181,
    0.06101648235336735,
    0.06083135304308718,
    0.06068833276975587,
    0.060552956423797696,
    0.06038776790678737,
    0.060215521319138744,
    0.06007148212361484,
    0.059924591974936506,
    0.05973441531067597,
    0.059569184269992956,
    0.05943448267709648,
    0.05929951644452893,
    0.05918431090900613,
    0.05904327855866303,
    0.058931018723748944,
    0.05885392150207745,
    0.058756130282055466,
    0.058622116518957115,
    0.0585181990663704,
    0.05840384926625999,
    0.0583156885008145,
    0.058239232507587765,
    0.058144995904446814,
    0.05801515139061346,
    0.057902121856822544,
    0.057788348598343586,
    0.05770262455824082,
    0.05759864952132018,
    0.05752065172813327,
    0.057458044377209846,
    0.057378443980249556,
    0.057331544538788706,
    0.057247508000048124,
    0.05714397851210398,
    0.05704237896323317,
    0.056917646800757574,
    0.0568241446079959,
    0.05675337188256369,
    0.05665452704087414,
    0.05657417173728961,
    0.05649521624775169,
    0.05642104192589436,
    0.05632718853169554,
    0.05624159897095968,
    0.05613807456738005,
    0.05604930833393284,
    0.05595015018010682,
    0.05588449950464767,
    0.05585720676186678,
    0.05582019842146603,
    0.055759726339567994,
    0.055680034601832795,
    0.05560150337626988,
    0.05554023129982186,
    0.05551230841131809,
    0.05551989511491233,
    0.055514873941628594,
    0.05545236210157607,
    0.05537052820701401,
    0.05535677849012277,
    0.0553166959644594,
    0.055272904461690475,
    0.055181324071311044,
    0.0551007680297688,
    0.055055392547094927,
    0.05497234356427322,
    0.05490928871769762,
    0.054833352423670344,
    0.054769654712581155,
    0.054738043595248136,
    0.05466977046351247,
    0.054604697407809794,
    0.05453104120700624,
    0.05448204841629256,
    0.05446402203991372,
    0.054460610826276255,
    0.054399412041684504,
    0.054335803034189084,
    0.05429192798500112,
    0.05430292983448544,
    0.05427608828181073,
    0.054239782856410616,
    0.05417245944230823,
    0.05407522691498089,
    0.053985164123052834,
    0.053934703415596155,
    0.053915231993589,
    0.05389676519508557,
    0.053876950302715124,
    0.053868408933740265,
    0.05384217214602803,
    0.05382683128546607,
    0.0538219313129925,
    0.05383086705650828,
    0.05385145556957024,
    0.053868192146530616,
    0.05392058241457162,
    0.05392569790688598,
    0.05390722860873175,
    0.05386394868480248,
    0.05384137782489428,
    0.05379889888694803,
    0.05379213437699764,
    0.053795548246890236,
    0.05376398172901389,
    0.05374104119181853,
    0.05374299758390634,
    0.053750556504939366,
    0.0537402003083438,
    0.053700564473298344,
    0.05368000691180973,
    0.05366391734148061,
    0.05363860465415539,
    0.0536342302682506,
    0.05362399718357978,
    0.053597179603063,
    0.05355011756486807,
    0.053519139467300865,
    0.053483613503579844,
    0.053451823677070236,
    0.05343101882546005,
    0.05337699152663423,
    0.05333643652030385,
    0.05330403493822516,
    0.053285857481899075,
    0.053290218734343274,
    0.053251520668513824,
    0.053214369113616766,
    0.05318135399879179,
    0.053169283967607624,
    0.05313009238054948,
    0.05307916807653617,
    0.05308232811989766,
    0.053069450131823105,
    0.05305989608214204,
    0.053067541334530836,
    0.053086331319996724,
    0.05308889577281082,
    0.053074061661149245,
    0.05305091001043141,
    0.05303893433171868,
    0.05302457384444648,
    0.05301996377543836,
    0.05303274474159138,
    0.0530118699942221,
    0.052994507109699635,
    0.05296928124710425,
    0.05293332208820547,
    0.05293151280871656,
    0.05291948890852743,
    0.052899444649227315,
    0.05287589884201442,
    0.052859461568802286,
    0.05281377471117534,
    0.05280113167254873,
    0.05278853016144918,
    0.05277230867016167,
    0.05275784116806356,
    0.052756458815193995,
    0.05272851038670735,
    0.05267198438985505,
    0.05262438988912528,
    0.05259477186785564,
    0.05257513132819411,
    0.05254685055298123,
    0.05252582614427839,
    0.052512530930328094,
    0.05248468309919168,
    0.052459729024246504,
    0.052466457891416275,
    0.05248274362376436,
    0.05248679415460325,
    0.0524442649087839,
    0.05238986420063585,
    0.052339029143254105,
    0.052356375424066695,
    0.05233109596142053,
    0.05227356044696867,
    0.052232520107392134
  ],