{
  "x0": [
    0.21334177020511938,
    0.4282793888945875,
    0.3583788409002932,
    0.5881251858650558,
    0.5881251858650558,
    0.6144989683818085
  ],
  "x": [
    0.8139945169546625,
    0.07597470488418123,
    0.11003062217034111,
    2.385888509446239,
    482.2290304014905,
    0.6144989683818085
  ],
  "SSE": 0.01607877297851302,
  "exp_data": [
    1.0,
    0.6445506696515326,
    0.38978629331635206,
    0.2733261218291381,
    0.2152857278681807,
    0.18067035827196198,
    0.15857481437429002,
    0.14331930606216775,
    0.13210464168669406,
    0.12335688929717044,
    0.11627824171920723,
    0.11042265821688514,
    0.10549594280121026,
    0.10121650616024602,
    0.09751725579879092,
    0.09425436949750361,
    0.09149713294546737,
    0.08906635949234903,
    0.08684046982673362,
    0.08482707053592477,
    0.08309382243716165,
    0.08161477899364769,
    0.08029737231527564,
    0.07908848687917693,
    0.07797923178746842,
    0.07694893447260642,
    0.07601795680342995,
    0.07511415354492655,
    0.07424393014936233,
    0.0733804712737495,
    0.0726628164771165,
    0.0720059395558846,
    0.07141704054189235,
    0.0708931625116499,
    0.07034999425807222,
    0.06981843759387918,
    0.06928902290610035,
    0.06877603897671397,
    0.06824864676580096,
    0.06782185266777284,
    0.06739819850446929,
    0.06700046693142478,
    0.06655775810848061,
    0.06616815535607676,
    0.06580369088425293,
    0.06544830993119012,
    0.06511822769962149,
    0.0648265310824279,
    0.06459192840985889,
    0.06439400056491379,
    0.06412403766468866,
    0.06390205540442294,
    0.06371174884159932,
    0.063509128257355,
    0.06324587713891694,
    0.06300499212291977,
    0.06280666234964773,
    0.06254850202429635,
    0.06224590878476963,
    0.061999910916220084,
    0.06175545858727968,
    0.06149795976922787,
    0.06122372007208507,
    0.060921451306548975,
    0.06060491671522098,
    0.060370965848183696,
    0.060176697946378775,
    0.05996768155666381,
    0.0597829641570415,
    0.05955895564268132,
    0.05942595444119544,
    0.05923630384424033,
    0.05903553426278247,
    0.058904136944350094,
    0.05878765779000512,
    0.05865256713701876,
    0.058496678300132776,
    0.058375420621305615,
    0.05823553675990562,
    0.05803856259644546,
    0.05784123514022819,
    0.05769491033792286,
    0.057593188828386314,
    0.05752447716276716,
    0.05740018737858005,
    0.05730767046700309,
    0.057249852699142144,
    0.05716133192652752,
    0.05697820663910903,
    0.056838907330809464,
    0.05672108235151213,
    0.056670086730584476,
    0.05666749173756938,
    0.05660358286315176,
    0.05650827778398257,
    0.05637454759098379,
    0.056213535374164854,
    0.0561807505559027,
    0.056057556715246405,
    0.05592222107620372,
    0.055849309961226494,
    0.055752060889087865,
    0.05566385578237252,
    0.05554513518432587,
    0.055449952041070484,
    0.05534909181811149,
    0.05522790524377515,
    0.055166482792236606,
    0.055093288460211366,
    0.05494986898601238,
    0.05486431408301464,
    0.05477765217611818,
    0.05471474920914151,
    0.05460335912454996,
    0.05446137268355721,
    0.05434912407763301,
    0.05425989386184396,
    0.054123053290892655,
    0.05403666064263266,
    0.05401121075544622,
    0.05400526293997118,
    0.054022479531098705,
    0.05401005698417878,
    0.053964449052169745,
    0.053894932005623356,
    0.05383412626328304,
    0.053877482404102214,
    0.05389016874008332,
    0.05381571035074895,
    0.05372032555754742,
    0.053758479623936616,
    0.053769899600307966,
    0.05379383521290573,
    0.05373474918917767,
    0.053640073437563836,
    0.053603330810980884,
    0.05352982111924862,
    0.053458548058682324,
    0.053378432602969414,
    0.053259055625384195,
    0.05318696288557304,
    0.05308853803485914,
    0.05304318491271466,
    0.05299542047692099,
    0.05299999611916897,
    0.05305672453382841,
    0.05313533124843382,
    0.05312993479815377,
    0.05308922605939881,
    0.0530355220979288,
    0.05307872630352497,
    0.05305363871460492,
    0.053033990186874255,
    0.05295323924697589,
    0.05285140390793851,
    0.05272729757813697,
    0.05267172672853791,
    0.05269408155743748,
    0.05272828660285279,
    0.052729260202831224,
    0.05272894945984132,
    0.052664785409722505,
    0.05265036777660472,
    0.05268605299875715,
    0.05277329357421217,
    0.05281204262337733,
    0.05285878657028335,
    0.052948292891551806,
    0.05299877926347441,
    0.05306571795738556,
    0.053065910127479694,
    0.0530599379688734,
    0.05303578264305145,
    0.053051904596139315,
    0.05310727354853718,
    0.0531070940805401,
    0.053129289188418305,
    0.05324980867812359,
    0.05333322924210166,
    0.05338074298981515,
    0.05341355499811041,
    0.05342401481532534,
    0.053436967252493854,
    0.053395552387838205,
    0.05339062541277687,
    0.05340035333994755,
    0.05333994636317705,
    0.05324758329236546,
    0.05320100095388395,
    0.05318211727327405,
    0.05309920553644332,
    0.05302924794564525,
    0.05293980738225332,
    0.0528774079999222,
    0.05285748827971464,
    0.052848343765338784,
    0.052875722693017074,
    0.05283356497485973,
    0.05278390319029505,
    0.05277627674931825,
    0.05282665025575221,
    0.052806537653529946,
    0.05277781450677068,
    0.05282905096518824,
    0.052849230089145945,
    0.052844646709597515,
    0.0529049030103716,
    0.052977067588976544,
    0.05303883128782656,
    0.05307208246942996,
    0.05303743638483429,
    0.053007643129370986,
    0.05298947108353327,
    0.0530159622954136,
    0.053125615616386186,
    0.053159323131782926,
    0.0532081538830811,
    0.05321580233579384,
    0.05319945643952666,
    0.05322444101375359,
    0.053268281158155684,
    0.05323734160043324,
    0.05322090751050929,
    0.053190896646385474,
    0.053108630510312047,
    0.053112626656084204,
    0.05313765433977458,
    0.05316543269371205,
    0.05318262389358229,
    0.05312131789047473,
    0.05309556484793709,
    0.05306519144640431,
    0.052955088590221175,
    0.05285329383137472,
    0.052746803453279915,
    0.052623951559847504,
    0.05256177439194871,
    0.05255571492130522,
    0.052596772198178314,
    0.052651501175329234,
    0.052678020992845326,
    0.05271537550766336,
    0.05273553287991445,
    0.052688714650242774,
    0.052651754072559113,
    0.05257037254765289,
    0.05255322660045365,
    0.05254850369146747,
    0.052537185797113244,
    0.05251447369298204
  ],