{
  "success": true,
  "x0": [
    0.5762268913862726,
    0.0920299988816598,
    0.33174310973206766,
    0.9190170601452438,
    0.9180170601452438,
    0.2133250743446935
  ],
  "x": [
    0.07739490500606427,
    0.8122654559982443,
    0.11033963899569145,
    515.7927851795664,
    2.363221528097183,
    0.2133250743446935
  ],
  "SSE": 0.015831370148541232,
  "exp_data": [
    1.0,
    0.642603047134734,
    0.38710641257223105,
    0.2717598216694794,
    0.2144316880159506,
    0.18040693211477155,
    0.15875773092138934,
    0.143896600406862,
    0.13300442760469583,
    0.12455297241147617,
    0.11768786937468245,
    0.11191508700976734,
    0.10692139071993713,
    0.1026862645947027,
    0.09902772571162781,
    0.09578889299400062,
    0.0929912398495458,
    0.0905385379007521,
    0.08844313675712,
    0.0865698669361015,
    0.08489905168549962,
    0.08336223778446485,
    0.08200923235762711,
    0.08077375783728462,
    0.07957394701525194,
    0.07844819168852375,
    0.07746992991528845,
    0.07662414096227775,
    0.07581197744047845,
    0.07491717702398605,
    0.07408389668894669,
    0.07334457908578954,
    0.07269049315729521,
    0.07204972519934046,
    0.07148539580768505,
    0.07092666150543044,
    0.07040741190257002,
    0.06997018005738029,
    0.06953367460780398,
    0.06912466490325642,
    0.0687087834640391,
    0.06831305069932266,
    0.06785907367003037,
    0.06743746190910123,
    0.06705915404079105,
    0.06667713617384574,
    0.06639766424840854,
    0.06615839661255789,
    0.06580302587019128,
    0.06547652567608193,
    0.06519561342194155,
    0.06493830919210034,
    0.06471123504757632,
    0.06447820906106748,
    0.06420788838507321,
    0.063948107631748,
    0.0637467559914092,
    0.06362649664755043,
    0.06342269303647392,
    0.06320489742697735,
    0.0630007486712001,
    0.06273575193000952,
    0.06251294365704094,
    0.06228818327900187,
    0.06212875804357952,
    0.06193842078127213,
    0.061726388819050494,
    0.06151979933895335,
    0.06136978506226807,
    0.06123805022946563,
    0.061088482072563,
    0.06087562210001208,
    0.06072462620234576,
    0.06062383529181811,
    0.060537923991463,
    0.06040529463559837,
    0.06026546851942049,
    0.06018115488275546,
    0.06008614248913456,
    0.05993590422766113,
    0.059816721778176735,
    0.05975185984546783,
    0.05962023549137173,
    0.05949091197688639,
    0.05936055696118617,
    0.05923815222949071,
    0.059181575770845485,
    0.05907844892424757,
    0.05899684205005574,
    0.05895206893383365,
    0.05884609716418533,
    0.058749469600167074,
    0.05864107052855248,
    0.05856019186056091,
    0.058443425769141,
    0.05837636066862714,
    0.05832110572406791,
    0.058240339009235156,
    0.0581883411437588,
    0.05817764768136303,
    0.05813885183375511,
    0.05805936132905943,
    0.058041152423750686,
    0.05796046112434616,
    0.05783210668200757,
    0.05773181762513292,
    0.05760267076852726,
    0.05747028706572633,
    0.05739685864207117,
    0.05734661857269214,
    0.057322113942395565,
    0.05731204510828486,
    0.05729927007495554,
    0.05726678156867057,
    0.05724700215423727,
    0.05716372019080485,
    0.05711172517314687,
    0.057056070623480566,
    0.05705956359416615,
    0.05711529722731873,
    0.05713260212311274,
    0.05707399668670649,
    0.05695853295455715,
    0.05684778364502883,
    0.05680231765110407,
    0.05680983013678216,
    0.05680242545630206,
    0.056824124693355384,
    0.05676229171099394,
    0.05669249607623452,
    0.05665231978706876,
    0.056552663289277494,
    0.05644995548023817,
    0.056332862958009364,
    0.0562726409482717,
    0.05624208976597956,
    0.056164156913845555,
    0.056136446773705675,
    0.05610111959335271,
    0.05613431390439337,
    0.05616929184507378,
    0.05613341555359884,
    0.05607032612141524,
    0.05600398103287624,
    0.055956751500176566,
    0.05592080135219131,
    0.05591852398992492,
    0.05583487579630811,
    0.055765500386532996,
    0.05575930857378808,
    0.05583819176692582,
    0.05584131925570729,
    0.05577204767361008,
    0.0556752472636809,
    0.055559316920648735,
    0.055510853814151995,
    0.05552268902120787,
    0.055519749197032627,
    0.05548729624610738,
    0.05546632189833419,
    0.05544610693332715,
    0.05546890026129697,
    0.055504329378207845,
    0.05552309303434775,
    0.055514084790258225,
    0.0555566453251272,
    0.05559420819080975,
    0.055670823562120456,
    0.055688010439671067,
    0.05566199334866479,
    0.055615802598368375,
    0.05559350247419163,
    0.055537618872242456,
    0.05555125809348103,
    0.05555065295965734,
    0.055525970865210605,
    0.05546855444796918,
    0.055399095275423985,
    0.05538595403509741,
    0.05539621681948161,
    0.05536644983510277,
    0.05537369833245858,
    0.05535498365146334,
    0.05534531239351539,
    0.05534966462546774,
    0.05533548778689995,
    0.0553591326644395,
    0.05538288452371028,
    0.05539799639608558,
    0.05539337845366244,
    0.05542787683831657,
    0.05544517589066544,
    0.05536653451707348,
    0.05530345912404798,
    0.055232366110332325,
    0.055208828220703846,
    0.0552402674173838,
    0.05523208607906192,
    0.05527086378462867,
    0.055271477796584756,
    0.055258563983910665,
    0.05523232006590262,
    0.05518875527995961,
    0.055193717929909285,
    0.05520710782918071,
    0.055229610007593126,
    0.05523737779352864,
    0.05522784151867563,
    0.05518635104273658,
    0.05513735960255591,
    0.0550997691499438,
    0.055077698798213004,
    0.055071011848887234,
    0.05506728253022879,
    0.055066463989338635,
    0.05503723467367872,
    0.055010257070384545,
    0.05495202519968133,
    0.054900782911962605,
    0.0549135726378276,
    0.054869155327326904,
    0.054837381172634266,
    0.0547959321139116,
    0.05479468086330994,
    0.05473337939612011,
    0.05468393413660608,
    0.0546607401941832,
    0.05462696987855734,
    0.054593025807300036,
    0.05462689665894771,
    0.054584766609937774,
    0.054486724244934344,
    0.05446041457882252,
    0.0544755373936954,
    0.05449957740189155,
    0.05454099208184055,
    0.054554375133947945,
    0.0545328956024006,
    0.05446778144129818,
    0.05439824416560742,
    0.05440421966929372,
    0.05440143040105587,
    0.0543897478427185,
    0.054352189229028014,
    0.054299219517996766,
    0.054315269633532504,
    0.054422077089068946,
    0.054392748145193404,
    0.054278015930106525,
    0.05421683260614105
  ],