{
  "success": true,
  "x0": [
    0.41706079804224044,
    0.3044688039418071,
    0.2784703980159524,
    0.8831054081995413,
    0.16422241872474522,
    0.8065897209245151
  ],
  "x": [
    0.8185147486263495,
    0.17363721702555143,
    0.007848034348099227,
    51605.37507147708,
    12.945514772177706,
    0.8065897209245151
  ],
  "SSE": 0.0012928483325034866,
  "exp_data": [
    1.0,
    0.9858586406236314,
    0.972323407987837,
    0.9595591983134717,
    0.9476302134646962,
    0.936523579503744,
    0.9262291154502147,
    0.9167747327502429,
    0.9082111183201604,
    0.9005724711302756,
    0.8938213960366755,
    0.8878367791238411,
    0.8824841836734694,
    0.8776528532810504,
    0.8732694889034331,
    0.86928295843885,
    0.8656585392051558,
    0.8623621896196253,
    0.8593582350828894,
    0.8566149510024273,
    0.8541080492196879,
    0.8518138919779988,
    0.8497095448798989,
    0.8477739848672113,
    0.8459884585195024,
    0.8443394860166289,
    0.842809180645552,
    0.8413877490372077,
    0.8400641520894072,
    0.8388279357644697,
    0.8376687937861712,
    0.836582248863671,
    0.8355636288647196,
    0.834604595661353,
    0.8337081295581296,
    0.8328646800675157,
    0.8320703958691911,
    0.831322368947579,
    0.8306186263024847,
    0.829952851276668,
    0.8293206060606061,
    0.8287201418351863,
    0.828152577383537,
    0.8276163606995309,
    0.82710900012444,
    0.826630880199408,
    0.826180122324159,
    0.8257534456355283,
    0.8253474928008013,
    0.8249655725884824,
    0.8246040062794349,
    0.8242635200150938,
    0.8239421075837743,
    0.8236410560514777,
    0.8233557370316548,
    0.8230839993671888,
    0.8228260964634301,
    0.8225802710508776,
    0.8223461059190031,
    0.822122554045019,
    0.8219097034438776,
    0.8217041646705631,
    0.8215073539760732,
    0.8213203761253324,
    0.8211400269541779,
    0.8209638052386309,
    0.8207929472735467,
    0.8206274011026211,
    0.820468657969517,
    0.8203167275785116,
    0.8201702915451895,
    0.8200299568476039,
    0.8198971987521123,
    0.8197663769814145,
    0.8196364249853296,
    0.8195061746938775,
    0.8193774398220827,
    0.8192500900841878,
    0.8191231675306778,
    0.8189937230931019,
    0.8188641639236339,
    0.8187361148659787,
    0.8186093983224357,
    0.8184870505738763,
    0.8183681221839385,
    0.8182563862618218,
    0.8181452270158878,
    0.8180341378965942,
    0.8179254668534081,
    0.8178157954507499,
    0.817703218467715,
    0.817591511678563,
    0.8174842877282492,
    0.8173835658810477,
    0.8172902202465144,
    0.817205680553213,
    0.8171266556291391,
    0.8170494263376993,
    0.8169744457251339,
    0.8168978199599307,
    0.8168192346938775,
    0.8167396170488229,
    0.816655334106887,
    0.8165695005640448,
    0.8164800438296124,
    0.8163870759732464,
    0.8162955060812204,
    0.8162064528340848,
    0.8161174675951461,
    0.8160285438033081,
    0.8159422587340021,
    0.8158604137070787,
    0.8157819970845481,
    0.8157085144108751,
    0.8156358361774744,
    0.8155667329495901,
    0.815500824713447,
    0.8154350789372353,
    0.8153674170699208,
    0.8152975833362605,
    0.8152286805066854,
    0.8151571076098834,
    0.8150866146458583,
    0.8150204258479822,
    0.8149601509353741,
    0.814905966282165,
    0.8148634004124298,
    0.814829055810806,
    0.8148056514913657,
    0.8147877622502592,
    0.8147817722878625,
    0.8147807216383918,
    0.8147848052601322,
    0.8147945290285427,
    0.8148074493401601,
    0.8148191150442478,
    0.8148269539730786,
    0.8148317685866532,
    0.8148308301256446,
    0.8148272509003601,
    0.8148187718658892,
    0.8148076996093607,
    0.814793277741204,
    0.8147727402630711,
    0.8147475590955807,
    0.8147165618679905,
    0.8146858432181537,
    0.8146573347603056,
    0.8146320800059154,
    0.8146093521982296,
    0.8145912578849722,
    0.8145780379911527,
    0.8145674474899449,
    0.8145597582360183,
    0.8145541489123121,
    0.8145528590151657,
    0.8145514968487395,
    0.8145514939677528,
    0.8145505007907222,
    0.8145483081217699,
    0.8145449811035526,
    0.8145385066828216,
    0.8145302291176694,
    0.8145219473264166,
    0.8145168976545842,
    0.8145144955178333,
    0.8145130130703967,
    0.8145116016387793,
    0.8145066441614239,
    0.8144987509127944,
    0.8144904428186369,
    0.8144789128505845,
    0.814471281694496,
    0.814466076753282,
    0.8144636649336541,
    0.8144624217687075,
    0.8144664161084281,
    0.814479435751356,
    0.8144976933302056,
    0.81451942105057,
    0.814542032967033,
    0.814562423813456,
    0.8145783114017808,
    0.8145903051355939,
    0.8145956415124189,
    0.8145947889835546,
    0.8145885174303185,
    0.8145770258980786,
    0.8145590082908163,
    0.8145316745876433,
    0.8144961824729892,
    0.8144561725672588,
    0.8144079704322674,
    0.8143517208066658,
    0.8142901911752843,
    0.8142218266316428,
    0.8141513848396501,
    0.8140815961374609,
    0.8140146800552891,
    0.8139480345431586,
    0.8138778612244898,
    0.8138063882867776,
    0.8137394025079911,
    0.8136740935408369,
    0.8136069947333773,
    0.8135379962894249,
    0.8134717218871355,
    0.8134099308688992,
    0.8133522025883524,
    0.813292327195644,
    0.8132281091211995,
    0.8131613830808397,
    0.8130910254265641,
    0.8130215354314211,
    0.8129536113210717,
    0.8128916557963392,
    0.8128315694046213,
    0.812776355262602,
    0.8127250698619697,
    0.8126769061054775,
    0.8126333460884354,
    0.8125980699586725,
    0.8125676842285031,
    0.8125436101484619,
    0.8125256988509689,
    0.8125178002148228,
    0.8125176827693102,
    0.812528920912974,
    0.8125465669318575,
    0.8125673902682092,
    0.8125928962223187,
    0.8126200426439233,
    0.8126522893772894,
    0.8126870078224009,
    0.8127258693176842,
    0.8127683651525126,
    0.8128185520760028,
    0.8128744611451492,
    0.8129318491032776,
    0.8129916906458896,
    0.8130516503992902,
    0.8131114445778311,
    0.8131707913733179,
    0.8132297459027374,
    0.8132856426781239,
    0.8133405292666517,
    0.8133896161107614,
    0.8134378294364103,
    0.8134821789777859,
    0.8135226209330739,
    0.8135636190476191,
    0.8136012863051679,
    0.8136376731049563,
    0.8136723051636762,
    0.8137028232817791,
    0.8137307085530842,
    0.813756600478029,
    0.8137873220620077,
    0.8138220703666081,
    0.8138619140173076,
    0.8139025788497217,
    0.8139440704755706,
    0.8139817537974093,
    0.8140199037967589,
    0.8140575781688822,
    0.8140941496598639,
    0.8141282469669896,
    0.8141627421407363,
    0.8141971371882086,
    0.814225512571618,
    0.8142489890840057,
    0.8142733790019504,
    0.8142963856570665,
    0.814321058165655,
    0.814350263485676,
    0.8143844225690277,
    0.8144210579514825,
    0.8144627008250108,
    0.814509749492214,
    0.8145545300305396,
    0.8145985519922254,
    0.8146415128342507,
    0.8146789717800996,
    0.8147047863749817,
    0.814722306711146,
    0.8147364396360954,
    0.8147449176772158,
    0.8147431882195978,
    0.8147288290073311,
    0.8147123442077561,
    0.8146969785963166,
    0.814684117559004,
    0.8146739245698279,
    0.8146628892343178,
    0.8146467829496331,
    0.8146268783068783,
    0.814604152354011,
    0.8145821846356408,
    0.8145602802314956,
    0.8145374930021884,
    0.814514668367347,
    0.8144945015600225,
    0.8144787867910983,
    0.8144661851642421,
    0.8144560606060606,
    0.8144511650736244,
    0.8144501709313167,
    0.8144546035207977,
    0.8144677842565597,
    0.8144875045670442,
    0.814513704866562,
    0.8145476050574472,
    0.8145869135282979,
    0.8146267046353425,
    0.8146683726340277,
    0.814712361516035,
    0.8147587053571429,
    0.8148060158789364,
    0.8148526551982049,
