{
  "success": true,
  "x0": [
    0.10075355127045131,
    0.8179686738607369,
    0.08127777486881176,
    0.9652070226257994,
    0.6264476890311569,
    0.5467639682456744
  ],
  "x": [
    0.627785816342195,
    0.37221418365780506,
    1.599198204416119e-18,
    15.18181773046058,
    5.744880058677379,
    0.5467639682456744
  ],
  "SSE": 5.3668974525420656e-05,
  "exp_data": [
    1.0,
    0.9032537172277776,
    0.816200372820196,
    0.737694179034332,
    0.667147476645271,
    0.6053313553080624,
    0.5512422611568485,
    0.5039192254370805,
    0.4620146459603596,
    0.42445273375743553,
    0.39053502889637665,
    0.35981660257953946,
    0.33192292755690134,
    0.3065241645832721,
    0.28335431732680444,
    0.2621689908661981,
    0.24278277248401137,
    0.2250061886848655,
    0.20869644457524045,
    0.19369836774486543,
    0.1798796552848893,
    0.1671286909980634,
    0.15536249586689838,
    0.14449686559391872,
    0.1344661440228992,
    0.1251947332619121,
    0.11663258025818488,
    0.10872190992286017,
    0.10140941634828028,
    0.09463563593429737,
    0.08836380423263274,
    0.0825436726435072,
    0.07713747926301254,
    0.0720998998194189,
    0.06740479472067971,
    0.06302281171485022,
    0.058937879619817654,
    0.05512838898240908,
    0.051582621903215324,
    0.04828446099287374,
    0.04521068584873613,
    0.0423483804141792,
    0.03968086350064033,
    0.03718854374332386,
    0.03485686202979992,
    0.03267291129862968,
    0.030622564265188095,
    0.02870351365574202,
    0.026905456368543315,
    0.025221656706411553,
    0.023641988301181457,
    0.022164248994287684,
    0.02078254351807936,
    0.019487190865093797,
    0.018270728817556932,
    0.017129313365306365,
    0.01605872248263464,
    0.015055191548110376,
    0.014112736437421393,
    0.013231481270883522,
    0.01240173503704312,
    0.011615595507461484,
    0.010872780270010946,
    0.010175706648453228,
    0.00952149345441972,
    0.008909559558464567,
    0.008341413113103765,
    0.007817294395779687,
    0.00733429584721128,
    0.006884825669482186,
    0.00646739802388062,
    0.006076628074533204,
    0.0057111905176316455,
    0.005368891841657066,
    0.005046928354726638,
    0.004744037563235527,
    0.004458384031968897,
    0.004189518289757248,
    0.003937487973411609,
    0.003701339419336753,
    0.0034824871050934086,
    0.0032760576296440823,
    0.003082916473566727,
    0.002901515286775881,
    0.0027308678493651213,
    0.002569239849039212,
    0.00241522335045831,
    0.0022704790901057425,
    0.002133223113953191,
    0.002002881389256188,
    0.001880507589546501,
    0.0017651877118924522,
    0.0016570247633761355,
    0.0015546878378816238,
    0.001457418870819643,
    0.001364386245867573,
    0.0012764005163977622,
    0.001193452407809414,
    0.0011167035659057306,
    0.0010457364620511138,
    0.0009792323423843039,
    0.0009163136174783005,
    0.0008570676163025345,
    0.0008013738783739522,
    0.0007499112441609674,
    0.0007021783594817582,
    0.0006585082019082692,
    0.0006190611782910667,
    0.0005829481068418546,
    0.0005491334609210707,
    0.0005172423749474654,
    0.00048675663436924244,
    0.0004585296652350629,
    0.00043214916273215436,
    0.0004073769127125008,
    0.0003843274870857495,
    0.0003626192120578981,
    0.00034201004742367936,
    0.0003226837795781407,
    0.0003048611457170439,
    0.0002881924530840427,
    0.0002724330193542794,
    0.00025744408102636846,
    0.0002429421811280237,
    0.00022903784209740894,
    0.00021551783448043503,
    0.00020288985648705954,
    0.00019086910869377404,
    0.000179458775874222,
    0.0001684442023779313,
    0.00015793659362451352,
    0.00014790218445450215,
    0.00013848948310398433,
    0.00012962864580513668,
    0.00012139586007047354,
    0.00011394124490057372,
    0.00010697485056282977,
    0.0001003887993546888,
    9.38899860591684e-05,
    8.781149649659567e-05,
    8.219260609485569e-05,
    7.681324182867025e-05,
    7.156322227920775e-05,
    6.633157477647237e-05,
    6.123026861496809e-05,
    5.633472282710516e-05,
    5.1758325665267683e-05,
    4.754030084547608e-05,
    4.38328371321107e-05,
    4.048820059250057e-05,
    3.7432976574799214e-05,
    3.466874656743683e-05,
    3.189442813008029e-05,
    2.918577313420192e-05,
    2.6619088414337572e-05,
    2.4081027365147026e-05,
    2.1686085722845162e-05,
    1.935868856967123e-05,
    1.709920976490219e-05,
    1.4869701963573951e-05,
    1.2977491225706789e-05,
    1.1539853435451004e-05,
    1.0443710356611945e-05,
    9.536532013466198e-06,
    8.742013099436968e-06,
    8.060785348387502e-06,
    7.454658878266113e-06,
    6.885157207007572e-06,
    6.391459174962169e-06,
    5.934947346856735e-06,
    5.515832209211962e-06,
    5.095132516043626e-06,
    4.672839263162093e-06,
    4.24894337932634e-06,
    3.862852586856036e-06,
    3.514782915187211e-06,
    3.2445193523305566e-06,
    2.9732222765391103e-06,
    2.7406046555136083e-06,
    2.5070940694050944e-06,
    2.3524287119624833e-06,
    2.23711583868106e-06,
    2.1213577421036522e-06,
    2.005151837703753e-06,
    1.8884955236840432e-06,
    1.7713861748808077e-06,
    1.6538211478435871e-06,
    1.535797777787387e-06,
    1.4173133796086096e-06,
    1.29836524483726e-06,
    1.1789506477325307e-06,
    1.0590668371553584e-06,
    9.387110436799348e-07,
    8.178804734981269e-07,
    6.965723124831966e-07,
    5.747837231420108e-07,
    4.936492856810912e-07,
    4.121922466870529e-07,
    3.3041067690838854e-07,
    2.896864075554879e-07,
    2.4879923988574066e-07,
    2.0774819657426543e-07,
    1.6653228912094811e-07,
    1.2515052293009323e-07,
    8.360189527856346e-08,
    4.188539429984946e-08,
    0.0,
    0.0,
    0.0,
    0.0,
    0.0,
    0.0,
    0.0,
    0.0,
    0.0,
    0.0,
    0.0,
    0.0,
    0.0,
    0.0,
    0.0,
    0.0,
    0.0,
    0.0,
    0.0,
    0.0,
    0.0,
    0.0,
    0.0,
    0.0,
    0.0,
    0.0,
    0.0,
    0.0,
    0.0,
    0.0,
    0.0,
    0.0,
    0.0,
    0.0,
    0.0,
    0.0,
    0.0,
    0.0,
    0.0,
    0.0,
    0.0,
    0.0,
    0.0,
    0.0,
    0.0,
    0.0,
    0.0,
    0.0,
    0.0,
    0.0,
    0.0,
    0.0,
    0.0,
    0.0,
    0.0,
    0.0,
    0.0,
    0.0,
    0.0,
    0.0,
    0.0,
    0.0,
    0.0,
    0.0,
    0.0,
    0.0,
    0.0,
    0.0,
    0.0,
    0.0,
    0.0,
    0.0,
    0.0,
    0.0,
    0.0,
    0.0,
    0.0,
    0.0,
    0.0,
    0.0,
    0.0,
    0.0,
    0.0,
    0.0,
    0.0,
    0.0,
    0.0,
    0.0,
    0.0,
    0.0,
    0.0,
    0.0,
    0.0,
    0.0,
    0.0,
    0.0,
    0.0,
    0.0,
    0.0,
    0.0,
    0.0,
    0.0,
    0.0,
    0.0,
    0.0,
    0.0,
    0.0,
    0.0,
    0.0,
    0.0,
    0.0,
    0.0,
    0.0,
    0.0,
    0.0,
    0.0,
    0.0,
    0.0,
    0.0,
    0.0,
    0.0,
    0.0,
    0.0,
    0.0,
    0.0,
    0.0,
    0.0,
    0.0,
    0.0,
    0.0,
    0.0,
    0.0,
    0.0,
    0.0,
    0.0,
    0.0,
    0.0,
    0.0,
    0.0,
    0.0,
    0.0,
    0.0,
    0.0,
    0.0
  ],