{
  "success": true,
  "x0": [
    0.6237431196418537,
    0.16839831926293153,
    0.20785856109521478,
    0.6908179320655256,
    0.6898179320655256,
    0.42820520375734517
  ],
  "x": [
    0.03631904311460511,
    0.865594916738028,
    0.0980860401473669,
    160.80626472192736,
    12.53265533640049,
    0.42820520375734517
  ],
  "SSE": 0.012603518172967216,
  "exp_data": [
    1.0,
    0.8899821948094097,
    0.797843225445553,
    0.7175076982025514,
    0.6482024013667602,
    0.591768540186198,
    0.5452921393488611,
    0.5069907225629772,
    0.47309184933303383,
    0.4416908812103634,
    0.4122309885141599,
    0.38455684096682846,
    0.35881530969584785,
    0.33493108117198067,
    0.312877346559369,
    0.29250947020565515,
    0.27369229234392234,
    0.25631572052792106,
    0.24025606820681725,
    0.22535413994131043,
    0.21152718165253023,
    0.19873344100828289,
    0.1868474453521155,
    0.17584665356037066,
    0.16561963534342722,
    0.15610063457852644,
    0.147235139828896,
    0.1390326591476065,
    0.13143735974934448,
    0.12434146151301649,
    0.11771033687601136,
    0.11150901373483818,
    0.10574778797445047,
    0.10039571244760888,
    0.0953926490394117,
    0.09070998232548512,
    0.08634164432814119,
    0.08228042050452772,
    0.0785121397540253,
    0.0750425500879808,
    0.07186910668892346,
    0.06894405811636618,
    0.06622705158058388,
    0.06369716023790603,
    0.06130553003588804,
    0.05902158164546014,
    0.05684218718397858,
    0.054740427928175135,
    0.0527404692354329,
    0.05085298930198038,
    0.049046665399226516,
    0.04735525183802955,
    0.045751634646237875,
    0.044175689664144216,
    0.04263092729749902,
    0.04105631013190035,
    0.03949630022249012,
    0.037957153067620084,
    0.03645752128782928,
    0.035061880687560006,
    0.03373072567932825,
    0.0324772430345296,
    0.03127685463779731,
    0.030128763585911714,
    0.02902876905081255,
    0.027996328738592164,
    0.027053199479655933,
    0.026192611206058664,
    0.025442937713588066,
    0.024785098831444575,
    0.024160031951823657,
    0.023588696616886142,
    0.022995034952993654,
    0.022382351159027453,
    0.021753199085465212,
    0.02114252856241145,
    0.020549875633380517,
    0.019991421199037532,
    0.019493580684424142,
    0.01900050633042937,
    0.01850291116386068,
    0.018012253148554667,
    0.017561833319973855,
    0.017092584650249834,
    0.01662868164973471,
    0.016221080114520232,
    0.015885486277724077,
    0.015613961653584968,
    0.015368116374122975,
    0.015136822722448413,
    0.014901905543410698,
    0.014664744171513313,
    0.01446398350653026,
    0.014287376792239225,
    0.014169804593177312,
    0.014084685579352985,
    0.014009564785613118,
    0.013927711463579788,
    0.013857543063485508,
    0.013767014087485312,
    0.013639349980312339,
    0.013530225339433273,
    0.013457230813389731,
    0.013422589561371564,
    0.013389182552627317,
    0.013331738745525937,
    0.013247349239084586,
    0.013182608345642189,
    0.01314709408783495,
    0.01316476887279144,
    0.013249818226568235,
    0.013366157286942302,
    0.013493647411224063,
    0.013590817967992427,
    0.013656532641208226,
    0.013668458748540759,
    0.013657389420607891,
    0.01363752515198442,
    0.0136154588882962,
    0.013595058254668052,
    0.013587235568942821,
    0.013583834312253228,
    0.0135685249663473,
    0.0135261800573775,
    0.013465801639815702,
    0.013436209031897519,
    0.01340671363527567,
    0.013329997730429404,
    0.013207059992831593,
    0.013073824328899189,
    0.012918576707342474,
    0.012728025343938446,
    0.012527167000094848,
    0.012310674483710156,
    0.012099349038605241,
    0.01193294371869873,
    0.011805010419027222,
    0.011677888908514813,
    0.011548350860254797,
    0.011372726135301053,
    0.01114522394524426,
    0.010903331806476922,
    0.010681261638041284,
    0.010443778466226069,
    0.010217104933642559,
    0.010002418238874497,
    0.009795590716991478,
    0.009564644003865716,
    0.009339859583761769,
    0.009170228110760265,
    0.009012147246683474,
    0.008881304597123286,
    0.008788844144567492,
    0.008748093456371248,
    0.008822557067260962,
    0.009013670911173133,
    0.009252157558610963,
    0.00952853787779943,
    0.009819642845120767,
    0.010134268280193605,
    0.010447887065225956,
    0.010773976009866446,
    0.011089479514975248,
    0.011382947056013592,
    0.011705912512685244,
    0.012056521005467129,
    0.012412792239578651,
    0.012732906318909755,
    0.012980651046023695,
    0.013191347201178589,
    0.013390342007568043,
    0.01352948863102334,
    0.013640067762338337,
    0.013746877360213267,
    0.01391451459075504,
    0.014084936816638235,
    0.014242580021716595,
    0.014375278843620236,
    0.014484828359827565,
    0.014572772590064597,
    0.014612717352857513,
    0.014630217935696762,
    0.014623324135041946,
    0.014634374164052643,
    0.014616899168365971,
    0.014596543095627874,
    0.014560895859285189,
    0.014523271688504369,
    0.01448361408386577,
    0.014455952267387419,
    0.014414474017208885,
    0.014345769638332551,
    0.014209207424360777,
    0.014044210855688914,
    0.013865245739997053,
    0.013651691270409539,
    0.013426247200223803,
    0.013218377403193947,
    0.0129709237080293,
    0.012707013201210713,
    0.012432296366830594,
    0.01222311877795866,
    0.012097884869686822,
    0.012016382487444934,
    0.011965615827243353,
    0.011906049248270977,
    0.011899590592507185,
    0.011938912947569165,
    0.012005645541087887,
    0.012072556284071613,
    0.01213753430704201,
    0.012209832352553017,
    0.01229830775736562,
    0.012406932344611554,
    0.012500625361332817,
    0.012538374190458005,
    0.01252444095331542,
    0.012438174050665673,
    0.012296633360612198,
    0.012111952707476205,
    0.011950745116872562,
    0.011826600465929888,
    0.011724163510442445,
    0.011650898929365779,
    0.01164380494708279,
    0.011621866250448268,
    0.011600126085471498,
    0.011557387723318954,
    0.011486404253040032,
    0.011378402448102877,
    0.011277476215433926,
    0.011158222219631957,
    0.011010498685360338,
    0.010851210357011414,
    0.010652893771500641,
    0.010473358123770449,
    0.010325363224756053,
    0.010182689358535476,
    0.010028297621322995,
    0.009889348867139358,
    0.009787140953555661,
    0.009720210542724234,
    0.009668453023445127,
    0.009682440407140643,
    0.009721957196953995,
    0.009782218540210648,
    0.009854750341508184,
    0.00996603206948373,
    0.01012456316563471,
    0.010307406072917696,
    0.010521264210474907,
    0.010759225499492592,
    0.011044756239041388,
    0.011368503612973188,
    0.011706284032442572,
    0.01206661568579241,
    0.012415518160189414,
    0.012716991134574572,
    0.013010983278585105,
    0.013299946766149604,
    0.013554578529350107,
    0.01379753608540777,
    0.014001017183774226,
    0.014125229830952936,
    0.01415253916248884,
    0.014134931850332802,
    0.014055247147752012,
    0.013922243095168008,
    0.013786600407632086,
    0.013673645329973748,
    0.013542997426721525,
    0.01342326569517095,
    0.013258377677790615,
    0.013066381323035569,
    0.012830620810563189,
    0.012560202418255978,
    0.012265240377793411,
    0.01191968231264496,
    0.01157117865098837,
    0.011263134852652856,
    0.011013416118685917,
    0.010797796595061696,
    0.0105696469491514,
    0.010361249170987253,
    0.01010204129109731,
    0.00979049230899674,
    0.009455163484378895,
    0.009084188743403715,
    0.008710352617528677,
    0.008339453387601987,
    0.007951320143243438,
    0.007559883258334354,
    0.007184789809161639,
    0.006847688073731426,
    0.006577010156388739,
    0.006357292211697734,
    0.006149635771894133,
    0.005956641452632998,
