{
  "success": true,
  "x0": [
    0.3566142223365576,
    0.44518250439479534,
    0.19820327326864717,
    0.5677187331018855,
    0.19224226391627153,
    0.792954006846475
  ],
  "x": [
    0.1957889091864705,
    0.7883485276049761,
    0.01586256320855347,
    908.0590608166019,
    10.704025529825568,
    0.792954006846475
  ],
  "SSE": 0.0077380356212790585,
  "exp_data": [
    1.0,
    0.9308293722124862,
    0.8630104887932525,
    0.7984589909045107,
    0.7389786403220591,
    0.6851336772999441,
    0.6368466372570815,
    0.5937034378610021,
    0.5551798306601733,
    0.520786617148809,
    0.4901149775189228,
    0.46278248926618204,
    0.43841324480427457,
    0.41664948709750754,
    0.39716973150721235,
    0.37969522500495256,
    0.3639773854329769,
    0.3498079240808476,
    0.336999294584853,
    0.3253899284991937,
    0.3148421827580528,
    0.3052393133416797,
    0.2964792261209146,
    0.2884720693436629,
    0.28113791497703755,
    0.27440636398859297,
    0.2682211572758916,
    0.2625277086003666,
    0.2572810256512298,
    0.25244318754337697,
    0.247969127605914,
    0.24382219691668014,
    0.23997221757090825,
    0.23639705183441032,
    0.23307130177863228,
    0.22996603396565046,
    0.2270542965530269,
    0.22432171051591834,
    0.22175383431403536,
    0.21934159417930238,
    0.21706453510973162,
    0.21490972290710889,
    0.21286457713298537,
    0.21092394279772209,
    0.2090810132032309,
    0.2073300107854623,
    0.2056620945360606,
    0.20406792460445722,
    0.20254050137429422,
    0.2010710505512588,
    0.19966046300998108,
    0.19831039448773857,
    0.1970219193065476,
    0.1957981418697059,
    0.19462884852505444,
    0.19351331410096928,
    0.19245721888939607,
    0.19146633814755984,
    0.19053555318890197,
    0.18965062527408927,
    0.18880444648260009,
    0.18799215374411318,
    0.18720094074684376,
    0.18642850115516424,
    0.18567470600063593,
    0.18493191910943496,
    0.18420509418028702,
    0.18349255234069442,
    0.18279424567021227,
    0.1821133869406576,
    0.1814444587947024,
    0.18078633334185332,
    0.18014355918860597,
    0.17952407129801093,
    0.17893060208003178,
    0.17836434294467718,
    0.17782080594731012,
    0.17730482939093786,
    0.17681985845594103,
    0.17636234024236883,
    0.1759316593911932,
    0.17552005607699134,
    0.17512139124388834,
    0.17473870163733568,
    0.17436672322234031,
    0.17401133049362974,
    0.17366575411661667,
    0.17332980587955343,
    0.17300648737601715,
    0.17269502668326825,
    0.17240322359598945,
    0.17212946529448941,
    0.17186791502831206,
    0.17161379693624715,
    0.1713679324885978,
    0.1711304381670569,
    0.17089905297221555,
    0.17067390136173696,
    0.17045661230881481,
    0.1702465497145543,
    0.17003577766017292,
    0.16982278903356957,
    0.16961600782181896,
    0.16940856610772873,
    0.16920177359344707,
    0.16899533252757978,
    0.16878921361265098,
    0.16857826067108223,
    0.16836478169381083,
    0.16815297472822405,
    0.16794048167909634,
    0.1677236857304852,
    0.16750988067197697,
    0.16730312568279082,
    0.16710106946465003,
    0.16690586901629748,
    0.1667117636639752,
    0.16652359798921607,
    0.16634155282146673,
    0.16616818190373073,
    0.16600615989093903,
    0.16584669521015896,
    0.16569717182828483,
    0.16555373403248494,
    0.16541233025553903,
    0.16526243290719486,
    0.1651043292870075,
    0.16494604845479025,
    0.16478965894181874,
    0.1646384041125299,
    0.16449143244647962,
    0.16435180356783674,
    0.16422280795898034,
    0.16410034842519694,
    0.163978679073134,
    0.16385466243287874,
    0.16372598583000028,
    0.1636006252865673,
    0.163485580676788,
    0.16338127394203325,
    0.16329047334141114,
    0.16320666506113773,
    0.1631264579892349,
    0.16305153089623792,
    0.16297075237430386,
    0.16287024555579319,
    0.1627504507777731,
    0.16261515918623415,
    0.16246510319723698,
    0.16230719649009,
    0.16214155440944175,
    0.16198125503296049,
    0.1618282307609051,
    0.1616793931288269,
    0.16153391291638897,
    0.16139157725587497,
    0.16126146888314472,
    0.1611429565788689,
    0.16103013213812664,
    0.16092433791624744,
    0.1608222539481324,
    0.1607194950783329,
    0.1606141326962583,
    0.16051137377331667,
    0.16040697864485987,
    0.160304328915258,
    0.16020587422536256,
    0.16011794636774973,
    0.1600439636511891,
    0.15998860790555122,
    0.15995309014444323,
    0.15993269380328146,
    0.15992503662109164,
    0.15993082619084092,
    0.15994307675855396,
    0.15995858922233944,
    0.1599806226879585,
    0.16000452511309432,
    0.1600294593287555,
    0.16004853852988288,
    0.16006034672826053,
    0.16006689600355534,
    0.16006189844795587,
    0.16004267014784443,
    0.1600053779577039,
    0.15995755176463272,
    0.1598998328368971,
    0.15984374309006696,
    0.15978294671167032,
    0.15972163885733762,
    0.15966024502587844,
    0.1595997237398292,
    0.15953564804937165,
    0.1594696266504686,
    0.15940233295263204,
    0.15933337242103082,
    0.15926471486849275,
    0.15920228406857806,
    0.1591490388308539,
    0.1590993082678054,
    0.15904625235981779,
    0.15898851143764617,
    0.1589226343755198,
    0.15885043828421713,
    0.15877543033609592,
    0.1587002805554561,
    0.1586228123290104,
    0.1585392868608947,
    0.15844638837461983,
    0.1583436968298534,
    0.1582258520390397,
    0.15810010277948902,
    0.15796366380627772,
    0.15782393941185666,
    0.1576798185751024,
    0.1575339299298922,
    0.15738889593248678,
    0.1572438229099163,
    0.15710496168097815,
    0.156975150123724,
    0.1568606519737161,
    0.15676413059159866,
    0.15667904045479655,
    0.15660198996177696,
    0.1565293410231626,
    0.15645150920047785,
    0.1563720491659499,
    0.15629663633264676,
    0.1562172317103818,
    0.15613741446913865,
    0.15606155350852602,
    0.15599425844412332,
    0.1559274790823205,
    0.15586169424238552,
    0.1557975325353453,
    0.15572726524992436,
    0.15566169001822064,
    0.1556034929413349,
    0.15555283560683825,
    0.15550820218854067,
    0.15547246411771587,
    0.15544676006572763,
    0.15542771774435035,
    0.15541886502789903,
    0.1554167994838855,
    0.15542454903591843,
    0.15543388186662332,
    0.15544106197398427,
    0.1554457463498088,
    0.15545096528385358
  ],