{
  "x0": [
    0.37860870213085457,
    0.2753538601511152,
    0.34603743771803025,
    0.7549785789521624,
    0.15999018465486994,
    0.6354410661822169
  ],
  "x": [
    0.18626311493057535,
    0.7898302779363404,
    0.023906607133084287,
    1455.1985186300276,
    10.523541025880125,
    0.6354410661822169
  ],
  "SSE": 0.008770360131057704,
  "a1": 0.18626311493057535,
  "a2": 0.7898302779363404,
  "a3": 0.023906607133084287,
  "a": 1455.1985186300276,
  "b": 10.523541025880125,
  "c": 0.6354410661822169,
  "exp_data": [
    1.0,
    0.9263617247447947,
    0.8543523073882681,
    0.7863355156759179,
    0.7245352221737534,
    0.6695629676268527,
    0.6211341499794119,
    0.5784966386437256,
    0.5407657588356978,
    0.5071894454079128,
    0.47723632582774483,
    0.45049540828604856,
    0.42659869049090515,
    0.4051986947660333,
    0.38598979462959554,
    0.36872607646612204,
    0.3531666683039652,
    0.3391336123765296,
    0.32643999519701666,
    0.3149353795508252,
    0.3044898301741526,
    0.294981665586787,
    0.28630790962666186,
    0.2783825340064085,
    0.2711349187265546,
    0.26448929175468155,
    0.2583911623729409,
    0.2527985963239654,
    0.24766230990848756,
    0.2429459370013488,
    0.23860807337500065,
    0.23461613646933135,
    0.23094271695820665,
    0.22756807343705618,
    0.22445817828116738,
    0.22157817103833935,
    0.21889332045533597,
    0.21638608771268766,
    0.2140432253549294,
    0.211852103513295,
    0.20980029082324905,
    0.20786203875041867,
    0.20602736622927334,
    0.20428881373505733,
    0.2026412787253655,
    0.20107519240545843,
    0.19958944267613837,
    0.19817610628489424,
    0.1968257669460975,
    0.19553719591601856,
    0.19430684204758342,
    0.19313023197035203,
    0.19200773294486956,
    0.1909393576053648,
    0.18992668666143628,
    0.18896338789327988,
    0.18806596127958797,
    0.18723872675261713,
    0.18647565154197307,
    0.1857458646516883,
    0.18505301052083659,
    0.18438356762605462,
    0.1837189654900891,
    0.18305280427587503,
    0.1823842621867931,
    0.18171198944957226,
    0.18104584794378314,
    0.18038421100958166,
    0.1797247542340897,
    0.1790644365723274,
    0.1783982250286451,
    0.17773653025580113,
    0.17708737392978185,
    0.17645715489638214,
    0.17583821064591418,
    0.175247588786188,
    0.17467462832063727,
    0.17412542978356327,
    0.17360887396742614,
    0.17312219339211612,
    0.17267415806225153,
    0.17225150869712924,
    0.17184635325794292,
    0.17146028801873617,
    0.17108390352131228,
    0.17072661958776858,
    0.17037957015905428,
    0.17003478462835592,
    0.16968665511193085,
    0.1693320745480167,
    0.16898609773311818,
    0.16865300933895475,
    0.16833661444548137,
    0.16803903045783727,
    0.16776273256613722,
    0.16750826649169603,
    0.16728683579957745,
    0.16708675275333015,
    0.16690985101444092,
    0.16675218888070542,
    0.1665999892460356,
    0.1664515201059671,
    0.1663196467479144,
    0.1662029716420955,
    0.16609305556126178,
    0.16599559729538443,
    0.1659113201813269,
    0.1658263692289911,
    0.1657522087215784,
    0.16566938685133697,
    0.16556693654160562,
    0.16544701662958644,
    0.1653237655742811,
    0.1652028113621061,
    0.1650814983900294,
    0.16496077166384737,
    0.16482840777990354,
    0.16469420357980669,
    0.1645547045450164,
    0.1644167015977769,
    0.16428932276888109,
    0.16417040853196338,
    0.16407794781526375,
    0.16401334633012363,
    0.1639729631726958,
    0.1639290835993062,
    0.16388550210479955,
    0.16385648759543003,
    0.16384244661751313,
    0.16385858383206153,
    0.16389452337411142,
    0.16394556191393955,
    0.16399898891238393,
    0.16405507611106698,
    0.164110265111782,
    0.164155398222455,
    0.16419502910911207,
    0.16423589249815268,
    0.16428379347177688,
    0.16434062141537045,
    0.16441443082936666,
    0.1644931196483546,
    0.1645771367266903,
    0.16467773340067748,
    0.1647726360365737,
    0.1648508418152971,
    0.1649116395605999,
    0.16495552207816228,
    0.1649839687318535,
    0.1650033479253449,
    0.16499954451469362,
    0.16499275345505846,
    0.16498965547403685,
    0.16497803740567116,
    0.16496343383805886,
    0.16494939668551678,
    0.1649370277593691,
    0.1649251916595679,
    0.16491727061306677,
    0.16492734554397917,
    0.16494856814390466,
    0.16497381707345998,
    0.16499466326246567,
    0.16502012326080587,
    0.16504332780592035,
    0.16506733947232116,
    0.16509279941829144,
    0.16512198392206323,
    0.1651563505425655,
    0.16520302003531148,
    0.16526311430155285,
    0.16533519779463646,
    0.16541074192594987,
    0.16550577365509206,
    0.16560543870411604,
    0.1657053883285912,
    0.16582027346833536,
    0.1659483079894568,
    0.16608150069767622,
    0.16620820618676393,
    0.16632614010005667,
    0.16644021075204246,
    0.166530502792007,
    0.16659846571530287,
    0.16662988791504235,
    0.1666316974504558,
    0.16661674302852167,
    0.16660143505357888,
    0.16659026256609838,
    0.16657747559486916,
    0.1665466309729409,
    0.1665080441302136,
    0.16645715604359929,
    0.16640060158532285,
    0.16633620488209347,
    0.16626298081619792,
    0.16618885841403946,
    0.1661100781668154,
    0.16602757508660393,
    0.1659428261740327,
    0.16585801910167897,
    0.16576519255680044,
    0.16566424858771286,
    0.16556164881372903,
    0.16546657600849546,
    0.16538598111467234,
    0.16531043579658433,
    0.16524567577542743,
    0.1651855465011254,
    0.16511385492822148,
    0.1650142514666071,
    0.16489835852559828,
    0.16476496968229593,
    0.16462280300833493,
    0.1644754951041815,
    0.16433532159103528,
    0.1641956923698731,
    0.1640472374506731,
    0.163895282184961,
    0.16374542392642102,
    0.1636077392604994,
    0.16347864085646047,
    0.1633455789758852,
    0.16319861834041713,
    0.1630446109891067,
    0.16287316843458505,
    0.1626888553314651,
    0.16250766399810246,
    0.16233489982302154,
    0.162163414145915,
    0.16198827180928685,
    0.16181204618156073,
    0.16162829176526192,
    0.1614277263956391,
    0.1612215140747044,
    0.16099780284617224,
    0.16076995584824438,
    0.1605578525502425,
    0.16035660557961845,
    0.160161422371005,
    0.15997844803727573,
    0.1598151457570455,
    0.15966138702312144,
    0.15953419984668682,
    0.1594339946237643,
    0.15935725985145552,
    0.1592923301514988,
    0.15922887760665325,
    0.15914391287884364,
    0.15904577654892943
  ],