{
  "success": true,
  "x0": [
    0.46533284875350195,
    0.3738918862006324,
    0.16077526504586556,
    0.16495891859235945,
    0.14212474762735502,
    0.6810456346281476
  ],
  "x": [
    0.29091925017130427,
    0.7090807498286956,
    6.833014785500441e-18,
    20.93185565630197,
    10.701524318603958,
    0.6810456346281476
  ],
  "SSE": 0.00037836510822984395,
  "exp_data": [
    1.0,
    0.9308293722124862,
    0.8623296025791731,
    0.7962820154013741,
    0.7343502580190625,
    0.6771062876368865,
    0.6245718588894098,
    0.576506848931926,
    0.5325863105717232,
    0.4924686535891025,
    0.45583076671155215,
    0.4223530413343387,
    0.39172616319457854,
    0.3636679729959517,
    0.33792372546010996,
    0.31426679153086,
    0.2924911081392352,
    0.27242249061989215,
    0.25390629881873134,
    0.23679581143407027,
    0.22096495272008457,
    0.2063018965992672,
    0.19271012073005386,
    0.18009925119352763,
    0.16838982895913782,
    0.15751111664435757,
    0.14740208449521908,
    0.13800128500284095,
    0.12925757748919278,
    0.12111779720518867,
    0.11353531261507369,
    0.10646951795612987,
    0.09988316229290152,
    0.09374102104943703,
    0.08800836690562816,
    0.08265764069398682,
    0.07765833353779511,
    0.07298564789813879,
    0.06861570572458658,
    0.06452727933202727,
    0.06070074556417697,
    0.05711788384837414,
    0.05376087952873764,
    0.05061635619901284,
    0.04767025139361232,
    0.04490751384719339,
    0.04231563882111151,
    0.03988290850569323,
    0.03759977767570075,
    0.03545602636380877,
    0.0334420228576799,
    0.03154833561817039,
    0.029767702383977676,
    0.028093594373563235,
    0.026518215635476405,
    0.025033995170738416,
    0.02363566571562317,
    0.022319200899113326,
    0.021080465200637298,
    0.01991429605522861,
    0.018816797961078123,
    0.017784665204212697,
    0.01681332755480444,
    0.015899078693787358,
    0.015038641757216888,
    0.014228301888329116,
    0.013464836284082704,
    0.01274556640913129,
    0.012067376781178385,
    0.011427802680808745,
    0.010823690812989322,
    0.01025274676761595,
    0.009711767589461472,
    0.009199783032479996,
    0.008715139146990479,
    0.008256634447066109,
    0.007822868606186048,
    0.007412578104955818,
    0.007024662953171367,
    0.006658057099297093,
    0.006311234364178759,
    0.005983085874932891,
    0.005672960475430617,
    0.005379350953081308,
    0.005101091835723744,
    0.004837411791101735,
    0.004587287865674774,
    0.004349931376854399,
    0.0041249206214237135,
    0.003911358175827173,
    0.003708768373984017,
    0.0035169375483038554,
    0.0033350049061637785,
    0.0031624781700210144,
    0.0029987678233666295,
    0.002843615820786053,
    0.00269669060124738,
    0.002557443371736877,
    0.002425514472383372,
    0.002300503793784219,
    0.002181991875491228,
    0.002069770798066136,
    0.0019631640321490862,
    0.001862090549237241,
    0.0017662889942541195,
    0.0016755576167976865,
    0.0015896224235698755,
    0.0015081117885802997,
    0.0014312395026543866,
    0.0013588136213321654,
    0.0012905948068584275,
    0.0012260860965396215,
    0.0011649609912428784,
    0.0011070948924331732,
    0.0010523500942511517,
    0.0010002909863938787,
    0.0009507814430446593,
    0.0009037696551323735,
    0.0008590915314936728,
    0.0008166673555821769,
    0.0007763881048914873,
    0.0007382458471314204,
    0.0007021727228755485,
    0.0006681042285661314,
    0.0006359337659570102,
    0.0006056125578864918,
    0.000577024196429784,
    0.0005501521325722034,
    0.0005248573941729148,
    0.0005009711873984235,
    0.000478305722761063,
    0.000456776850934037,
    0.00043632207975185096,
    0.00041679054797820475,
    0.00039807670812161254,
    0.000380173905022244,
    0.00036310123479915544,
    0.000346713822607144,
    0.0003310894577104099,
    0.00031616772082768363,
    0.00030191567625653215,
    0.0002883206113691714,
    0.00027522708854496136,
    0.000262562487292297,
    0.0002503504346981974,
    0.00023862023292017294,
    0.00022735479070353274,
    0.00021656674670973713,
    0.00020626692814354125,
    0.00019644194298529158,
    0.0001871250549569268,
    0.0001782991657256031,
    0.00016995084966767613,
    0.0001620066435119281,
    0.00015442279553317084,
    0.00014720232809633217,
    0.00014030126734507222,
    0.00013371309999813782,
    0.00012745766606624552,
    0.00012157375345441631,
    0.00011602100389005683,
    0.00011070973746255883,
    0.00010565018845146616,
    0.00010082421869610071,
    9.618895889692048e-05,
    9.178109171475029e-05,
    8.754623322099248e-05,
    8.345830428757707e-05,
    7.945302242109108e-05,
    7.554781349749685e-05,
    7.178499102076861e-05,
    6.811533601908024e-05,
    6.455636471101491e-05,
    6.112949858727194e-05,
    5.781791342134545e-05,
    5.459511731124673e-05,
    5.150174082636561e-05,
    4.854397404472938e-05,
    4.569915546719647e-05,
    4.297536227979076e-05,
    4.03556244041701e-05,
    3.7851870601377916e-05,
    3.54838160800409e-05,
    3.3226740344835794e-05,
    3.106550414792495e-05,
    2.900818154616786e-05,
    2.7072592331338517e-05,
    2.527469015856518e-05,
    2.359935723633967e-05,
    2.2046997194865567e-05,
    2.0580953728189122e-05,
    1.9166361987386107e-05,
    1.782489601006887e-05,
    1.6552883530563504e-05,
    1.5350554527095636e-05,
    1.4224024174917432e-05,
    1.3177471143916088e-05,
    1.2191503765039948e-05,
    1.1303713960958476e-05,
    1.0504578123398385e-05,
    9.784530314561599e-06,
    9.145808939419702e-06,
    8.574848911838028e-06,
    8.042193564377653e-06,
    7.547971150251603e-06,
    7.112143577549493e-06,
    6.707109427300522e-06,
    6.33495989908146e-06,
    5.9938156131950335e-06,
    5.673819903712078e-06,
    5.367066256051666e-06,
    5.069605968672238e-06,
    4.779471495645541e-06,
    4.500690006675634e-06,
    4.237306852150078e-06,
    3.9873685114295625e-06,
    3.7388726869262086e-06,
    3.503885848690447e-06,
    3.276416323267494e-06,
    3.088726911085102e-06,
    2.928850537575832e-06,
    2.784765671390325e-06,
    2.650461140915218e-06,
    2.5300184319540327e-06,
    2.4133533903240208e-06,
    2.3004789678318248e-06,
    2.1893772134219516e-06,
    2.0800542191816228e-06,
    1.97251610447542e-06,
    1.8647310594152478e-06,
    1.762819132450524e-06,
    1.6708858944357032e-06,
    1.5971458385438432e-06,
    1.533472477605214e-06,
    1.47170178886784e-06,
    1.4118403713053418e-06,
    1.3538948543904367e-06,
    1.2999287473120516e-06,
    1.2458374289833826e-06,
    1.1957437172834184e-06,
    1.1517255814095494e-06,
    1.1096713859122422e-06,
    1.069587997383954e-06,
    1.0314823150640627e-06,
    9.93287600940232e-07,
    9.550035422893269e-07,
    9.166298255290836e-07,
    8.781661351441964e-07,
    8.396121543306655e-07,
    8.009675649957966e-07
  ],