{
  "x0": [
    0.678831841074147,
    0.44912497080889197
  ],
  "x": [
    1.3492537706433043e-22,
    7.473473658848741
  ],
  "SSE": 0.006003460565521736,
  "exp_data": [
    1.0,
    0.9263617247447947,
    0.8535466285708037,
    0.7837402293459295,
    0.7189798369732026,
    0.6598912830959885,
    0.6063513792593158,
    0.5578903639158089,
    0.5139392483420966,
    0.47397164335064595,
    0.43755998637156646,
    0.4043486651316191,
    0.3740100680427567,
    0.34625254155771856,
    0.3208168633998299,
    0.2974834889875836,
    0.2760337977350468,
    0.25630371792569545,
    0.23813541233211813,
    0.22138499186782815,
    0.2059213326886091,
    0.19162781828106643,
    0.17840756891780127,
    0.16616748357066097,
    0.15483108541938753,
    0.14432706210306784,
    0.13459502152423494,
    0.12557450030143172,
    0.11720969748449166,
    0.10944805439501476,
    0.10224331060584663,
    0.09555290816926013,
    0.0893407762507066,
    0.08357225094923265,
    0.0782121186725541,
    0.07323163379732818,
    0.06859574159872743,
    0.06427815746568741,
    0.060254458376624284,
    0.0565020314439732,
    0.053001720197451876,
    0.04972839737801588,
    0.04666619754682833,
    0.043803482577071215,
    0.04112598835130454,
    0.03861791773310134,
    0.036271128581845814,
    0.03407387241998003,
    0.03201656311385278,
    0.03008939564197553,
    0.028283273155989996,
    0.026591023624663236,
    0.02500594052688437,
    0.023519974410853788,
    0.022125437049696266,
    0.020813938133245686,
    0.01958149795763448,
    0.018424739338940666,
    0.017338846288312677,
    0.016320130172316972,
    0.015365482133167014,
    0.014471509703719866,
    0.013634022417954325,
    0.012849517165855364,
    0.012114569834369171,
    0.01142565561038198,
    0.010779076392659527,
    0.010172733295657382,
    0.009603409885535357,
    0.00906772746265572,
    0.008562831894576028,
    0.008087177605788795,
    0.007637446579503669,
    0.007213356763311136,
    0.006813285924126549,
    0.00643593799742035,
    0.006080162666749093,
    0.005744112792037687,
    0.005426653059691477,
    0.005127394762453622,
    0.004845190657443495,
    0.0045786381556117885,
    0.004327333513432527,
    0.004089839874314895,
    0.0038646570702143695,
    0.0036513597971112003,
    0.0034493477684899632,
    0.0032575609820935775,
    0.003076482285200747,
    0.00290497412458479,
    0.002742558771592854,
    0.0025890099325170234,
    0.0024432128851931394,
    0.002305063807363756,
    0.002174167325737558,
    0.002051011374517223,
    0.0019345052497236916,
    0.001824392759904745,
    0.0017201775359718299,
    0.0016213399458931263,
    0.0015276138878813118,
    0.0014389773982894434,
    0.0013545333453017301,
    0.0012742516144219394,
    0.0011982249412999966,
    0.0011259737765462415,
    0.0010573487952515177,
    0.0009921249928924955,
    0.0009306132704493302,
    0.000873023686452464,
    0.0008193197154179534,
    0.0007691577726873433,
    0.0007221767129904413,
    0.0006783862046649043,
    0.0006372828798487836,
    0.0005982207633467771,
    0.0005609896075086966,
    0.0005253295536631756,
    0.0004912074419587491,
    0.0004588885349850539,
    0.0004285141992568422,
    0.0003999652871837451,
    0.00037352509180701315,
    0.00034892211039084863,
    0.00032585644683362963,
    0.00030439837205600313,
    0.0002844380235604778,
    0.0002659088708259895,
    0.0002487276737927408,
    0.00023278891259605818,
    0.0002179317334458451,
    0.00020392317647212972,
    0.00019071085948301898,
    0.00017833580109285292,
    0.00016671791230994432,
    0.0001559147302700184,
    0.000145967458707698,
    0.0001365082684273722,
    0.00012767706983722162,
    0.00011935945621263204,
    0.00011153484424381119,
    0.00010413814197198316,
    9.71039856559792e-05,
    9.036673835209673e-05,
    8.401645617988215e-05,
    7.805435473819057e-05,
    7.245932690941559e-05,
    6.72269404153025e-05,
    6.230799491768476e-05,
    5.765308313858664e-05,
    5.333030433558763e-05,
    4.93294857297136e-05,
    4.567973258983648e-05,
    4.228656243261738e-05,
    3.9021318329769585e-05,
    3.595202776375838e-05,
    3.307367238525283e-05,
    3.041509494966538e-05,
    2.8073097413409615e-05,
    2.5952484910704846e-05,
    2.401997346176855e-05,
    2.2225123936304543e-05,
    2.0539990783292226e-05,
    1.8976291734079893e-05,
    1.756286248976772e-05,
    1.6260317520899978e-05,
    1.5057610025142659e-05,
    1.3886569927301911e-05,
    1.2747299159870118e-05,
    1.1634180243457096e-05,
    1.0690447612584279e-05,
    9.813469263910972e-06,
    9.043629403068941e-06,
    8.300851283543576e-06,
    7.602474790167346e-06,
    6.919859157462457e-06,
    6.25305555561096e-06,
    5.6136542363942275e-06,
    5.007520047927227e-06,
    4.423197435971927e-06,
    3.86075752678498e-06,
    3.3086826729739553e-06,
    2.7728075994260403e-06,
    2.270606840835355e-06,
    1.813817720568672e-06,
    1.390949385764128e-06,
    1.0428968495201954e-06,
    7.81571187914523e-07,
    6.014186713277766e-07,
    5.027066084506711e-07,
    4.564442399150926e-07,
    4.159383699491531e-07,
    3.7534328045948045e-07,
    3.346586763350944e-07,
    2.997619453302308e-07,
    2.647880949961683e-07,
    2.3562755725020517e-07,
    2.06402434015188e-07,
    1.8301626000706539e-07,
    1.654884777557844e-07,
    1.538386142007647e-07,
    1.4216283307160626e-07,
    1.3046104867014235e-07,
    1.1873317272081777e-07,
    1.0697911888111869e-07,
    9.519879887548987e-08,
    8.339212442837612e-08,
    7.155900726422225e-08,
    5.969935846312592e-08,
    4.78130891051848e-08,
    3.5900108981802346e-08,
    2.396032724003488e-08,
    1.1993654959980066e-08,
    0.0,
    0.0,
    0.0,
    0.0,
    0.0,
    0.0,
    0.0,
    0.0,
    0.0,
    0.0,
    0.0,
    0.0,
    0.0,
    0.0,
    0.0,
    0.0,
    0.0,
    0.0,
    0.0,
    0.0,
    0.0,
    0.0,
    0.0,
    0.0,
    0.0,
    0.0,
    0.0,
    0.0,
    0.0,
    0.0,
    0.0,
    0.0,
    0.0,
    0.0,
    0.0,
    0.0,
    0.0
  ],