{
  "success": true,
  "x0": [
    0.472399999016492,
    0.19369248189884755,
    0.3339075190846605,
    0.5758942591908712,
    0.5748942591908712,
    0.4758188892310561
  ],
  "x": [
    0.37887502008848445,
    0.6211249799115156,
    4.87890977618477e-18,
    18.810393994289793,
    9.300056002699469,
    0.4758188892310561
  ],
  "SSE": 0.00028239965309628155,
  "exp_data": [
    1.0,
    0.9250468794513125,
    0.8509353829928441,
    0.7799278790412998,
    0.7141901265730446,
    0.6544011412131024,
    0.6004423295977992,
    0.5517905156217173,
    0.5078263334924161,
    0.46797590728957866,
    0.4317707309943945,
    0.398817541037958,
    0.3687718452862978,
    0.3413422331228303,
    0.3162680049737116,
    0.293312094161591,
    0.27225783539285975,
    0.25291837187042965,
    0.23512671358219261,
    0.21873357793505238,
    0.20361173187995138,
    0.18965268379918537,
    0.17675382796672603,
    0.16482367838939352,
    0.15378069311292905,
    0.1435472869173861,
    0.13406071826718774,
    0.12525824002775218,
    0.11709139596557369,
    0.1095082175246398,
    0.10246181231188818,
    0.09591115996637986,
    0.08981821279400228,
    0.08414774999191446,
    0.07886507800016286,
    0.07394243319669684,
    0.06935031599698585,
    0.06506452114754206,
    0.061063384731934296,
    0.05732494534218821,
    0.05383230804838096,
    0.050566663617484436,
    0.04751154263275383,
    0.04465451429724292,
    0.04198490604530672,
    0.03948922363738321,
    0.037154937145847694,
    0.0349693426171698,
    0.03292241619070155,
    0.03100545881904781,
    0.029209996967321985,
    0.027524940883113677,
    0.02594459545769568,
    0.024463284513601278,
    0.023072260659974433,
    0.02176413929114691,
    0.020533471296618325,
    0.019375567831013848,
    0.018287020126739415,
    0.017263500883612174,
    0.016300328213694527,
    0.015394165533255946,
    0.014541037512289303,
    0.013736342400273972,
    0.012977763461061477,
    0.012262167223581807,
    0.011588066420804698,
    0.010952694725468224,
    0.01035298612470416,
    0.009787696308691574,
    0.00925349259294203,
    0.008747945331469102,
    0.008267776241907164,
    0.007812058716891041,
    0.007379151474131724,
    0.0069701187730857725,
    0.0065833976413200435,
    0.006217746938878611,
    0.005871540297916188,
    0.005543473565127107,
    0.005232441082809189,
    0.0049377509243630924,
    0.004659414632707505,
    0.004395726333077066,
    0.0041462156278956564,
    0.003910378786889583,
    0.003687169171749144,
    0.0034762982536932856,
    0.0032768238707555353,
    0.003087900210947905,
    0.0029089891875629954,
    0.002740848890924681,
    0.0025823227198925503,
    0.002432841753633557,
    0.0022912789998656515,
    0.0021571282261097302,
    0.002030777553434283,
    0.0019117512421784053,
    0.0017993324986064858,
    0.0016932644927440854,
    0.0015931828636448597,
    0.0014990096391758897,
    0.0014099141792063587,
    0.0013256927734044861,
    0.0012461943590144112,
    0.0011714438800964958,
    0.0011016056715854225,
    0.0010359437931178718,
    0.000974921797461376,
    0.0009177154577061373,
    0.0008640135980940377,
    0.0008131968728760329,
    0.00076523631355237,
    0.0007198492540927576,
    0.0006768923023883572,
    0.0006362214840280398,
    0.0005978058865322617,
    0.0005615169606573153,
    0.0005273612033629261,
    0.0004950682937348315,
    0.00046463850050766224,
    0.0004360992905669398,
    0.00040934756380402865,
    0.0003844705670887796,
    0.000361463150650179,
    0.000340019748664839,
    0.0003201123744253556,
    0.00030190447950775065,
    0.00028522599455925885,
    0.00026985130737793765,
    0.00025553191588653944,
    0.00024209522982536081,
    0.00022943396041196079,
    0.0002175174718185193,
    0.0002061826986810118,
    0.00019533763793094886,
    0.00018501143381182653,
    0.0001752333516238557,
    0.00016594974535657158,
    0.0001571510760533525,
    0.00014875010609395088,
    0.0001407758438348546,
    0.00013305174885021778,
    0.00012557304091047574,
    0.00011834049005811659,
    0.0001112935323767764,
    0.00010449415297286489,
    9.790401654151608e-05,
    9.161887501172401e-05,
    8.561729226804277e-05,
    7.998424559195771e-05,
    7.46984545590398e-05,
    6.971607982878657e-05,
    6.499872010101157e-05,
    6.0547215804104616e-05,
    5.636804603777814e-05,
    5.243387085418193e-05,
    4.873982259808998e-05,
    4.523013540212264e-05,
    4.2069509992955805e-05,
    3.917974916528849e-05,
    3.647665148246917e-05,
    3.395513678165917e-05,
    3.163851934254819e-05,
    2.941366992956221e-05,
    2.731505528154365e-05,
    2.5268961617143087e-05,
    2.3304095771903136e-05,
    2.1363582053034573e-05,
    1.943033937385891e-05,
    1.750439118989995e-05,
    1.5597225390022804e-05,
    1.3777762814976636e-05,
    1.217266703822565e-05,
    1.0707872964907206e-05,
    9.383835629090156e-06,
    8.229827956833526e-06,
    7.211786017741118e-06,
    6.31860084415766e-06,
    5.608498710072257e-06,
    5.029982445312709e-06,
    4.566097979481868e-06,
    4.1302071355440425e-06,
    3.7165943174403146e-06,
    3.331146006595801e-06,
    2.9623148009568426e-06,
    2.6159814826982948e-06,
    2.3038852180196885e-06,
    2.0378166622544304e-06,
    1.7770094069010374e-06,
    1.5331844971850335e-06,
    1.2946814056065917e-06,
    1.0791119321264403e-06,
    8.982943417076562e-07,
    7.229552804447249e-07,
    6.001863484431991e-07,
    5.00708559559403e-07,
    4.0690765564835195e-07,
    3.2470626794153934e-07,
    2.6005332218766124e-07,
    2.130073115737683e-07,
    1.7770354133950782e-07,
    1.482511916706163e-07,
    1.2466983138907602e-07,
    1.0103583439144312e-07,
    8.329894861333668e-08,
    6.552238329533921e-08,
    5.366925528707991e-08,
    4.1789551181926985e-08,
    2.988318077128389e-08,
    1.7950054490901173e-08,
    5.990082132182279e-09,
    0.0,
    0.0,
    0.0,
    0.0,
    0.0,
    0.0,
    0.0,
    0.0,
    0.0,
    0.0,
    0.0,
    0.0,
    0.0,
    0.0,
    0.0,
    0.0,
    0.0,
    0.0,
    0.0,
    0.0,
    0.0,
    0.0,
    0.0,
    0.0,
    0.0,
    0.0,
    0.0,
    0.0,
    0.0,
    0.0,
    0.0,
    0.0,
    0.0,
    0.0,
    0.0,
    0.0,
    0.0,
    0.0
  ],