{
  "x0": [
    0.47483546756628214,
    0.08044044542075432,
    0.44472408701296356,
    0.5761949904785457,
    0.4295814713843464,
    0.7978461514609981
  ],
  "x": [
    0.1155495048185541,
    0.8844504951814459,
    4.1360618814427486e-18,
    99.94856584966523,
    10.336092181537946,
    0.7978461514609981
  ],
  "SSE": 0.0033993638352239884,
  "a1": 0.1155495048185541,
  "a2": 0.8844504951814459,
  "a3": 4.1360618814427486e-18,
  "a": 99.94856584966523,
  "b": 10.336092181537946,
  "c": 0.7978461514609981,
  "exp_data": [
    1.0,
    0.9302554471382407,
    0.8614213527756183,
    0.7946024547877288,
    0.7307748168614363,
    0.6704261341176101,
    0.613947772236332,
    0.5617240226710815,
    0.5140821910150811,
    0.47116238996292437,
    0.43286151674393997,
    0.3988436377711724,
    0.3686637826244783,
    0.34186284093411773,
    0.31800863804500656,
    0.29671245974012994,
    0.2776526638658639,
    0.2605380888930405,
    0.24513527281733768,
    0.23121717284268456,
    0.21859799249208228,
    0.20711672321283686,
    0.19664013040140726,
    0.18705694176504595,
    0.17827231376257224,
    0.1702111740851066,
    0.162801527970862,
    0.15597988305832816,
    0.14969114204082798,
    0.14387616443685886,
    0.1384869290023813,
    0.13348669777364514,
    0.12883336002079732,
    0.12449698230155996,
    0.12044072460643404,
    0.116644269797911,
    0.11308293516692237,
    0.10974280864795195,
    0.10659175735035845,
    0.10362887815459859,
    0.10082752741775314,
    0.09818652585365374,
    0.09567491216043646,
    0.09327996361855155,
    0.09098338185705826,
    0.0887804755279799,
    0.0866613623423693,
    0.08463227319800032,
    0.08269490885929325,
    0.08083081871036013,
    0.07903869327414818,
    0.07732916399410497,
    0.07570223874931153,
    0.07417140532486473,
    0.0727190654754751,
    0.07133484026456707,
    0.07002093600783836,
    0.06878184591153917,
    0.06760865685925806,
    0.06649466796167566,
    0.06542512171593026,
    0.06440862182852715,
    0.06343779754942969,
    0.06250225297424279,
    0.06159940703788106,
    0.06072398897153913,
    0.059861173187515666,
    0.05900151364680012,
    0.05815228193245533,
    0.057322648699113084,
    0.05651051072028875,
    0.05570677317695613,
    0.054918880017361185,
    0.054164762880899046,
    0.05345511229401269,
    0.052778318606829015,
    0.05214030754218915,
    0.05154435380096042,
    0.050990087418144064,
    0.05047681594158476,
    0.04999128055766997,
    0.049518357931856244,
    0.049048208998898696,
    0.04858138737226394,
    0.048109663718324855,
    0.047638954382923315,
    0.04717067349492344,
    0.04670446733773916,
    0.04624681368934513,
    0.04579546220095289,
    0.045358251617541624,
    0.04493160059151851,
    0.04452091849570161,
    0.04412662848196565,
    0.0437478458205184,
    0.043382521923229785,
    0.04302478281008423,
    0.042664784347452286,
    0.0423049103016926,
    0.04194348600236928,
    0.04157275985563142,
    0.041189208319725924,
    0.040798129932900884,
    0.040399141668732826,
    0.039998485182158504,
    0.03959844875973793,
    0.03919731572599117,
    0.03878032392902194,
    0.03834210687083578,
    0.03789691186957672,
    0.03744955042685855,
    0.03700658711313145,
    0.03657688436054738,
    0.036167009453920256,
    0.03577002882989414,
    0.035388522339718835,
    0.03502174922907212,
    0.03467003661092215,
    0.034336909589868785,
    0.03402340168432979,
    0.03372537279520444,
    0.03343223368200688,
    0.03314043512194555,
    0.03284155512191028,
    0.03252756988893631,
    0.032202163296230116,
    0.03186290562973321,
    0.03151293506204877,
    0.031156563501049547,
    0.030800438158589703,
    0.0304469901994939,
    0.030093755970728563,
    0.029752932794269746,
    0.029418112312993128,
    0.02908317937447822,
    0.028754881262696062,
    0.028425457392623393,
    0.028101731360994586,
    0.027791957360401187,
    0.027498336943346528,
    0.027225372403089344,
    0.026971774330265815,
    0.026738860114046165,
    0.02652649699371498,
    0.026333140629193664,
    0.026133716123362547,
    0.025927266144278042,
    0.02571800835890127,
    0.02549735936978417,
    0.025264030505919487,
    0.025031418032183027,
    0.024797451845308092,
    0.024564734152287576,
    0.024322858560105715,
    0.024080691490912267,
    0.023839692819481173,
    0.023610917332924627,
    0.0233949520436069,
    0.02317677503971669,
    0.02296087408051715,
    0.022746907728354318,
    0.022537406230247414,
    0.022336825851277175,
    0.022135676066480262,
    0.021941888242090403,
    0.021747530840100678,
    0.02156647772512808,
    0.021396717818188027,
    0.02124187205215261,
    0.021098765667670435,
    0.020964352586537192,
    0.020832438851802984,
    0.020705484640602068,
    0.02057155868279143,
    0.02044080151757214,
    0.020308466870947835,
    0.020171220525113612,
    0.020022749892553704,
    0.019873512811321492,
    0.019711618514542718,
    0.01954112982437427,
    0.019368054635262175,
    0.019199814054046346,
    0.019041813108602708,
    0.01888319880449414,
    0.01872098618544002,
    0.018550818610299,
    0.018383177995605127,
    0.018220111599429233,
    0.018070297407667933,
    0.017939279044361486,
    0.017820738810070617,
    0.017710399928308446,
    0.017601756730643216,
    0.017503588180233013,
    0.017422037428194155,
    0.017356629685816777,
    0.01730489161891995,
    0.017269664014660176,
    0.01725123271690031,
    0.017230120014497346,
    0.017204262552850076,
    0.017170843726373067,
    0.01712558675375071,
    0.01706278874025284,
    0.01698602505833993,
    0.01688754932422574,
    0.016759693395673243,
    0.016607948181117074,
    0.016430818328869452,
    0.01624203629046044,
    0.016045859586295053,
    0.015832225980119432,
    0.015621813153566895,
    0.015421789205425928,
    0.01523842157925456,
    0.015075424800035975,
    0.014938100728701309,
    0.01482994569739728,
    0.014742709283973433,
    0.014666728265637008,
    0.01459722920618275,
    0.01452383858248682,
    0.014443387762474804,
    0.014357651497893238,
    0.014255611242160012,
    0.014141177735418637,
    0.01402425094823353,
    0.013897535743065815,
    0.013767917005460836,
    0.013645861495967644,
    0.013529248233864527,
    0.013404240052589925,
    0.01327847092463333,
    0.013146522776692834,
    0.012999031951969806,
    0.012841766421579302,
    0.0126704339063691,
    0.012501936032646998,
    0.012336048402555757,
    0.012168162476180187,
    0.011997016454613773,
    0.011829541552658142,
    0.01166922230115019,
    0.011517269357564778,
    0.011372539856383078,
    0.011243170992680424,
    0.011136820837391094,
    0.01105709948787949,
    0.010994760449256341
  ],