{
  "success": true,
  "x0": [
    0.08281872884190593,
    0.5999515964083674,
    0.3172296747497268,
    0.6711096424733554,
    0.18482160437262646,
    0.27725495356237684
  ],
  "x": [
    0.08731767930884002,
    0.8482501331336338,
    0.06443218755752608,
    1043.7371852820377,
    2.131902091878712,
    0.27725495356237684
  ],
  "SSE": 0.011534145773093063,
  "exp_data": [
    1.0,
    0.6439909598570374,
    0.38489417429676787,
    0.26688292726858254,
    0.21040167970461426,
    0.17838256803781835,
    0.15856975149177557,
    0.14507290862476913,
    0.1351241709218738,
    0.12735965894931014,
    0.1211380663945325,
    0.11606891457423538,
    0.11183815596957465,
    0.10824679637930244,
    0.10520054254318693,
    0.1024970900244257,
    0.10019021268716187,
    0.09814297372168326,
    0.09626189350702262,
    0.09461845000225189,
    0.09317464185104242,
    0.09192105012839148,
    0.0908110617560935,
    0.08984271908557385,
    0.0889144031917656,
    0.0880893166414554,
    0.08740071462000269,
    0.08667811904361246,
    0.08599209594927015,
    0.08539959317267448,
    0.08485745882966254,
    0.08434931815542597,
    0.08386301238092168,
    0.08341292590328528,
    0.08302091019292855,
    0.08269593040062245,
    0.08239751643785162,
    0.0820716624625962,
    0.08178940520696541,
    0.08155624707621854,
    0.08132935410004513,
    0.08107236349450009,
    0.08078355253497885,
    0.0805027938758608,
    0.08023823415327162,
    0.08000981507875614,
    0.07976860183208953,
    0.07958101777597414,
    0.07938933249935984,
    0.07913067359304558,
    0.07888964782819813,
    0.07871576934575032,
    0.07855328857987083,
    0.07844396544441662,
    0.07824804039432617,
    0.07807215568455506,
    0.07791656211297619,
    0.07782982629342385,
    0.07769677187971133,
    0.077506186447711,
    0.07731194869963921,
    0.07711291750704899,
    0.07689700784831718,
    0.07674616464813297,
    0.07671194346597586,
    0.07661145061186493,
    0.0764921619995169,
    0.0763926516694499,
    0.07633523625640216,
    0.07627612127274898,
    0.07617741309755705,
    0.07602725773069596,
    0.07587375154265688,
    0.07579088469258204,
    0.07578407941981267,
    0.07582674830681718,
    0.07579980283977696,
    0.07576543955672932,
    0.07575593567385867,
    0.07573345535707902,
    0.07570768542284859,
    0.0756925426136091,
    0.07567965455347021,
    0.07559018184114952,
    0.07553242712793501,
    0.0755722173595479,
    0.07563624984999286,
    0.07569702366494055,
    0.07572954378164345,
    0.07574052168459933,
    0.075703155098589,
    0.07567205285587293,
    0.07559230899784052,
    0.07546635907540374,
    0.0753691263946581,
    0.0753230697637159,
    0.07528428408562982,
    0.07523316527166798,
    0.07518645612165382,
    0.07514976472962667,
    0.0751216142418904,
    0.0750702348108954,
    0.074998326790859,
    0.07493329617843167,
    0.07491212991835292,
    0.07491832484200488,
    0.07494001455999712,
    0.07496442455099826,
    0.0749291500323769,
    0.07492013331979427,
    0.07495443709835317,
    0.07497684885930683,
    0.07488700493415344,
    0.07483131290445486,
    0.07479154907597355,
    0.07478585520425755,
    0.07477966742592555,
    0.0747699303694132,
    0.07470633207309206,
    0.07464513201726879,
    0.0746182772878452,
    0.07455981952512417,
    0.07451580100116699,
    0.07449507098862693,
    0.07447764172148087,
    0.07442019940023728,
    0.07437485781901602,
    0.07436354371134986,
    0.07440811535049952,
    0.07439658001373052,
    0.07437851326627605,
    0.07436518478104108,
    0.07444879905942521,
    0.07455257464095134,
    0.07456549867732212,
    0.07458683520814295,
    0.07457641080089131,
    0.07458877146488434,
    0.07458872504868783,
    0.07458094935154522,
    0.07454762210565864,
    0.07449216485029422,
    0.07445879920680734,
    0.07445345894049069,
    0.07445085044708248,
    0.07441564699523406,
    0.07439600372415897,
    0.0744004360155919,
    0.0743491027171393,
    0.07428854094264117,
    0.07414593038659674,
    0.07406045836452148,
    0.07401677302281703,
    0.07403075628271041,
    0.07397935884234945,
    0.07386652917617124,
    0.07381513796719318,
    0.07380438028160648,
    0.07378479516884538,
    0.07378120753777717,
    0.07379296156875145,
    0.07377345335786312,
    0.0737788740396537,
    0.07380841700583397,
    0.07382487734017347,
    0.0738589489177255,
    0.07381670511803874,
    0.07376396786462895,
    0.07373613410324123,
    0.07375795801505695,
    0.07376205626323055,
    0.07376488611051811,
    0.07375535799336795,
    0.07378985341107273,
    0.07382774205968155,
    0.07387465337586652,
    0.07392447848777184,
    0.07392206492576227,
    0.0739222843157708,
    0.07390647750571445,
    0.07389253221906152,
    0.0738188680234985,
    0.07379715807792263,
    0.07377470205602545,
    0.07377218425939641,
    0.07379870851851282,
    0.07386112071844023,
    0.07396438631531332,
    0.07402742929596111,
    0.0739895918948674,
    0.07393674178131948,
    0.07391317131714942,
    0.07384271454517241,
    0.07382766182977087,
    0.07379645412082345,
    0.07378029436920912,
    0.0737285682656045,
    0.07366772670518257,
    0.07359712110634285,
    0.07363139596538758,
    0.07359912931004062,
    0.07355637729188377,
    0.07352202611345574,
    0.07347792876281073,
    0.07351712191105853,
    0.0735592529914565,
    0.07361414007021452,
    0.07362188774656149,
    0.07360480460561221,
    0.07365979444391936,
    0.07365572746004015,
    0.07360059936913738,
    0.0735484738115337,
    0.07358475978374593,
    0.07360825784817833,
    0.07356341867398646,
    0.07352835694642343,
    0.07344308008277059,
    0.07337653800031116,
    0.0733315823948983,
    0.07336382506188642,
    0.07342581136339923,
    0.0734748031260343,
    0.07354896332807212,
    0.07363231380742603,
    0.07366389109011552,
    0.07368291496778392,
    0.07373787766955774,
    0.07374270172893514,
    0.07376637711901116,
    0.07378563353962048,
    0.07385679253441815,
    0.07389272430983725,
    0.07387548833020101,
    0.07382817908391598,
    0.07376085674256012,
    0.07381428488486538,
    0.07389774097767744,
    0.07393633793810428,
    0.07395458738643423,
    0.07396843664538516,
    0.07396099080156289,
    0.07396008261773247,
    0.07400610783040996,
    0.07407281098429512,
    0.07414423592289816,
    0.07420996489802954,
    0.07416275797771361,
    0.07414995020076336,
    0.07415211488532034
  ],