{
  "success": true,
  "x0": [
    0.44481150901682026,
    0.22423288529355198,
    0.3309556056896278,
    0.665042759921857,
    0.664042759921857,
    0.703368808894449
  ],
  "x": [
    0.09171857268227686,
    0.8864368302589272,
    0.021844597058796066,
    778.0835163856634,
    2.5903813342428594,
    0.703368808894449
  ],
  "SSE": 0.00964013755079513,
  "exp_data": [
    1.0,
    0.7162704657411048,
    0.48447175728664016,
    0.344470805555715,
    0.264358696980762,
    0.21561448833797786,
    0.1847672409525291,
    0.16447767264426924,
    0.1506576757527731,
    0.14078055694957334,
    0.13329098860725647,
    0.1272697410031026,
    0.12224582112518399,
    0.11795821355064416,
    0.11428621195351467,
    0.11111824482179018,
    0.10838175625036499,
    0.10598840857693632,
    0.10385646819462206,
    0.10191336065315192,
    0.1001612474752045,
    0.09861462546594413,
    0.0972575341697962,
    0.09606202234197707,
    0.09492282145129542,
    0.09390760558227561,
    0.09300927479941527,
    0.09215385610258743,
    0.09133182893661629,
    0.09053957543269521,
    0.08977278775806397,
    0.08912188764176594,
    0.08855333753271838,
    0.08802423314577329,
    0.08749731947013845,
    0.0869969685452941,
    0.08654898223897455,
    0.08611302306735873,
    0.08569054393851934,
    0.08528047582759077,
    0.08491860680063615,
    0.08464670877250655,
    0.0843932612272633,
    0.08414646234781992,
    0.08387118424215799,
    0.0835793350510615,
    0.08326939287522983,
    0.08296223120556832,
    0.08269504452462549,
    0.0824144340554025,
    0.08211219126245707,
    0.08183159865395907,
    0.08157375982551898,
    0.08136079354278634,
    0.08116782720133355,
    0.08095683536324644,
    0.08075120155081655,
    0.08056117978355999,
    0.08037516595641471,
    0.08017838830001768,
    0.07996271534127644,
    0.07975221162139923,
    0.07957252044976504,
    0.07936664656230569,
    0.07918144893464134,
    0.07904498298516435,
    0.07892485776606345,
    0.07876235651910193,
    0.07860961214807283,
    0.07851591002832718,
    0.07844417856649184,
    0.07834164672955546,
    0.07822424524401929,
    0.07814126397192696,
    0.07813694611751615,
    0.07809279836715836,
    0.07802720897163487,
    0.07796153774116084,
    0.07791336195951108,
    0.07787419133343315,
    0.07782021683549756,
    0.07772237761061683,
    0.0776143689665591,
    0.0775255852531148,
    0.07743271445354122,
    0.07735226254018837,
    0.07731126181648341,
    0.07726161783950253,
    0.07720433676166315,
    0.07712298855986277,
    0.07704252483827347,
    0.0769590675675682,
    0.07686375586643308,
    0.07677006943800185,
    0.07667725827196765,
    0.07659572639946376,
    0.07650336033547621,
    0.07640190216256226,
    0.07632628143323825,
    0.07628524053157376,
    0.07618833825947424,
    0.07606479127183366,
    0.07598713863200385,
    0.07588955057054618,
    0.0758019641297205,
    0.07571124422722302,
    0.07568242628994437,
    0.07570422624241992,
    0.07564901675322486,
    0.07554085825316846,
    0.0754476905483347,
    0.07533122748099201,
    0.0752674306093728,
    0.07520136460241456,
    0.07513789627889901,
    0.07507278127700029,
    0.07499615085204894,
    0.07494518354960099,
    0.07495246077505939,
    0.07494304934032571,
    0.07491355647099135,
    0.07487139862586273,
    0.07483744094309648,
    0.07483433424953215,
    0.0748372876233863,
    0.0748562014671938,
    0.07486616372547843,
    0.0748219533692172,
    0.0747765411889343,
    0.07469173664991244,
    0.07463678775057964,
    0.0745794478668214,
    0.07454123402920994,
    0.07445054684625713,
    0.07436164947336218,
    0.07427127680232044,
    0.0741519024007081,
    0.07408757805898077,
    0.07403859928883129,
    0.07399461787191638,
    0.07393921088930737,
    0.07389269567304829,
    0.07387516474735374,
    0.07385354285963194,
    0.07382591821020656,
    0.07376772110603239,
    0.0736817160405589,
    0.07361774232857334,
    0.07358536670943652,
    0.07354604830196453,
    0.07354617766638037,
    0.07354426930374429,
    0.0735683656917278,
    0.07353472704862375,
    0.07350582114805294,
    0.07348236614995485,
    0.07349753716255686,
    0.07353840889285328,
    0.07354219667508276,
    0.0735016327740106,
    0.0734487384742955,
    0.07341529237994576,
    0.0734065936636916,
    0.07338357963856397,
    0.07339914240165361,
    0.07339779693399293,
    0.07337335296006285,
    0.07336769117592301,
    0.07336932490820858,
    0.07337553753347822,
    0.07336376126936352,
    0.07334794916992672,
    0.07334542600603117,
    0.07331184509775847,
    0.07330170464743252,
    0.07334124871573933,
    0.07337235171957791,
    0.07333486215081375,
    0.0732966864070298,
    0.07323780179070326,
    0.07315786993204045,
    0.07308219266710586,
    0.07301848736808327,
    0.07301253390128,
    0.07302742257626138,
    0.0730540795273865,
    0.07304012267861015,
    0.07301896142723396,
    0.07300618445508626,
    0.07303742862449476,
    0.07309910908660322,
    0.07315633051338606,
    0.07317835617121936,
    0.07313486321871394,
    0.07307898975878026,
    0.07304726118890438,
    0.07305898642406711,
    0.07305691436132977,
    0.07306417743873045,
    0.07309969130799726,
    0.07311711683711558,
    0.07312773113562689,
    0.07315147651935101,
    0.07313748279124965,
    0.07310234905230542,
    0.07306712354477234,
    0.07301451219315946,
    0.07297448550950676,
    0.07293460851643402,
    0.07285033649487514,
    0.07277047461054004,
    0.0727641347349944,
    0.07277302656231197,
    0.07281297310551477,
    0.07283138156433099,
    0.07280241020912492,
    0.07272279767228673,
    0.07264879642230014,
    0.07261078861610158,
    0.07255678868291701,
    0.07249364561493943,
    0.0724554260722651,
    0.07244548563530487,
    0.07241106111544827,
    0.07239197219676251,
    0.07236618145664549,
    0.07233908270837511,
    0.07231680123891833,
    0.07224770099154054,
    0.07217502276689204,
    0.0721706967943728,
    0.0721681768603798,
    0.07213274784827267,
    0.07208236086866582,
    0.07204570963356065,
    0.07198291090719243,
    0.0719334939292098,
    0.07184941112588925,
    0.07186023545311544,
    0.0719132408899677,
    0.07192984896952843,
    0.07188178158235316,
    0.07183188733560393,
    0.07180404295073425,
    0.07180151384094334,
    0.07175605517692647,
    0.07168643967374445,
    0.07164980897608172,
    0.07163108537617408,
    0.07163366435473904
  ],