{
  "success": true,
  "x0": [
    0.6348727961694826,
    0.17893526423067035,
    0.1861919395998472,
    0.8139826970177945,
    0.8129826970177945,
    0.813088391568418
  ],
  "x": [
    0.24659896099597278,
    0.7261024955658305,
    0.027298543438196786,
    740.1082270079361,
    11.392606662828147,
    0.813088391568418
  ],
  "SSE": 0.0030320688383777173,
  "exp_data": [
    1.0,
    0.9333567167433571,
    0.8684079688345662,
    0.8074677392491634,
    0.7526670944345284,
    0.7043437949825414,
    0.6619703639792278,
    0.6246820004148034,
    0.5915645260390329,
    0.5618555113581196,
    0.5350449588311097,
    0.51077497466368,
    0.4887748366460075,
    0.4687940133536946,
    0.450613042810543,
    0.43404329146223086,
    0.4189112582841156,
    0.4050540114329037,
    0.3923349237095269,
    0.38062182311462056,
    0.36980597902068074,
    0.3597832658313462,
    0.3504734476462571,
    0.34181543900609257,
    0.333765552454646,
    0.3262752176246057,
    0.3193007625973907,
    0.31279777229910005,
    0.3067378493367964,
    0.3010943979449822,
    0.2958369232343594,
    0.2909341229578863,
    0.28635061661557976,
    0.28207239803521933,
    0.2780805903490324,
    0.2743584106732857,
    0.2708866864962514,
    0.26765254447021575,
    0.26463957850142394,
    0.2618404396717403,
    0.25924456151591607,
    0.2568379407224569,
    0.2546103930202663,
    0.2525524356710949,
    0.250653214674694,
    0.24889450792341367,
    0.24726548989639452,
    0.24574764517300632,
    0.24430982516439315,
    0.24293494846750807,
    0.24162582695153867,
    0.2403746469261278,
    0.23916503496519986,
    0.23799585183113098,
    0.236873806417025,
    0.2357996447232973,
    0.23477203041728686,
    0.23378466804775053,
    0.23283868105754182,
    0.2319421777621492,
    0.23109538007883937,
    0.230297044616409,
    0.22953075163660697,
    0.22879534817280714,
    0.22808727249023214,
    0.22740922922481252,
    0.22676112135464827,
    0.2261366339175997,
    0.2255416552321539,
    0.2249808585234191,
    0.22445327908888843,
    0.2239620146055308,
    0.22349748895461874,
    0.2230579561927348,
    0.2226360656988394,
    0.22222066746541738,
    0.22180645817977482,
    0.22139296844060025,
    0.22097626248533736,
    0.22056165875421363,
    0.22015632302205118,
    0.21974537358495064,
    0.219346088531962,
    0.21894583608312954,
    0.2185401609098779,
    0.2181319370976418,
    0.21772049223202417,
    0.21731614519582848,
    0.21692737405819007,
    0.21653844978079942,
    0.21614886745677206,
    0.2157687343699427,
    0.21540310253863404,
    0.2150627168758682,
    0.21474150355469687,
    0.21443143914334514,
    0.21411950122195156,
    0.21379356467853222,
    0.21344475854661857,
    0.21307689595868384,
    0.21269638880740624,
    0.21230955617234104,
    0.2119264037476278,
    0.21155831430669506,
    0.21120432046876422,
    0.21085732179914948,
    0.21052030093693938,
    0.2101995487385458,
    0.20988134562911956,
    0.20957251795515303,
    0.20927943099343937,
    0.2090131642717405,
    0.20877008525604002,
    0.20854117083574178,
    0.2083319028297731,
    0.20813340143929443,
    0.20794226330615453,
    0.20775899779731977,
    0.20758780585198475,
    0.20742481079755504,
    0.20727027929366,
    0.20712912086407692,
    0.20699029434154623,
    0.20684987200118232,
    0.20668675174010784,
    0.20650544536053636,
    0.2063053843182889,
    0.2060870714474379,
    0.2058634488562756,
    0.20564570992225667,
    0.20545147681495676,
    0.20527212808150935,
    0.20511801866011484,
    0.2049684229297883,
    0.20480804880848177,
    0.20462738589140095,
    0.20442142213844636,
    0.2041840825791566,
    0.20391927095775803,
    0.20364406520430467,
    0.20336591660355532,
    0.20308873882758355,
    0.20282787750843656,
    0.20257860842444128,
    0.20233348517341815,
    0.2020931728396456,
    0.20185006940437256,
    0.20160254600905395,
    0.20135054007202227,
    0.20108845268370473,
    0.20081655537642296,
    0.20052952428813517,
    0.2002371158013,
    0.19993459577324102,
    0.19961588263485255,
    0.1992944908590237,
    0.19897780447400423,
    0.1986559876480743,
    0.1983232930394014,
    0.1979931563789458,
    0.19766998219525908,
    0.19735265273548375,
    0.1970477925576668,
    0.196757847279764,
    0.19647862549948233,
    0.19622454410571893,
    0.1959934577704109,
    0.1957832671279643,
    0.19558777758167967,
    0.19541296788803653,
    0.19525458839590273,
    0.19511363392082226,
    0.1949849755439874,
    0.19486310690627523,
    0.19475036756532532,
    0.1946296731647525,
    0.19449867529943327,
    0.1943443656788507,
    0.19416982775626498,
    0.19395635450219087,
    0.19371750174367655,
    0.1934534946331868,
    0.19317308062563932,
    0.19287746318836826,
    0.1925649688186964,
    0.19225244384475956,
    0.1919415886275386,
    0.19163891919714748,
    0.19134086787999532,
    0.1910423881924266,
    0.19073799862298774,
    0.19043360174125804,
    0.19013818110343683,
    0.18986205925867816,
    0.18961175870904567,
    0.18938828060266827,
    0.18919395128265856,
    0.1890212191851135,
    0.18885684503213526,
    0.1887078994358993,
    0.1885667885177974,
    0.18842842634053716,
    0.1882897330830174,
    0.18815191822507193,
    0.1880178910620059,
    0.1878863072426354,
    0.18776174573246227,
    0.18765186043939242,
    0.18754491932233056,
    0.18744118066298662,
    0.18733795482623114,
    0.18723310160903128,
    0.18711457820003036,
    0.1869765595096139,
    0.18682746590781155,
    0.18665699025398827,
    0.18646571784270394,
    0.18625495350648635,
    0.18603881572000439,
    0.18581764252168806,
    0.18559703688044685,
    0.18537790823799172,
    0.1851506135508409,
    0.1849094561836951,
    0.1846554226474846,
    0.18438919223630887,
    0.18411632291808014,
    0.18383696283682796,
    0.18355813649334465,
    0.18327120137863112,
    0.18298652295308926,
    0.18270857437898466,
    0.18242698526278092,
    0.18213015018499104,
    0.18182523678316279,
    0.18150385186072646,
    0.18116630752888008,
    0.18081035903918394,
    0.18043425870529275,
    0.18002139720511495,
    0.1795754163609384,
    0.17910784737319532,
    0.1786232393477314,
    0.1781459256334939,
    0.17768754733443423,
    0.17723270752484743,
    0.17679053637276668,
    0.17635432713870233,
    0.17593334868359312,
    0.17552799940793906
  ],