{
  "success": true,
  "x0": [
    0.06521909669026649,
    0.46014678656043456,
    0.47463411674929895,
    0.260681786127606,
    0.11564108969369326,
    0.16987007145378527
  ],
  "x": [
    0.2476793839296224,
    0.7242565635107333,
    0.02806405255964433,
    533.7052690893233,
    11.099371192512553,
    0.16987007145378527
  ],
  "SSE": 0.005198798906909296,
  "exp_data": [
    1.0,
    0.9318757484967481,
    0.8654869247448796,
    0.8032457200342416,
    0.7473598764425065,
    0.6981339249920754,
    0.6550501425783143,
    0.6172304599965122,
    0.5836898807459115,
    0.5536519515765896,
    0.5266011173052565,
    0.5021716140536189,
    0.48008620180464195,
    0.46009253713350323,
    0.44194380153569096,
    0.42543967539162003,
    0.4103913487772506,
    0.3966396655140262,
    0.38403940234848294,
    0.3724752059189602,
    0.3618343358347795,
    0.35201909212868093,
    0.34294125640857476,
    0.33453138702526475,
    0.3267268485655848,
    0.319479474587294,
    0.3127460848542726,
    0.30647259924513504,
    0.3006317642041122,
    0.29519595529374987,
    0.29014478448207814,
    0.28545170705541384,
    0.2810802293478057,
    0.2770039510415553,
    0.27320498554240663,
    0.26966596378813046,
    0.26637186501738025,
    0.26330117285784266,
    0.2604332397081268,
    0.2577480968100252,
    0.2552350995682856,
    0.25287372713462924,
    0.25065766752697327,
    0.248571148944355,
    0.24659712633942962,
    0.24472648041987125,
    0.2429649106426607,
    0.24130819226110212,
    0.23974783817117443,
    0.23827898190452482,
    0.23690385032948902,
    0.23562710729261097,
    0.2344233366673198,
    0.23327934323263272,
    0.23219920499686547,
    0.23115918053461051,
    0.23015735907837906,
    0.229189760013457,
    0.22825385926406808,
    0.22735190364891025,
    0.22648595068869187,
    0.22564317634744416,
    0.22481903169440498,
    0.22402044411058147,
    0.22324136752445087,
    0.2224808888724524,
    0.22172258258910565,
    0.22097215441749352,
    0.2202317865653339,
    0.2195116564064378,
    0.218811368200983,
    0.2181294443707025,
    0.21745980584636215,
    0.2167917997764676,
    0.2161221905896936,
    0.21546503715437942,
    0.21481502849994494,
    0.21416283849548878,
    0.2135185521712756,
    0.21287418831358074,
    0.21223080120788684,
    0.21157579785591682,
    0.2109191133367415,
    0.21026510475836485,
    0.209625172069668,
    0.20900546667496134,
    0.20840564238835835,
    0.20782463532276738,
    0.207258712633907,
    0.2067017240233292,
    0.2061689671661232,
    0.2056676293413727,
    0.2051964357613364,
    0.20475975384839157,
    0.2043522126833509,
    0.20397263440962146,
    0.20361932388536189,
    0.2032770384030654,
    0.20294360242419296,
    0.2026238444340452,
    0.20230896904691123,
    0.2019909183975032,
    0.201674896408236,
    0.20134702363103732,
    0.2010041744461456,
    0.2006440899579772,
    0.20026517525512472,
    0.19986691218765607,
    0.1994469595518102,
    0.1990249857268943,
    0.19858107986177184,
    0.19812105557561696,
    0.19766188152262074,
    0.19720080196765283,
    0.19673963271946934,
    0.19629088690486046,
    0.19585835762014334,
    0.19545054434345965,
    0.1950512185671135,
    0.1946564716675337,
    0.1942615860973056,
    0.19387290115992492,
    0.19349512449414447,
    0.19313674933517636,
    0.19279180830131268,
    0.19245943484535052,
    0.1921522220058307,
    0.19186544473007494,
    0.19158407095616142,
    0.19130987172293037,
    0.1910399670578185,
    0.19076937784818543,
    0.1904920889436726,
    0.1902044286278263,
    0.18991760585746462,
    0.18963449777062816,
    0.18934821843056043,
    0.189058399899,
    0.18876128633570224,
    0.18846103209031964,
    0.18815373536081337,
    0.1878363796349964,
    0.18750594654975392,
    0.18716162610350262,
    0.18681181572257982,
    0.18644871115502673,
    0.18607856607046566,
    0.18570416643097098,
    0.1853198388379196,
    0.184933415024639,
    0.18454077664507582,
    0.18414288561710487,
    0.18373937245141175,
    0.18333013238634144,
    0.18291390689477452,
    0.18248877316166298,
    0.1820659770469147,
    0.18165108172997743,
    0.18125026951296225,
    0.18086182971083986,
    0.18048309172209648,
    0.180111998375008,
    0.17973441320800357,
    0.17935434689759325,
    0.17897817504353325,
    0.17859898035006166,
    0.17821446090792306,
    0.17783190278205385,
    0.17744919186834526,
    0.17708004227372745,
    0.17672112212925525,
    0.17636673082533041,
    0.17601040559978934,
    0.17565517142438317,
    0.17530545576254314,
    0.17495591866162685,
    0.17461494871330907,
    0.1742865548582331,
    0.17397436153902812,
    0.17368770856856458,
    0.17341538505512635,
    0.173161587399941,
    0.1729213082012527,
    0.17268356923395,
    0.17245307577736393,
    0.17221935624552637,
    0.1719863640391318,
    0.17174925387065995,
    0.17151674193830513,
    0.1712930972390166,
    0.17106214623521784,
    0.17082426112840543,
    0.17059285753790443,
    0.170382193276828,
    0.1701818453456828,
    0.1699848476606166,
    0.16979644316363174,
    0.16962416062655322,
    0.16946744887902576,
    0.16932466332922658,
    0.1691844882248408,
    0.16904891871872388,
    0.16891809627885798,
    0.16878446917783435,
    0.16865124454356642,
    0.16853051064698704,
    0.16842173949668676,
    0.16832674054634367,
    0.16824123872959856,
    0.16816370072318482,
    0.16808296422383942,
    0.1680000083586565,
    0.16791487199401056,
    0.1678294044151136,
    0.16775849197129067,
    0.16770905753850815,
    0.16768036478227888,
    0.16765647370581127,
    0.16763346204724436,
    0.16759429292010686,
    0.1675423265999662,
    0.16747910607982705,
    0.16740412984426653,
    0.16731870737067212,
    0.16722361362317117,
    0.16712438535037993,
    0.1670194773860734,
    0.16689919633953063,
    0.16677352840061035,
    0.16664932676906344,
    0.16652072838825568,
    0.16639022911079515,
    0.16624798011654565,
    0.16609065819358498,
    0.16592386863316336,
    0.16575144585880516,
    0.16557401361444232,
    0.1653945063777795,
    0.165218397695711,
    0.16504257329758396,
    0.16486141499203424,
    0.16468017040412022,
    0.16450484340005667,
    0.16433239806393962,
    0.16416163604605838,
    0.16399362865401454,
    0.1638344781175912,
    0.16368077658881253,
    0.16353619770259747,
    0.16341057662975533
  ],