{
  "success": true,
  "x0": [
    0.4619838642307635,
    0.1617358324753719,
    0.37628030329386464,
    0.8945819892397314,
    0.8935819892397314,
    0.40444174374588004
  ],
  "x": [
    0.2890224754953823,
    0.7109775245046178,
    6.056285572868247e-19,
    272.01467272341006,
    11.269915072388388,
    0.40444174374588004
  ],
  "SSE": 0.0072163536544329054,
  "exp_data": [
    1.0,
    0.9458637536000779,
    0.8924837587683898,
    0.8407020963730517,
    0.7913073990613788,
    0.7446683694117681,
    0.701026472619411,
    0.6606201353478406,
    0.6236682415623238,
    0.5902745439126497,
    0.5603815684588644,
    0.5337518879089919,
    0.5100215733775412,
    0.48881518227817594,
    0.46979583324464785,
    0.45266527473745094,
    0.437185475031616,
    0.4231480834382407,
    0.4103839661179168,
    0.3987352654002657,
    0.3880689804270571,
    0.3782758326939092,
    0.36926141040736404,
    0.3609318112541471,
    0.3532179563874304,
    0.3460449374166858,
    0.33935221559926304,
    0.3330966385248831,
    0.3272329148479609,
    0.32172848137580223,
    0.31655307248705516,
    0.3116791063892996,
    0.3070819868090524,
    0.3027464306431092,
    0.29864690113742665,
    0.29476186343966143,
    0.2910843816396909,
    0.28760033326759354,
    0.2842851577286083,
    0.2811177669853734,
    0.2780943359198604,
    0.275201874137867,
    0.2724366864528891,
    0.2697848341312129,
    0.26724185823213886,
    0.26480375608787,
    0.26246958109661106,
    0.2602373958064325,
    0.25809746237356923,
    0.2560446332726442,
    0.25406373278836963,
    0.25215219962383034,
    0.2503064609202522,
    0.24852497989308897,
    0.24680019659281024,
    0.2451329484873965,
    0.24352994239457312,
    0.24198507685191245,
    0.24049384202523885,
    0.23905832547087746,
    0.23767434808885665,
    0.2363361841351677,
    0.23504339584572376,
    0.23379072984621596,
    0.23257306150692425,
    0.23138305356625583,
    0.2302185465347163,
    0.22907895186204974,
    0.2279506231424046,
    0.226838085676001,
    0.22574399864386613,
    0.2246643497078187,
    0.22359378926627838,
    0.22252670133649863,
    0.22146714901075787,
    0.2204131811280472,
    0.21936205990505875,
    0.2183123901180489,
    0.21726500690909045,
    0.21622713006323319,
    0.2151933081064675,
    0.21417218423104684,
    0.21315693563661295,
    0.2121567086210004,
    0.2111718261353562,
    0.21019576739861429,
    0.20922794439623993,
    0.20826907245067353,
    0.20731607091435195,
    0.20636618291989525,
    0.2054153209536417,
    0.2044666342441318,
    0.20352002715364423,
    0.20257757569296161,
    0.20163907739373838,
    0.2007050715014846,
    0.19977389013602145,
    0.198850688175217,
    0.1979310107803234,
    0.19701486851447544,
    0.1961031314368093,
    0.19520146921228854,
    0.19431011839576848,
    0.193429110014555,
    0.19256442771748353,
    0.19171387078230695,
    0.19086804844574223,
    0.1900204188853448,
    0.1891795626649942,
    0.18833989166765536,
    0.18751464984478253,
    0.1866938586969359,
    0.18587983929734503,
    0.18508184660256768,
    0.18429281519326002,
    0.18351350905971037,
    0.18274044321728003,
    0.18198249506150205,
    0.18124096331920103,
    0.1805072473652794,
    0.1797893165827948,
    0.17908807620519412,
    0.17839765745730313,
    0.17772280805601973,
    0.17706469900293223,
    0.1764146566291844,
    0.17577544807750362,
    0.1751491060836215,
    0.17452944381464364,
    0.17392233855575848,
    0.17332733041690834,
    0.17274820115686548,
    0.1721848298571264,
    0.17163672255498055,
    0.17110248821108145,
    0.17058245794053348,
    0.17007556551393424,
    0.16958150983267073,
    0.16909378287217697,
    0.16860710801149184,
    0.16811832562855117,
    0.16762719300649168,
    0.16712383969070016,
    0.16661450848966955,
    0.16609301138874172,
    0.1655503753219186,
    0.16499487383564898,
    0.16442918275138768,
    0.16386147613571644,
    0.16328105972458096,
    0.16268527141132022,
    0.1620803153241301,
    0.16147088001156387,
    0.16085693498052234,
    0.16024398229283443,
    0.15963638731057886,
    0.15903743809614568,
    0.15844567225506298,
    0.1578602713159477,
    0.15728513863665716,
    0.156728015682831,
    0.1561835340453542,
    0.15565566255958305,
    0.1551324863485595,
    0.15461668164921089,
    0.15410398433945532,
    0.1535924868868052,
    0.15307811682403089,
    0.15255873896525296,
    0.15204427072256596,
    0.1515319887047662,
    0.15101686987694465,
    0.15049798447859633,
    0.14997210588354173,
    0.14944306847901012,
    0.14891245880432613,
    0.14838517868599954,
    0.1478643446462123,
    0.14734651693644324,
    0.14683918192133608,
    0.14633671274360585,
    0.1458459461266502,
    0.14536377527380137,
    0.1448942410623537,
    0.1444363286245715,
    0.14399345639709732,
    0.14355231217327646,
    0.1431192092485819,
    0.1426933332654301,
    0.14227675868570852,
    0.141869657558815,
    0.1414715968958914,
    0.14107974995779518,
    0.14068656801690324,
    0.1403017998752778,
    0.13992668468309516,
    0.13956367967251332,
    0.13921496229830166,
    0.13888058008031556,
    0.13856055790173993,
    0.13825979270973668,
    0.13796577750930009,
    0.1376856011620213,
    0.13742044595288125,
    0.1371754454238855,
    0.13693826394970085,
    0.13670494993557158,
    0.1364738566073056,
    0.13624362405261126,
    0.1360123433086514,
    0.13577210037508516,
    0.13552495484080807,
    0.1352772063082139,
    0.1350311445526237,
    0.13478579943876864,
    0.13454334245611677,
    0.1343025724813975,
    0.13406364095488912,
    0.13383072612209038,
    0.13360506936083902,
    0.13338563103934106,
    0.13317367361311555,
    0.1329628394293341,
    0.13275772127898922,
    0.13254999047668461,
    0.13233669724782568,
    0.13212628407765187,
    0.13192564634988144,
    0.13172814858383072,
    0.1315318103812208,
    0.13133935684127182,
    0.13114032492597383,
    0.1309408996315233,
    0.13073995771070174,
    0.13052610163985875,
    0.13031222112485266,
    0.13009973373156325,
    0.1298834382390134,
    0.12966776929427726,
    0.1294615515312446,
    0.1292631064320899,
    0.1290640315422161,
    0.12886273514457783,
    0.1286573238396097,
    0.1284510357975325,
    0.1282453366307657,
    0.12803959565021605,
    0.12783291374280484,
    0.12763430592808445,
    0.12744132723843848
  ],