{
  "x0": [
    0.4596232944547064,
    0.35571036382750076,
    0.18466634171779286,
    0.4091636218774327,
    0.4091636218774327,
    0.6610399729423365
  ],
  "x": [
    0.3362795716680054,
    0.6675762874058709,
    0.0,
    35.7173209733933,
    10.553761439859436,
    0.6610399729423365
  ],
  "SSE": 0.0003171233855183979,
  "exp_data": [
    1.0,
    0.9370320729467277,
    0.8747348197503784,
    0.8149346644454961,
    0.759218793615653,
    0.7079624353037178,
    0.6610209433649809,
    0.6180827473534369,
    0.5787899330466578,
    0.5428126603599208,
    0.5098627908810742,
    0.47966960741163567,
    0.45196538815968423,
    0.42649099778966437,
    0.40301015150945785,
    0.3813228078054895,
    0.3612471601108885,
    0.3426252380792999,
    0.32531590849456904,
    0.30919130319821647,
    0.2941393234674137,
    0.28006231876776244,
    0.2668746457977366,
    0.2545007985026324,
    0.24287568954416386,
    0.2319368458665208,
    0.2216334997951439,
    0.21191621962371665,
    0.20274504195533236,
    0.19408143666781563,
    0.18589401476509018,
    0.17815330301609028,
    0.1708301177597277,
    0.16390008405853412,
    0.1573398137194444,
    0.1511259337960861,
    0.14523628297959457,
    0.1396503465703426,
    0.1343477296703406,
    0.12931056685247364,
    0.12452322174576434,
    0.11997014146974784,
    0.11563890208097463,
    0.11151488218831977,
    0.10758789514649295,
    0.10384899863666093,
    0.10028690034720343,
    0.09689077987660656,
    0.09364951966420823,
    0.09055335376373856,
    0.08759282375441828,
    0.08475852182230698,
    0.08204112537675466,
    0.07943543464383057,
    0.07693479165455296,
    0.07453272636345533,
    0.0722239779613768,
    0.07000354507134773,
    0.06786696193068674,
    0.06580995819786689,
    0.0638284005101628,
    0.06191802731826952,
    0.06007523494208562,
    0.05829606171323271,
    0.056578287540495646,
    0.05491951137620917,
    0.05331747054139401,
    0.05176874274820296,
    0.050271383512382445,
    0.048824241139475595,
    0.04742380942611134,
    0.04606824233766265,
    0.04475594698172184,
    0.04348542782515678,
    0.04225478891125205,
    0.04106254864062112,
    0.03990678740670339,
    0.03878559151240691,
    0.03769766754776267,
    0.03664241767584523,
    0.03561855047913506,
    0.03462485701225119,
    0.03366084145086081,
    0.03272510695559119,
    0.031816810068347405,
    0.030934576688164482,
    0.030078235232664254,
    0.02924755925117867,
    0.02844195355369845,
    0.027661560405221667,
    0.026905532413555283,
    0.0261733758639125,
    0.02546423939323816,
    0.024777031463011887,
    0.024111467891255515,
    0.02346697489174834,
    0.022842537271280723,
    0.022237243539783146,
    0.021650873661793794,
    0.02108231727970367,
    0.020530746079057798,
    0.019995685605122875,
    0.01947696374938796,
    0.018973592130206957,
    0.018484917702633063,
    0.018009950321589117,
    0.01754845522338621,
    0.01709998248003793,
    0.016664211776971482,
    0.016240380087426922,
    0.015827849529247675,
    0.01542662489545007,
    0.015036473123670917,
    0.014657269705522042,
    0.01428857819718373,
    0.013930002180889163,
    0.013581507991845836,
    0.013243438779374977,
    0.012915249907703564,
    0.012596670815217263,
    0.012287436837914329,
    0.01198693703239084,
    0.011695064881568422,
    0.011411650221262412,
    0.011136298967023428,
    0.010868647087981999,
    0.010608122989737156,
    0.010354660495017997,
    0.010108011370182019,
    0.009868113630380591,
    0.009634630912617242,
    0.009407498100474712,
    0.00918637689173738,
    0.008971193687677289,
    0.008761853274541563,
    0.00855810182897492,
    0.008359664899472517,
    0.008166423656678932,
    0.00797833902293019,
    0.007795411030004215,
    0.007617427062197459,
    0.007444236225617076,
    0.007275805181564929,
    0.007111849494089596,
    0.006952401151512801,
    0.006797269533633915,
    0.006646239844491876,
    0.006498894777572592,
    0.0063552693697058,
    0.006215411432151765,
    0.006079210070178852,
    0.0059464020775623115,
    0.005817076004512383,
    0.005691079847724064,
    0.005568233760169186,
    0.005448159263780905,
    0.005330730690667244,
    0.005215934628369339,
    0.005103475336918427,
    0.004993356620097029,
    0.004885695446327233,
    0.004780658609100123,
    0.004678212437892737,
    0.004578244393266475,
    0.004480498498466572,
    0.0043849873875878255,
    0.004291736605724464,
    0.004200687228793857,
    0.004111557362372969,
    0.0040244508504875195,
    0.003939182381850763,
    0.0038557911305290237,
    0.003774296105129746,
    0.003694797821274265,
    0.0036170897027456694,
    0.003541162718930496,
    0.003466892692390259,
    0.0033942980187991875,
    0.0033232967010439953,
    0.0032539181433183005,
    0.0031862123887926724,
    0.003120257698615397,
    0.00305600186518269,
    0.002993370004175487,
    0.0029322382117024457,
    0.002872675150504332,
    0.002814680338923107,
    0.002758168740676378,
    0.002703017326417316,
    0.002649211744649512,
    0.0025966433238387757,
    0.002545272741128004,
    0.002495047275391727,
    0.0024460841966887376,
    0.0023983820047226547,
    0.002351988476975233,
    0.002306765632529972,
    0.0022625064881685456,
    0.002219320753188605,
    0.0021773890708166113,
    0.0021364411449809593,
    0.002096449727232458,
    0.0020573950890703276,
    0.002019284188456396,
    0.00198203019929182,
    0.0019455401572265997,
    0.001909739870738677,
    0.0018746643144850028,
    0.0018403832371978665,
    0.0018068357777230274,
    0.0017739993514061688,
    0.001741822326927282,
    0.0017104209107295576,
    0.0016796874868738045,
    0.0016495526776456,
    0.0016199506685417235,
    0.0015909938810139837,
    0.0015626709077340517,
    0.0015348535905544954,
    0.0015075748064259883,
    0.0014807798585061958,
    0.001454437220524323,
    0.0014285660225695081,
    0.0014032343838240283,
    0.0013784676517721083,
    0.0013542363945222573,
    0.0013304717897281817,
    0.0013071695458975426,
    0.001284280104192589,
    0.0012618068559821735,
    0.0012397413773561705,
    0.0012181107390896691,
    0.0011969520184855064,
    0.0011763677588622265,
    0.0011563064654342688,
    0.0011367025228216211,
    0.0011176329682477662,
    0.0010990877325411847,
    0.001081080581149467,
    0.0010635576010752984,
    0.001046468618044799,
    0.0010297392593947212,
    0.0010133907764515425,
    0.0009974465214554326,
    0.0009818878704788295,
    0.0009667041380862867,
    0.0009518182998875012,
    0.0009373379923881717,
    0.00092316598347774,
    0.0009093114233340141
  ],