{
  "x0": [
    0.2669284801893041,
    0.627240316432944
  ],
  "x": [
    1.3697739651167508e-21,
    9.434070515043572
  ],
  "SSE": 0.09237387493993372,
  "exp_data": [
    1.0,
    0.9318757484967481,
    0.8645985422499405,
    0.8005239436989094,
    0.7416863556867055,
    0.6884387424573999,
    0.6404526054086445,
    0.5971584286019652,
    0.5579202230353566,
    0.5222083609126382,
    0.4896119947569466,
    0.45979720734771967,
    0.43247284917865786,
    0.40737896515000344,
    0.38427565016398535,
    0.3629590314190795,
    0.3432463893749342,
    0.32497727234355406,
    0.30801474092771525,
    0.29223325578840104,
    0.2775233145573869,
    0.2637887883842725,
    0.2509376077247856,
    0.2388918494566284,
    0.2275878647936892,
    0.21696661772945974,
    0.2069825474453817,
    0.19758359695891048,
    0.1887289648908057,
    0.18038169544906626,
    0.17251579558601166,
    0.1651005773872727,
    0.1581064860598464,
    0.15150746382121788,
    0.1452809807852346,
    0.1394072976817885,
    0.13385789466707165,
    0.1286066233860765,
    0.12363630382317466,
    0.11892661109668859,
    0.11446396507409634,
    0.1102338304232147,
    0.10622525535442601,
    0.10241971444159816,
    0.09880261811413903,
    0.09536670697793101,
    0.09210108572891795,
    0.08899591733982624,
    0.08603845575077446,
    0.08321881992699275,
    0.08052689513721005,
    0.0779510513648909,
    0.07548359679422935,
    0.07312027558422846,
    0.07085584635851973,
    0.06868127034644353,
    0.06659258113942346,
    0.06458567869518765,
    0.06265579528539905,
    0.06079832283642872,
    0.059010139892258395,
    0.057287464103601686,
    0.055626121735767746,
    0.05402201724810987,
    0.05247199306554874,
    0.050973137974396225,
    0.04952142455957807,
    0.04811499691903977,
    0.046754385645505527,
    0.045437867147588434,
    0.04416124784926387,
    0.04292432398581129,
    0.04172628023660205,
    0.04056484988914097,
    0.039439302325939715,
    0.038346614544747214,
    0.03728461114825122,
    0.03625140001512214,
    0.03524631535159775,
    0.03426925834077472,
    0.03332051828321551,
    0.03239784017787961,
    0.031500648677453155,
    0.030627222520674006,
    0.029778047242246145,
    0.028952033403993105,
    0.02814954897797437,
    0.027371059916556677,
    0.02661491848543075,
    0.025880799034555545,
    0.025168201378042862,
    0.024475955178341627,
    0.0238037278752239,
    0.023150372993312567,
    0.022517082505414066,
    0.021902461990797744,
    0.02130550616956975,
    0.020725888180600335,
    0.020163362036444116,
    0.019616889008280555,
    0.01908564750885135,
    0.01856938448677265,
    0.018068005735462377,
    0.017580121029620276,
    0.017104866771806827,
    0.01664072418415849,
    0.016187338490808202,
    0.015744913219309403,
    0.015314311585394159,
    0.014894691736696502,
    0.014485224014667454,
    0.014086012065814276,
    0.013697097449021364,
    0.0133186053190312,
    0.012949638315787741,
    0.01259010527939214,
    0.012239982670823709,
    0.011898880375039462,
    0.011566590114652234,
    0.011242587996690263,
    0.010927256492216807,
    0.010620406641298881,
    0.010321985528308788,
    0.010031808331371706,
    0.009750137674547658,
    0.009477152805096475,
    0.00921185541707816,
    0.008954406733118182,
    0.008704560948896335,
    0.008462304453384764,
    0.00822718321483053,
    0.007999044058406792,
    0.007777563046427411,
    0.007562893886415857,
    0.007354764717011272,
    0.0071530305440716,
    0.006957220116004036,
    0.006767485490933318,
    0.006583695824140357,
    0.006405446606711263,
    0.0062329320610684524,
    0.006065923269852701,
    0.005904131267275971,
    0.005747448720509918,
    0.0055958055306984415,
    0.005449319917982205,
    0.005307177335786584,
    0.005169218648060262,
    0.005034997536699707,
    0.004904455441393374,
    0.004777203100304127,
    0.004653250913077013,
    0.004532897045568585,
    0.004416136593524119,
    0.00430289934954528,
    0.0041929242005555095,
    0.004085910764982973,
    0.003981808432450892,
    0.0038802822860189937,
    0.0037810069232962046,
    0.0036839566780845915,
    0.0035890126020040776,
    0.003496406381752237,
    0.0034060905779169644,
    0.0033179185785535566,
    0.003232001842031886,
    0.0031480335367681054,
    0.0030656944837100684,
    0.0029849567957118627,
    0.002905880911431634,
    0.0028285275294792837,
    0.0027527747979991953,
    0.0026789939091324062,
    0.0026074355192233804,
    0.0025379456553107473,
    0.002470158257710673,
    0.002404051005266973,
    0.0023392557827566743,
    0.002275748950203421,
    0.002213640873876077,
    0.002152969678606619,
    0.0020938744557497313,
    0.002036393992336317,
    0.0019805111221294566,
    0.0019264839042042884,
    0.0018741721853212647,
    0.0018237786695664954,
    0.001774954539351948,
    0.0017275187376374179,
    0.0016814080457953713,
    0.0016363893047974909,
    0.0015925623663007775,
    0.0015498178104985817,
    0.0015084485977647395,
    0.0014684422410568127,
    0.001429831691444066,
    0.0013925646514971021,
    0.0013561668470633515,
    0.0013208066308767654,
    0.0012864074910057502,
    0.0012526867182817405,
    0.0012198297641486926,
    0.0011879484032387526,
    0.0011570573731650344,
    0.001126976188709333,
    0.0010976500624302824,
    0.0010689663954263574,
    0.0010409215829363285,
    0.001013575468973729,
    0.0009869188540286167,
    0.0009608615421708293,
    0.0009351913624366116,
    0.0009100950796282317,
    0.0008855050100203438,
    0.0008613938245960885,
    0.0008377689618668943,
    0.0008149406251561457,
    0.0007928240954766052,
    0.0007711008714576927,
    0.0007499183318254115,
    0.0007292198376670545,
    0.0007089016533781249,
    0.0006891116168507141,
    0.0006698926122943152,
    0.0006512583451370905,
    0.0006332284650937483,
    0.000615704944542298,
    0.0005986836284405724,
    0.000582000992229398,
    0.000565770466680576,
    0.0005499107946873239,
    0.0005344054897959607,
    0.00051923798957872,
    0.0005045044373901859,
    0.0004901290806410757,
    0.00047616670829592336,
    0.0004627497976741067,
    0.00044980868392158115,
    0.0004372793492463082,
    0.00042513334206830257,
    0.0004134019206795623,
    0.0004019367533172117,
    0.00039076876178883096,
    0.0003798869760459251,
    0.0003692623382246738,
    0.00035875128941595906,
    0.00034832409732373735,
    0.00033813189009636476,
    0.00032813925268408814,
    0.0003183166510798384
  ],