{
  "x0": [
    0.5960138821812567,
    0.23463122702383638,
    0.16935489079490681,
    0.5635775846682686,
    0.49863556491483213,
    0.6422822042437588
  ],
  "x": [
    0.31731229769999536,
    0.6826877023000046,
    1.3484764520288461e-18,
    38.77493563790892,
    12.120106273937651,
    0.6422822042437588
  ],
  "SSE": 0.001328362595423992,
  "a1": 0.31731229769999536,
  "a2": 0.6826877023000046,
  "a3": 1.3484764520288461e-18,
  "a": 38.77493563790892,
  "b": 12.120106273937651,
  "c": 0.6422822042437588,
  "exp_data": [
    1.0,
    0.9458637536000779,
    0.892062267119011,
    0.8394536954583323,
    0.7887996744410826,
    0.7404780759069882,
    0.6947255115934744,
    0.6517408444525528,
    0.6116930229365515,
    0.5746652152857769,
    0.5406172201031059,
    0.5093958638457717,
    0.4807566283279441,
    0.45443674353551144,
    0.43018941786348297,
    0.4077957698820012,
    0.38707021269840497,
    0.3678496922987103,
    0.34999201753480336,
    0.3333630453207084,
    0.3178403108624539,
    0.30332298829366544,
    0.289726142826156,
    0.2769661393505355,
    0.2649742176399786,
    0.253677833319248,
    0.24302081386841937,
    0.23294947768071242,
    0.2234208838085833,
    0.21439836036056556,
    0.205849388648615,
    0.1977432636329216,
    0.19004983026162325,
    0.1827461325148299,
    0.17580406870442072,
    0.16919911383018857,
    0.1629109700175451,
    0.15692206619459187,
    0.15120989005355612,
    0.14575719456720665,
    0.14055046918594521,
    0.1355743639566764,
    0.1308186124577885,
    0.12627065998368,
    0.12192339184858149,
    0.11776534436634749,
    0.1137881157810992,
    0.10998280811868788,
    0.10633827347671462,
    0.10284599022541398,
    0.09949777677514944,
    0.09628480217832971,
    0.09319784820995665,
    0.09023144137424557,
    0.08737630368366252,
    0.08462621441943638,
    0.08197796561929001,
    0.07942629917014213,
    0.0769668109757967,
    0.07459612314588387,
    0.07231031036122589,
    0.07010431275560644,
    0.06797420122601654,
    0.06591801663611939,
    0.06393380718813597,
    0.06201951409319094,
    0.0601728217378081,
    0.058388620591164765,
    0.05666386582153315,
    0.05499723789125018,
    0.053384773968484615,
    0.051823756166924514,
    0.050313538626698455,
    0.0488518192997963,
    0.04743534916887835,
    0.04606259875041367,
    0.04473268091583878,
    0.043443472540722,
    0.042192947939502484,
    0.04098069655648851,
    0.03980546866977246,
    0.03866647934554129,
    0.03756290012230801,
    0.036493524810325646,
    0.03545736534794417,
    0.03445292274227284,
    0.03348007258906515,
    0.032537496102459255,
    0.0316251813184292,
    0.030743925604756195,
    0.02989271549805564,
    0.029071553622228855,
    0.028278849669086337,
    0.027513553853513225,
    0.026774064832630288,
    0.026060828341082955,
    0.025372820748608572,
    0.02470846019072729,
    0.024067319259684757,
    0.02344729792109037,
    0.022847317026344176,
    0.02226656613973375,
    0.021704999932032742,
    0.02116172117611485,
    0.020636392255216716,
    0.020128425925347953,
    0.019637134206968415,
    0.019161370270862666,
    0.018700345818821226,
    0.01825309280308859,
    0.017818701645570492,
    0.017397206157332777,
    0.01698749432021752,
    0.016588752033843118,
    0.016200950040092713,
    0.015823677551513267,
    0.015456469809670878,
    0.015100263260716527,
    0.014754436417760865,
    0.014418905608699614,
    0.014093361007181684,
    0.013776934297738517,
    0.013469990230034647,
    0.013172252401825381,
    0.01288330618055845,
    0.012602439642821636,
    0.012329371213801283,
    0.012063548409937558,
    0.011804660029388127,
    0.011552753997403442,
    0.011307507045033582,
    0.011068509591720848,
    0.010835424796258512,
    0.010608217781373585,
    0.010387013352380922,
    0.010171648845188083,
    0.009961928889027128,
    0.00975731527514608,
    0.009558305402394036,
    0.009365056001670613,
    0.009177343835561838,
    0.008994773008991885,
    0.008817671201435345,
    0.00864513597568257,
    0.008477047079647288,
    0.0083132244793203,
    0.008153929741421364,
    0.007998415685477666,
    0.007847186163528669,
    0.007700059873930542,
    0.0075571689547334515,
    0.0074179031495663905,
    0.007282436792006516,
    0.007150635188012857,
    0.007022482758422494,
    0.006897223207939206,
    0.006774811212772346,
    0.006655173969338821,
    0.006537954273254878,
    0.006423247337607912,
    0.006310929783643411,
    0.006201113379527217,
    0.006093773205080039,
    0.005988889726194136,
    0.005886212395747293,
    0.005785709762871349,
    0.0056876147266111095,
    0.005591681292353713,
    0.0054976513658759486,
    0.005405741139281938,
    0.00531584677440802,
    0.005228318245659205,
    0.005142725089206697,
    0.005059117982023226,
    0.0049771421079350744,
    0.004896902904165354,
    0.0048182444871119395,
    0.0047412667827389,
    0.0046660701505272595,
    0.004592665979885601,
    0.004520920267166683,
    0.004450860826399364,
    0.004382448319215671,
    0.0043154468070413475,
    0.00424953504540631,
    0.004185082200626071,
    0.004121963555926306,
    0.004060222953155265,
    0.0039998141382121466,
    0.003940752795205287,
    0.0038828793592504936,
    0.003826260028860208,
    0.0037706892362158882,
    0.0037161080341137987,
    0.0036626617089929713,
    0.0036106099226913026,
    0.0035596954272593263,
    0.0035097852188889127,
    0.0034608997545097706,
    0.003413110989046867,
    0.00336636539561191,
    0.0033204775429899374,
    0.003275364331824655,
    0.0032311316257260143,
    0.003187776629030887,
    0.00314517002916486,
    0.0031032279880363117,
    0.0030619585012856398,
    0.003021381139485077,
    0.0029816368573906816,
    0.0029426879855983896,
    0.0029045893093706766,
    0.002867448020508948,
    0.0028311455137594527,
    0.00279562654312936,
    0.002760643712159893,
    0.00272632109714187,
    0.002692736709664359,
    0.0026599222354766463,
    0.002627786831066702,
    0.002596268481074367,
    0.002565375146356257,
    0.002534974147145509,
    0.0025050671675997285,
    0.0024757263986029355,
    0.0024469302549133616,
    0.0024186982710441333,
    0.0023909085884124114,
    0.0023636040417795226,
    0.002336685855144737,
    0.0023101671916572054,
    0.0022841501087082854,
    0.002258648198003513,
    0.0022335860753815878,
    0.00220906629126772,
    0.0021850431295664056,
    0.0021615480972408613,
    0.0021386247741232737,
    0.0021162930609297807,
    0.0020945430644768535,
    0.0020733289402464815,
    0.002052670533297514,
    0.0020324618196408527,
    0.0020127283941414604,
    0.0019934057885032173,
    0.001974609809302169,
    0.001956215754965159,
    0.0019382612390359565,
    0.001920614920157333,
    0.0019034048824810095
  ],