{
  "success": true,
  "x0": [
    0.15474694307386996,
    0.6704495764892348,
    0.17480348043689517,
    0.91367436956593,
    0.8889276409006993,
    0.32776023446568925
  ],
  "x": [
    0.17485089904543788,
    0.8242808599700325,
    0.0008682409845296106,
    115.40416910920726,
    9.887782744303676,
    0.32776023446568925
  ],
  "SSE": 0.0009995484883076641,
  "exp_data": [
    1.0,
    0.9249858207008435,
    0.8516360231039992,
    0.7821675060972051,
    0.7186275616681985,
    0.6614342777248639,
    0.610286958966663,
    0.5646001951983818,
    0.5237074645989693,
    0.48703191808914514,
    0.454138317167597,
    0.4246388875258542,
    0.3981679012564792,
    0.374368846986567,
    0.35291865374519193,
    0.3335375774111417,
    0.31597853183052876,
    0.30002500911515506,
    0.28549243921030276,
    0.27221442333406415,
    0.2600417641046265,
    0.24884821219384476,
    0.2385309708810207,
    0.229003042058423,
    0.220191670034597,
    0.2120285525818715,
    0.2044481205620233,
    0.19739327976804924,
    0.1908212802230942,
    0.18469953172253029,
    0.1789960709347171,
    0.17367597980224833,
    0.1687005354920812,
    0.1640466983192564,
    0.15968856230757822,
    0.1556095115871806,
    0.15179462529371895,
    0.14822678662908664,
    0.14487938115775234,
    0.14173377629310113,
    0.13877959416141855,
    0.1359974479697461,
    0.1333796393009166,
    0.13091621326608904,
    0.12859241453320688,
    0.12639761406564665,
    0.12432656381217348,
    0.1223665023641188,
    0.12049977095327521,
    0.11871314315712078,
    0.11700373369379913,
    0.11537845546016667,
    0.11382278930297375,
    0.11232916408926394,
    0.11089853340990477,
    0.10952394974441351,
    0.10820878253780307,
    0.1069459097814556,
    0.10572424778633882,
    0.10455085904953185,
    0.10342763761776273,
    0.10235200608563066,
    0.1013188195866507,
    0.10032829747903212,
    0.09936931331235561,
    0.09843509693550907,
    0.09751820768101135,
    0.09661719230529005,
    0.0957296394119895,
    0.09486647646430217,
    0.09403004435295129,
    0.0932192492322772,
    0.0924223452906672,
    0.09163225511813451,
    0.09084965197193999,
    0.09007346316083176,
    0.08929693385988917,
    0.08851485902799651,
    0.08773744068916789,
    0.08696774700735524,
    0.08620569451193696,
    0.08544187959077085,
    0.08468132991535655,
    0.08392717185065625,
    0.08317951277451824,
    0.0824398840031969,
    0.08170597742596289,
    0.08097868353795705,
    0.08026011406876526,
    0.07954362016210559,
    0.07884064641151343,
    0.07816032112731103,
    0.07750108976287325,
    0.07687446128240713,
    0.0762677407341322,
    0.07567868563060064,
    0.07510287061647716,
    0.07452471545138765,
    0.07394051740751659,
    0.07335325751246877,
    0.072761573677442,
    0.07216365648728623,
    0.07157053894363587,
    0.07098159594806046,
    0.07039652613870105,
    0.0698150392657743,
    0.06923612431272397,
    0.06865724939506583,
    0.06807122885987246,
    0.06748839754686033,
    0.06690631892065355,
    0.06633018190532294,
    0.06576234192717711,
    0.06519697068113979,
    0.0646414544122026,
    0.06409892286017524,
    0.06356812586345457,
    0.0630559183661841,
    0.06255645926312199,
    0.06206494400231063,
    0.06158237910989277,
    0.0611144240824201,
    0.06065673550736973,
    0.060213032701847385,
    0.059776048799578554,
    0.059344274348818254,
    0.05892253659994814,
    0.05850954746593162,
    0.05810095227328289,
    0.05770452040485593,
    0.0573280490684655,
    0.05696697915311923,
    0.056619185945608067,
    0.056278226715550154,
    0.05594820577629014,
    0.055622467056702464,
    0.05529426962765866,
    0.054954862443081155,
    0.05460161029536704,
    0.05423791505248155,
    0.05386748227540949,
    0.053485728346085816,
    0.05309536544745596,
    0.05269750694189962,
    0.05229423068657835,
    0.05188044154054293,
    0.051461076352514075,
    0.05103300382850733,
    0.0505945950895967,
    0.05014237919420641,
    0.04967660940936736,
    0.04919712013938216,
    0.0487056249125719,
    0.04820111242085523,
    0.04768485485639445,
    0.04715851257714951,
    0.0466281303933614,
    0.04608916385772262,
    0.045550330849643474,
    0.04501943723140378,
    0.0445085942017976,
    0.04401663396521871,
    0.04354056231736343,
    0.04307948136436922,
    0.0426326858810364,
    0.042195177030984875,
    0.041765400477705134,
    0.041343878308896596,
    0.04092967446897455,
    0.040537745969047384,
    0.04016010648973891,
    0.039790974772070074,
    0.03942404913825993,
    0.03905872385004862,
    0.03870176847596532,
    0.0383402146902849,
    0.03798032009682977,
    0.03761548749297521,
    0.03724767575884238,
    0.03687494691575215,
    0.03650083023634148,
    0.03613328901990109,
    0.03577398324520385,
    0.0354152332266778,
    0.03506194021510611,
    0.03471787216348778,
    0.03438629030190576,
    0.03406277900114163,
    0.033744207443259955,
    0.03342418947257821,
    0.03309817036887291,
    0.03277111245146187,
    0.032448848424338,
    0.03213526740995186,
    0.03183616823014481,
    0.03154932263709648,
    0.03128319913422561,
    0.03104090829293462,
    0.030813235481993183,
    0.030603028349729194,
    0.030401645933559762,
    0.030201370412770996,
    0.030002961047908956,
    0.029806624573189337,
    0.029613106931326013,
    0.029428820279334172,
    0.02925076667852641,
    0.029083690601933256,
    0.02892066861007746,
    0.028756794429659706,
    0.02859070580946714,
    0.02842236079423875,
    0.028249533192642458,
    0.02807259031007072,
    0.027900186469662185,
    0.02772893557561586,
    0.027556575944168323,
    0.02737496388316003,
    0.027190175732476,
    0.02700077869739107,
    0.026812548985432533,
    0.026620773189117892,
    0.026423800539378064,
    0.026220175472831318,
    0.026008440445578623,
    0.025792594247119764,
    0.025581265064732506,
    0.02537318089128611,
    0.025170750442048903,
    0.024970379829545482,
    0.024775066478284147,
    0.024586234186607468,
    0.02439692206298063,
    0.024197956725066968,
    0.023986800894079927,
    0.023761075666308307,
    0.0235208108753947,
    0.02325977526689587,
    0.022982965399614436,
    0.0226845489943124,
    0.022369343582789667,
    0.02205088004017309,
    0.021732688842878434,
    0.021423381980505536,
    0.021126624294502398,
    0.020835855566832397,
    0.02055717277744248,
    0.020291035310554085,
    0.020042291860933637,
    0.019808818399204602
  ],