{
  "x0": [
    0.5542975107481579,
    0.21800575233426717,
    0.22769673691757505,
    0.8566486562439145,
    0.8566486562439145,
    0.733240931028362
  ],
  "x": [
    0.28943153756096374,
    0.7385080832676472,
    0.0,
    61.36588104689138,
    8.63315508676343,
    0.733240931028362
  ],
  "SSE": 0.016444028053204118,
  "exp_data": [
    1.0,
    0.9355070702805353,
    0.8719164871908937,
    0.8102343159240465,
    0.751403255412578,
    0.6958665957747217,
    0.6439190725121994,
    0.5958542952953363,
    0.551947455910714,
    0.5123374233598929,
    0.476968942904593,
    0.4455633418331705,
    0.4176847631969915,
    0.3928763041219538,
    0.37072937514147253,
    0.350875384670217,
    0.3330192423263961,
    0.31690429935537023,
    0.30231894623608335,
    0.289067975330758,
    0.27698754148015503,
    0.2659404093681212,
    0.25581140192829993,
    0.24648066191658355,
    0.23786063827159518,
    0.22986519935157607,
    0.22242129639927943,
    0.2154797551520919,
    0.20898410317760283,
    0.20289609586939839,
    0.19717902450812277,
    0.19180362501674833,
    0.18673882449162962,
    0.18196433370322312,
    0.1774493312632032,
    0.1731700702530329,
    0.16912530806877948,
    0.16529925725726877,
    0.1616625965982734,
    0.15819202531122895,
    0.15488254763255882,
    0.1517141080508494,
    0.14868599966328971,
    0.14578413145930819,
    0.14299552022402892,
    0.14031501952837733,
    0.13774678785561925,
    0.1352876166894103,
    0.13292687218781443,
    0.1306538625371443,
    0.1284517008553871,
    0.12631778435206775,
    0.12425357787310093,
    0.1222564059821558,
    0.12031520126845396,
    0.11843209570454356,
    0.11662050479970094,
    0.11487526743971795,
    0.11319282664323595,
    0.1115779454201399,
    0.11002830141429816,
    0.10854306804518858,
    0.10712034646449113,
    0.10575052686508957,
    0.1044203642314014,
    0.10312239715818242,
    0.10185052285145473,
    0.10060284069308151,
    0.09936485398716675,
    0.09813742347451178,
    0.09692303229390532,
    0.09572073535890568,
    0.09452315472471343,
    0.09332121216746958,
    0.09212809506761985,
    0.09093983963172103,
    0.08975110148141276,
    0.08855920626098933,
    0.08737115153910871,
    0.08619933066084727,
    0.0850346790512996,
    0.0838903040633035,
    0.0827508898168257,
    0.08163261937437848,
    0.08052857936668179,
    0.07942473777840427,
    0.07832484392293745,
    0.07722893370070126,
    0.07614146569994928,
    0.07505717086017082,
    0.07397480812918479,
    0.07289874603130765,
    0.07182814571089348,
    0.07076849078930157,
    0.06971900944410649,
    0.0686830690062575,
    0.06766109464961399,
    0.06665557320452332,
    0.06565542393586458,
    0.06466044857408472,
    0.06366914215749404,
    0.0626866095123909,
    0.06171562305364371,
    0.06075685091530755,
    0.0598166332259014,
    0.05889657253788753,
    0.05798048937113174,
    0.05705844293047226,
    0.056140279139935065,
    0.05522352271535497,
    0.05432090435274713,
    0.05342688768289742,
    0.05254144918073119,
    0.05167078317159903,
    0.05080733616473114,
    0.04994655525211935,
    0.049083626021783476,
    0.048230423422636524,
    0.04738665875797604,
    0.046549161030126976,
    0.045723892721972276,
    0.044912745006932535,
    0.044111535962979086,
    0.04333274633042567,
    0.04257600529936393,
    0.041833665107249375,
    0.04110655694012137,
    0.040400877646907966,
    0.039706210144676624,
    0.039033189812718104,
    0.03838620057048207,
    0.037768043672158406,
    0.03717975852296846,
    0.036618749548038086,
    0.03607831041023631,
    0.035554337260499135,
    0.0350474473761277,
    0.034551397464395596,
    0.03406264598611514,
    0.03356998728871857,
    0.03307313454526718,
    0.03257377519990877,
    0.032061616969702236,
    0.03154027782097438,
    0.03100194977956246,
    0.030437379795046536,
    0.029857494120529342,
    0.029260237338072967,
    0.02865289642832178,
    0.028021378938059935,
    0.027358367508371128,
    0.026669434868368168,
    0.025959200701501102,
    0.025230459082994428,
    0.024487597254862593,
    0.023742832354018917,
    0.02300198406391492,
    0.022259453988798566,
    0.02151769697543137,
    0.020782592369707996,
    0.020074595833569596,
    0.019395014947151748,
    0.01874584263429462,
    0.018111871701850614,
    0.01749711373949993,
    0.01689452238892976,
    0.016305305160355055,
    0.0157258448680052,
    0.01515333108999904,
    0.014600970125458279,
    0.014055272899651297,
    0.01351282916590785,
    0.012972896282619275,
    0.012429073614929015,
    0.011884334600524779,
    0.011336694469130442,
    0.010789189386494934,
    0.01024834932006051,
    0.009705285419345129,
    0.009173370758492555,
    0.00864481802821308,
    0.008128677898483195,
    0.0076241961764970095,
    0.007135542896914209,
    0.006661484803054843,
    0.006202170255880709,
    0.005748672534831864,
    0.005309451765001372,
    0.004875519779430389,
    0.004447062243200178,
    0.004025929761050837,
    0.00361424412660661,
    0.003203366749904433,
    0.002780058195482973,
    0.0023573783823592574,
    0.0019392586425612936,
    0.001532536860600378,
    0.0011470889900195306,
    0.0007801989768543186,
    0.00042568195158835956,
    9.417213108659677e-05,
    -0.00023185555874090944,
    -0.0005430019921076264,
    -0.0008341253351467917,
    -0.0011047479894650367,
    -0.0013666179338352518,
    -0.0016235119429717456,
    -0.0018800475809286586,
    -0.0021364023481592704,
    -0.0023994360044068412,
    -0.002679063298080968,
    -0.002972664386768448,
    -0.0032660775153817473,
    -0.0035561501569320348,
    -0.0038445110034650205,
    -0.004130329860424392,
    -0.0044127589057180675,
    -0.004693001709364052,
    -0.004967498758589467,
    -0.005228297095211275,
    -0.00547932122299074,
    -0.005721835123645898,
    -0.0059580093307622685,
    -0.0061916671291033865,
    -0.006422575938036134,
    -0.006656520985815878,
    -0.006874698858671953,
    -0.007070299355326392,
    -0.007250690568975559,
    -0.007424196541091717,
    -0.007588235430288534,
    -0.0077537877438793494,
    -0.007925308618511408,
    -0.008098816243528921,
    -0.00829234230382789,
    -0.008492801196707417,
    -0.00869483819361407,
    -0.008906166908946746,
    -0.009116158031690783,
    -0.009322357356956726,
    -0.009521108713891389,
    -0.009717724826882934,
    -0.00991709301130022,
    -0.010125675812670534,
    -0.010336866016053966,
    -0.010548177353203304,
    -0.01076295572666416,
    -0.01097712361315697,
    -0.011181036239612481,
    -0.011379859061793713
  ],