{
  "x0": [
    0.46583266718927513,
    0.31049348583110475,
    0.22367384697962014,
    0.690159132317985,
    0.10411090424734701,
    0.8233616930261397
  ],
  "x": [
    0.08481308839663759,
    0.838049181887782,
    0.07713759851365888,
    992.2311863321273,
    2.272835093669699,
    0.8233616930261397
  ],
  "SSE": 0.010095568797275441,
  "exp_data": [
    1.0,
    0.6515722251195564,
    0.39934182406139157,
    0.28048068281307964,
    0.22024397345290192,
    0.1843684245420492,
    0.16156128570541436,
    0.14612160451010608,
    0.1348828135026417,
    0.12617770511886378,
    0.1193559059317505,
    0.11393173605540025,
    0.10947897795796732,
    0.10565523747774261,
    0.10241084188494597,
    0.09967086470620003,
    0.09732691965835856,
    0.09524798191965644,
    0.09340923286819733,
    0.09175278537074111,
    0.09026502287509587,
    0.08894745041354932,
    0.08778282061256112,
    0.08677204387408256,
    0.08587535460709246,
    0.08510781443331504,
    0.08440439548145576,
    0.08372671804423379,
    0.08314634345991816,
    0.08264060459866804,
    0.08216499572627917,
    0.08164688899122967,
    0.08115702655875023,
    0.0807517482707619,
    0.08037983776772484,
    0.08006248696274286,
    0.07978875966146563,
    0.07954218671040673,
    0.07930985089610815,
    0.0791328479464863,
    0.07893537990786598,
    0.07875119129487039,
    0.07853452234830323,
    0.07826495161176021,
    0.07802381697819,
    0.07783817193875082,
    0.07760689869766946,
    0.07735665520711336,
    0.07711519255769572,
    0.07685722142643889,
    0.07666534640756065,
    0.07653916449511879,
    0.07641843070793691,
    0.07626675231692365,
    0.07611714695523931,
    0.07597577750305737,
    0.07586328573110558,
    0.07576779831077476,
    0.07564581976773603,
    0.07552414379946089,
    0.0753840683729357,
    0.07521058515464148,
    0.07501405597821936,
    0.07486432776298182,
    0.07481313763389734,
    0.0747706211739303,
    0.07469695838604805,
    0.07461201871965487,
    0.07450786194519236,
    0.07440281642102811,
    0.07431422048637135,
    0.07423433644683762,
    0.07411028036735232,
    0.0740083087500934,
    0.07399686127288373,
    0.07398436143896393,
    0.07391741114566266,
    0.07381101554166883,
    0.0737041565045344,
    0.07368088313732239,
    0.07371395714631969,
    0.07367428976349673,
    0.07361222843617952,
    0.07356954955249859,
    0.07350887669652569,
    0.07345592837971535,
    0.07342976293116026,
    0.07340473518226362,
    0.07345209645683641,
    0.07346538492257816,
    0.07343083645852704,
    0.07335832920741137,
    0.07321905166841763,
    0.07313170940695368,
    0.07305193491566817,
    0.07300208356346738,
    0.07299085521898499,
    0.07291826811589103,
    0.07284190408882428,
    0.07278521614628336,
    0.07274735659582654,
    0.07268106097364865,
    0.07258813555045508,
    0.07250926344672758,
    0.07245387743961836,
    0.07240654414784166,
    0.0723685999350311,
    0.0723634638566317,
    0.07230485275557935,
    0.07223579565319437,
    0.0722038238969951,
    0.07223921665097789,
    0.07227290844167333,
    0.07227706992638949,
    0.07232496470618904,
    0.07233761095704347,
    0.07237441769798424,
    0.0723786614743592,
    0.07237193499192632,
    0.07228104714474774,
    0.07217827541682516,
    0.07219588618075881,
    0.07220221704765867,
    0.07224345870685894,
    0.07221025988892606,
    0.0721542915127471,
    0.0720867820670232,
    0.072007070458283,
    0.07191246106982362,
    0.07183520715199272,
    0.07180312358005439,
    0.07178990626293032,
    0.07180605846050793,
    0.07179875109620536,
    0.07177812056908214,
    0.07172519173659143,
    0.0716811208304774,
    0.07164939212551645,
    0.07158130332218644,
    0.07154255451775744,
    0.07158502967921863,
    0.07159764872806222,
    0.07161095535571729,
    0.07163057159223275,
    0.07165173599707558,
    0.07166103113196891,
    0.07162708115925571,
    0.07158397565719282,
    0.0715589150550454,
    0.071555182297154,
    0.07154815996640945,
    0.07154580846074254,
    0.07155085470482508,
    0.07157174259204734,
    0.07155379717465496,
    0.07150892169166465,
    0.07146729317924855,
    0.07144272581797871,
    0.07142982829157077,
    0.0714172729418153,
    0.07145243179774755,
    0.07145336605490384,
    0.07143410852159465,
    0.07142892747754359,
    0.07141094296809664,
    0.07138138920653893,
    0.0713563867522545,
    0.07135617236505014,
    0.07128401798109864,
    0.07126923665457544,
    0.07129415684517793,
    0.07130634886087105,
    0.07128908106227148,
    0.07125985093832955,
    0.07123078571059377,
    0.07118152917820109,
    0.07118766994019556,
    0.0711497388036825,
    0.07112278558512221,
    0.07103110729244064,
    0.07098817047523635,
    0.07100063524706444,
    0.07107221407173506,
    0.07105197796954468,
    0.07100578479189998,
    0.07097478930900444,
    0.07093644201360721,
    0.07097755573346563,
    0.07099183419417175,
    0.07097530325440486,
    0.07091400734039738,
    0.07085372436150003,
    0.07082444275532834,
    0.0708044772531635,
    0.07083497357448133,
    0.07083222750320521,
    0.0708927474017389,
    0.0709464412748902,
    0.07099565491527239,
    0.0710388983454527,
    0.07104507198424422,
    0.0709745099484487,
    0.07088633520288823,
    0.0708575478466926,
    0.07085398149703867,
    0.0708780244455951,
    0.07091173551636927,
    0.07098712422322892,
    0.07102903989042218,
    0.07105381940010376,
    0.07109364332776376,
    0.07113315166908443,
    0.0710959020922369,
    0.0710236865736668,
    0.07105879169136073,
    0.0710562083941278,
    0.0710524249416137,
    0.07094763453920824,
    0.07083063632779923,
    0.07076218172828025,
    0.07081590262537932,
    0.0708665380993297,
    0.07087037834986766,
    0.07085094361019867,
    0.07083264135857797,
    0.07075303063488489,
    0.0706782117527968,
    0.07063244527625781,
    0.07057844046518338,
    0.0705372458544633,
    0.0704805090266673,
    0.07043660559412399,
    0.0704603718054816,
    0.07044683006296189,
    0.07047690206944071,
    0.07046728258657017,
    0.07047335376320833,
    0.07048004349984108,
    0.070478708358886,
    0.07042418125991079,
    0.07036492009182713,
    0.070350678404883,
    0.07029168563199521,
    0.070296876831631,
    0.07034935477341718,
    0.0703347522351694,
    0.07028728901580863,
    0.07022529877466724,
    0.0701916201327251,
    0.07021605488411839
  ],