{
  "x0": [
    0.15114532384127702,
    0.5940783023194065,
    0.25477637383931656,
    0.41505027100152475,
    0.41505027100152475,
    0.5769285701648447
  ],
  "x": [
    0.8434763540850649,
    0.08650419011780643,
    0.07001895008490289,
    2.1713568521186555,
    704.7401238549722,
    0.5769285701648447
  ],
  "SSE": 0.009646893673881538,
  "exp_data": [
    1.0,
    0.6439521184843975,
    0.38879044086252595,
    0.27192738350628787,
    0.2137619766988501,
    0.17939215170241726,
    0.1577934480553068,
    0.14326101770568722,
    0.13275152621807204,
    0.12479969868576833,
    0.11854629562603598,
    0.11338736374714223,
    0.10908914879280256,
    0.10549176699494814,
    0.10226812813273875,
    0.09949151247909627,
    0.09704228324306534,
    0.09491320438486743,
    0.09311717113632793,
    0.09159154436444084,
    0.09027531606412632,
    0.08905153675091584,
    0.08793121382991864,
    0.08694878411739818,
    0.08607388012695082,
    0.08531177026294029,
    0.08463876061128785,
    0.08395513169406915,
    0.08335974539437914,
    0.08283518602738335,
    0.08234797662929717,
    0.0818752161745092,
    0.08142056217745221,
    0.08100361060381207,
    0.08061937571618212,
    0.08025342954732867,
    0.07989173349066298,
    0.07955650046255473,
    0.07921960688903767,
    0.07890436786400723,
    0.07865663770158703,
    0.0783919841332581,
    0.07817375472011903,
    0.07796114065959171,
    0.07776182682683265,
    0.07751402944431951,
    0.07728376852831281,
    0.07708576784303918,
    0.07688606836071883,
    0.07663779461613499,
    0.07638522708483772,
    0.07626952943897232,
    0.07609055868372236,
    0.07589141068711402,
    0.07574468825598217,
    0.07560568426954506,
    0.07547700263178898,
    0.07535426679372617,
    0.07516736743285145,
    0.07502247822930343,
    0.0749237929657695,
    0.07479402704871654,
    0.07459449991609812,
    0.07446492077580202,
    0.07431925372369952,
    0.07415413990643804,
    0.07399423242847705,
    0.07386524177949247,
    0.07372364049562102,
    0.07361350932650855,
    0.0735473848822595,
    0.07352132760988227,
    0.07346803397046399,
    0.07338937158305148,
    0.07325019497496796,
    0.07318290880405359,
    0.07311852364439018,
    0.07300617480315179,
    0.07295199130107996,
    0.0728730911398131,
    0.07281815947539914,
    0.07277207908457708,
    0.07268936553954161,
    0.07261781097549787,
    0.07249660338338203,
    0.07240737769672137,
    0.07231002620040844,
    0.07225847513429821,
    0.07223090289149114,
    0.07212134284506345,
    0.07201949796318675,
    0.07192949042858417,
    0.07181870149987199,
    0.07174752060185507,
    0.07165068980365802,
    0.07162689359727695,
    0.07165848598983829,
    0.07161379598844646,
    0.07154900957790042,
    0.07148405649870737,
    0.07144711911743294,
    0.0713600763302149,
    0.07129803680598333,
    0.07122404999178045,
    0.07112573389462673,
    0.07105820359795346,
    0.07099246177959984,
    0.07090574857268693,
    0.0708070281962776,
    0.07074687511647497,
    0.07065153362245487,
    0.07058094145935635,
    0.07056630128575829,
    0.07053138309984296,
    0.07044181045239692,
    0.07039228177149859,
    0.07033610119132236,
    0.07034131658913714,
    0.07031691981131741,
    0.07027579823372115,
    0.07024264092634569,
    0.07018737810431143,
    0.0701320276708445,
    0.07005843485608562,
    0.07004652814215871,
    0.06994249176171984,
    0.06989602285003076,
    0.0698512200605583,
    0.06975896746969505,
    0.06964127386289572,
    0.06959695342395478,
    0.06965015206721527,
    0.06965349500758435,
    0.06957231384668403,
    0.06957180287733393,
    0.06961047117120782,
    0.06962186551426007,
    0.06961659343237286,
    0.06959079406842172,
    0.06957848630971221,
    0.06954724995696691,
    0.0694636359077118,
    0.06938732832155846,
    0.06928579895827544,
    0.06922923211826047,
    0.0691935646813354,
    0.06919209042419666,
    0.06918541274600391,
    0.06911253314204581,
    0.06904179897145099,
    0.06896286195820565,
    0.06890841701285802,
    0.06880180239107427,
    0.06871459722593631,
    0.06868642328652155,
    0.06868667219777656,
    0.06871077647476521,
    0.06867021973755845,
    0.06862364337441786,
    0.06860289204874039,
    0.06859248250058476,
    0.0685763893156266,
    0.06848172455526322,
    0.06837666390491996,
    0.0683560819360704,
    0.06827157168657401,
    0.06815988444740431,
    0.06805394854765325,
    0.06789616956633063,
    0.06779485926639556,
    0.06772993915831084,
    0.06767208577566881,
    0.06758533099820788,
    0.06755004201977928,
    0.06756537956936905,
    0.06759824686867258,
    0.06759366740824266,
    0.0675239864086268,
    0.06744236659173951,
    0.06736434568166656,
    0.06728021476326534,
    0.06722501334336053,
    0.06721336752377972,
    0.06716192797160107,
    0.06715378121678582,
    0.06710254419779878,
    0.06706608918891736,
    0.06696649785603513,
    0.0669620506889246,
    0.06696687870500499,
    0.0669393822225305,
    0.06686264749432054,
    0.06685645220260467,
    0.0668786454597914,
    0.06685252049748572,
    0.066780964022788,
    0.06666963722725475,
    0.06664715547241327,
    0.06663007691684673,
    0.06659105512233214,
    0.06658076294169378,
    0.06649918351632982,
    0.0664079892068881,
    0.06635658193493119,
    0.06627885972324844,
    0.06627138092428062,
    0.06621424374904061,
    0.06621605057922023,
    0.06624901101211957,
    0.0661787754870446,
    0.0661065120266162,
    0.066072941260627,
    0.06601536240437555,
    0.06595693955701364,
    0.06590336157361339,
    0.06591127544797856,
    0.0659451307949498,
    0.06597579936705786,
    0.06606231856335948,
    0.06604450744636182,
    0.06599547673968433,
    0.06592865704374219,
    0.06577483834586842,
    0.06571713212877629,
    0.06571334462980477,
    0.06573535541264698,
    0.06571819288513533,
    0.06565563295128252,
    0.06564476371215339,
    0.06564905686914457,
    0.06562657658533474,
    0.06560257235882587,
    0.0655414792840903,
    0.06550749374716262,
    0.06554347976884081,
    0.06562687738880872,
    0.06567380935487387,
    0.06564297161633689,
    0.06565361879942438,
    0.06566690183019945,
    0.06560619626196625,
    0.06559571228258437,
    0.06563980919864519,
    0.06572331508639696,
    0.06574555037803971,
    0.0656902474355083,
    0.06567450637020972,
    0.06569976228135807,
    0.06571243797061725,
    0.06560810156109928
  ],