{
  "success": true,
  "x0": [
    0.5246086249860384,
    0.32940485688794147,
    0.1459865181260201,
    0.500554620426142,
    0.49955462042614196,
    0.206925945342417
  ],
  "x": [
    0.08817647847233998,
    0.8788499329133098,
    0.032973588614350215,
    817.6076872447298,
    2.6546237550851637,
    0.206925945342417
  ],
  "SSE": 0.008765449118628935,
  "exp_data": [
    1.0,
    0.713962231048118,
    0.4847726761139358,
    0.34627544615515565,
    0.26608850305139314,
    0.21674202293075817,
    0.18501239452610807,
    0.16384557416159817,
    0.14924435437516512,
    0.1386884766001821,
    0.13070232407081678,
    0.12436172151533724,
    0.11907690147604413,
    0.11454902129468844,
    0.11066151070720516,
    0.10731275550152773,
    0.10437985505022981,
    0.10178819767433495,
    0.0995362040266222,
    0.09757254813937158,
    0.09586740440065417,
    0.09436598345659516,
    0.09303862976681791,
    0.0918781934811295,
    0.09079727068054669,
    0.08981804791488687,
    0.08889749826264423,
    0.08806434326206675,
    0.08735604363572066,
    0.08671205109242974,
    0.08611047864215071,
    0.08554708816372529,
    0.08500289046302185,
    0.0844866934534305,
    0.08396320103530308,
    0.08347871711128174,
    0.08309582938384018,
    0.0827316645990943,
    0.08236674383077287,
    0.08202893864508072,
    0.08169526522168102,
    0.08137449670163528,
    0.08109395324280218,
    0.08083225639149148,
    0.08060311554651275,
    0.08039168296654024,
    0.08018440977614492,
    0.07995126427585007,
    0.07976999179188311,
    0.07960026337211758,
    0.07941753058267796,
    0.07921576486891291,
    0.07906338039546632,
    0.0789052240088594,
    0.07873515186131914,
    0.07852039580250088,
    0.07831891028396556,
    0.07816928211591492,
    0.07797802755648095,
    0.07778645327966735,
    0.0775856846345834,
    0.07743345971024752,
    0.07731230467935624,
    0.07719895299257662,
    0.07709319945129642,
    0.07698965371681646,
    0.07691048509035217,
    0.07677765621487743,
    0.07660896834987042,
    0.07643553187102135,
    0.0762946316189554,
    0.07615821339516024,
    0.0760423237846785,
    0.07588782122555153,
    0.0757810786038101,
    0.07573213601614966,
    0.07566103388005926,
    0.07554372760045631,
    0.0754049232116507,
    0.07529678343167183,
    0.07518223337446757,
    0.07510890189119127,
    0.07497997184020298,
    0.07492300493207986,
    0.07483366350818155,
    0.07473318144602568,
    0.07465963348401758,
    0.07457938044722728,
    0.07451939199291724,
    0.07445158174015744,
    0.07437998474735141,
    0.07432952989884661,
    0.07429556069462909,
    0.07429379105017102,
    0.07424243333572106,
    0.07419088690360952,
    0.07412326638158649,
    0.07404780837381025,
    0.0739671421671819,
    0.07391432060009613,
    0.07389419680574764,
    0.07386232058815832,
    0.07377187314701557,
    0.07368358640941441,
    0.073597604061355,
    0.0735511580953695,
    0.073501532212582,
    0.07345484591718497,
    0.07342416750148499,
    0.0733806929994182,
    0.07331102183142951,
    0.0732721802165582,
    0.0732407401315296,
    0.07325013573247979,
    0.07325271011610855,
    0.07327327156006433,
    0.0732525982520175,
    0.07323657070374127,
    0.07317360985797755,
    0.07307591705088981,
    0.07302007825722437,
    0.07296612997814934,
    0.0729024826967151,
    0.07286088972062979,
    0.0728577339073138,
    0.07280493925197079,
    0.07273610844898999,
    0.07267687624086684,
    0.0726132668709205,
    0.07251376062817433,
    0.07243516463139134,
    0.07237878698314029,
    0.07239503427107125,
    0.0724367605266203,
    0.07245411724913056,
    0.07243274150438864,
    0.07241558624068616,
    0.07238424617674025,
    0.0723320405830626,
    0.07226104985656503,
    0.07219508657916142,
    0.07215624939524873,
    0.0720862142260948,
    0.07199431895102418,
    0.07192551398915209,
    0.07182059004326932,
    0.07174759186779826,
    0.07170970887970038,
    0.07169157788512678,
    0.07170165929481019,
    0.07167723201706835,
    0.07165089471548901,
    0.07158336112132226,
    0.07151603903218347,
    0.07147752591680845,
    0.07145613644391328,
    0.0714472145894184,
    0.07141212816000417,
    0.07138328313760456,
    0.0713580858979833,
    0.07133365429354496,
    0.07133344352245023,
    0.07138736488083113,
    0.07138922588713999,
    0.07136931460455384,
    0.07133304759620189,
    0.0713247628366218,
    0.07130282802245604,
    0.07128902896031092,
    0.07126539433507038,
    0.07118979514948816,
    0.07112213549618883,
    0.07106075459266582,
    0.07100949146072331,
    0.07098269100368601,
    0.07093583841805483,
    0.07089202995513826,
    0.0708491223856136,
    0.07081380056315162,
    0.07078438993018032,
    0.0707384037557573,
    0.0707301341363529,
    0.07073396966481951,
    0.07075693920099761,
    0.0707913898507014,
    0.07082246783385812,
    0.07081813155556639,
    0.07082948527392771,
    0.07077026126989043,
    0.07066797289015461,
    0.07059623879412417,
    0.07057843009161356,
    0.07062948494706907,
    0.07065630371805214,
    0.0706965484804393,
    0.07069223581166563,
    0.07073207350457394,
    0.07077810668425019,
    0.07082630748152954,
    0.07084449372260945,
    0.07083405585874428,
    0.07076429532042788,
    0.07067388089202736,
    0.0706394563244857,
    0.07064919026591505,
    0.07061925481060635,
    0.07063587913097404,
    0.07065799305332542,
    0.07067000545293294,
    0.07065413628152692,
    0.07063777090137788,
    0.07058445550158243,
    0.07053152356928039,
    0.0705197396938369,
    0.07053090635451395,
    0.07052811955213262,
    0.07053478257550282,
    0.07050895271614888,
    0.07045244876688218,
    0.07042604385818381,
    0.07040385565643424,
    0.07039172037628406,
    0.07038440978249969,
    0.0703793344122201,
    0.07034458492077002,
    0.07030796740218209,
    0.07029522664194332,
    0.07029618647830484,
    0.07029850170303999,
    0.07026297507217047,
    0.07021083421591272,
    0.07018274323799496,
    0.0701777549607351,
    0.07019660833032418,
    0.07016833189862397,
    0.07012845953568482,
    0.07010241080714523,
    0.07007283308922393,
    0.07002419526539257,
    0.07001249056528999,
    0.07006130297688398,
    0.07012766736468021,
    0.07017603292512418,
    0.07017281345093483,
    0.0701758404012891,
    0.07020422455022782,
    0.07021389848241048,
    0.07021959072551053,
    0.07025334525054377,
    0.07029436012590046
  ],