{
  "x0": [
    0.10550250999666574,
    0.40518873228055075,
    0.4893087577227835,
    0.9062180277373255,
    0.9062180277373255,
    0.26995953647812626
  ],
  "x": [
    0.7038680345909778,
    0.25217857727751664,
    0.043953469489256124,
    14.721596554921106,
    598.4798832757707,
    0.26995953647812626
  ],
  "SSE": 0.018933457924208117,
  "exp_data": [
    1.0,
    0.9455048346925323,
    0.8919771057742968,
    0.8406932645859029,
    0.79295334562461,
    0.7492387311092241,
    0.7095468298010144,
    0.6736200260080989,
    0.6411036062672671,
    0.6116563230548422,
    0.5849689882000662,
    0.5607719474046104,
    0.5387956574438412,
    0.518797039159199,
    0.5005568800331893,
    0.48387835208599267,
    0.46858927119732546,
    0.4545395681816991,
    0.44158924386984244,
    0.4296199271331692,
    0.41852608579680267,
    0.40821434789871713,
    0.39861760473852587,
    0.3896680311020123,
    0.38130618783258885,
    0.3734811685371577,
    0.3661423716753817,
    0.3592488246860762,
    0.3527692173782406,
    0.3466699764141568,
    0.3409156269564363,
    0.33547803017028494,
    0.3303326825908971,
    0.3254530661245311,
    0.32081829924097477,
    0.31640967739785913,
    0.3122096023812605,
    0.3082063900123026,
    0.30437567894584305,
    0.30071292858821425,
    0.297205076223955,
    0.2938375608353737,
    0.2906056370736125,
    0.28750451242267494,
    0.2845301553790842,
    0.28166969730705355,
    0.2789161451367204,
    0.27626059980300793,
    0.27369079151772674,
    0.2711987705507494,
    0.268786367553984,
    0.26644952785410514,
    0.26418592239862876,
    0.2619968122863554,
    0.2598843017075324,
    0.2578337185310619,
    0.25584141543456074,
    0.2539138444292268,
    0.25204759778700775,
    0.2502403772516978,
    0.24848248371501677,
    0.24677187700939304,
    0.2451109454225939,
    0.24350269828326615,
    0.24194048895891027,
    0.24042323978585364,
    0.23895571832166332,
    0.2375397412154309,
    0.23617163043447892,
    0.23484963267632109,
    0.23357197583952136,
    0.23233447310102842,
    0.23112880978292594,
    0.22995690068462912,
    0.2288120046182011,
    0.22770025501514166,
    0.22661861180869014,
    0.22556844896079706,
    0.22454607209903574,
    0.22355256076195212,
    0.2225864652153354,
    0.2216439515943545,
    0.22073024824777016,
    0.21984780961763342,
    0.2189988491076531,
    0.21818168317316083,
    0.21739594307138374,
    0.21663883255033647,
    0.21590733532467937,
    0.21519882017372494,
    0.2145099882315589,
    0.2138345258044048,
    0.21317101013648002,
    0.21252372624669813,
    0.21189373684872226,
    0.21127963433625266,
    0.21068030685738917,
    0.2100973377008471,
    0.2095292382926874,
    0.20897567844996248,
    0.20843176653937154,
    0.20789247699234717,
    0.2073563944540143,
    0.2068260353668514,
    0.20630321331949075,
    0.20578272257996227,
    0.20526325476658114,
    0.2047501498966255,
    0.20423772543243174,
    0.20372822812712058,
    0.20322364405157106,
    0.20272447822673573,
    0.20223265174723493,
    0.20174520428523535,
    0.20125913532207815,
    0.20078283055846452,
    0.20031646880067455,
    0.19985721596491202,
    0.1994071546735187,
    0.19896557815833707,
    0.19852732362561565,
    0.19808920029658222,
    0.19765292591548786,
    0.19721758498784459,
    0.19678400601651763,
    0.19635086920426234,
    0.1959227943740347,
    0.19550217061248762,
    0.19509610579929476,
    0.19470247481390388,
    0.1943258151609475,
    0.19396558356401214,
    0.19361009201611154,
    0.19326318976225895,
    0.19292218360114796,
    0.19258252151087635,
    0.19224649121720708,
    0.191911535987424,
    0.1915799458598861,
    0.19125483643653335,
    0.19093315340688444,
    0.1906140929754861,
    0.19029877360411518,
    0.18998699570731162,
    0.1896849081128611,
    0.18939795153272856,
    0.18912556997940302,
    0.1888679907571768,
    0.18862708799639216,
    0.18840182834801233,
    0.18818683221477225,
    0.18797799703700696,
    0.1877710563895953,
    0.18756754531671538,
    0.18737389432318277,
    0.18719057413827225,
    0.1870163044553111,
    0.18684752571073215,
    0.18668372115530046,
    0.18652409295764616,
    0.1863642926348639,
    0.1862066935691586,
    0.18604835855408536,
    0.18589315028332332,
    0.18574211781640848,
    0.18558783665941714,
    0.1854314979618464,
    0.18526927470649512,
    0.18510388588983392,
    0.18494003535798637,
    0.18477067346854598,
    0.1846021317555669,
    0.18443282756989252,
    0.18426320307342275,
    0.1840993737346541,
    0.183949625977431,
    0.1838167337507341,
    0.1836986929974639,
    0.18359620837066254,
    0.18350940093910884,
    0.18343237852719127,
    0.18336312879078936,
    0.18329223996298988,
    0.1832217503762804,
    0.18314717176102224,
    0.18306988258337475,
    0.18299177740942715,
    0.1829177873541273,
    0.18283998903243726,
    0.18276539879860343,
    0.1826886106604498,
    0.1826163339613239,
    0.18254525816240316,
    0.18247016720355022,
    0.18238793650828042,
    0.18229862599123609,
    0.18220063770629522,
    0.18210040488009424,
    0.18200312451825443,
    0.1819128790451233,
    0.181834906231419,
    0.1817621037077304,
    0.1816977721462383,
    0.1816390710146282,
    0.18157865895944125,
    0.18151202501712216,
    0.18144112025605263,
    0.18136502104157765,
    0.1812861743071459,
    0.18120158213096854,
    0.18110983927327415,
    0.18101593302884406,
    0.18091646617758,
    0.18080618312119173,
    0.18068721296491683,
    0.18056228575782574,
    0.18043325155193718,
    0.1803077642615547,
    0.18018341186578876,
    0.1800621169196284,
    0.17994400211626838,
    0.1798380420336761,
    0.1797453278576267,
    0.17966389472714467,
    0.17959166131325677,
    0.17952644326741238,
    0.17946934562251138,
    0.17942456413328073,
    0.17939286700040133,
    0.1793737587249723,
    0.17936787358649,
    0.1793689722421654,
    0.17937452316562832,
    0.1793838242118626,
    0.17939348186343962,
    0.17940274066983955,
    0.17941472419395801,
    0.17942432064258368,
    0.17942837339213663,
    0.17943031810438234,
    0.1794258788784272,
    0.17941914879000562,
    0.17940910508038732,
    0.17939103836144965,
    0.17936227492209036,
    0.17931597044653944,
    0.1792513511101834,
    0.17917643301631456,
    0.17909453910920597,
    0.17900716311476073
  ],