{
  "success": true,
  "x0": [
    0.4821302930283982,
    0.4294051810098472,
    0.08846452596175454,
    0.5053844325602157,
    0.24296822724490658,
    0.4436830861806928
  ],
  "x": [
    0.2710229221253679,
    0.70191475928062,
    0.02706231859401228,
    558.5220373867247,
    15.369081992391695,
    0.4436830861806928
  ],
  "SSE": 0.016059650794684126,
  "exp_data": [
    1.0,
    0.9539273480844565,
    0.9083415442065326,
    0.863803321002298,
    0.8208858100354001,
    0.7799869632116226,
    0.7414019487122379,
    0.7053964782167464,
    0.6721636092082274,
    0.641795018145294,
    0.6142337991318372,
    0.5893030017078433,
    0.5667301545860861,
    0.5462429469358185,
    0.5275963379242739,
    0.510564743286956,
    0.49496298656529875,
    0.48063173699738093,
    0.46742739935417854,
    0.4552271263193975,
    0.44392459214687513,
    0.43342511188267757,
    0.423652637772254,
    0.4145319791280928,
    0.4060019293116346,
    0.39800776586130077,
    0.3904940321254562,
    0.3834165972499065,
    0.3767435643819963,
    0.37044312942208024,
    0.3644776518659103,
    0.35882593409379876,
    0.35346539387580417,
    0.34837010907172045,
    0.34352591616583134,
    0.33891695471739547,
    0.33452194228681337,
    0.3303250754612443,
    0.32630432953302874,
    0.3224530877290973,
    0.318757862083771,
    0.3152061982205747,
    0.3117917097079212,
    0.3085074820850123,
    0.30534224616239275,
    0.302277288978532,
    0.2993182652676187,
    0.29645539651733266,
    0.29368176810081115,
    0.29099951187992856,
    0.2884057794380895,
    0.28589671374916076,
    0.28346611423823254,
    0.2811147276800004,
    0.27883973958629443,
    0.2766294834276693,
    0.27447825426283895,
    0.2723837087126013,
    0.27034056105014476,
    0.2683528609429336,
    0.26640972484709313,
    0.2645119143737653,
    0.2626628041048091,
    0.2608617489292261,
    0.25910836945800914,
    0.25739431569472954,
    0.2557199883841752,
    0.2540916000436359,
    0.25250064570369124,
    0.25094982611122596,
    0.24943555325120856,
    0.24796103910333014,
    0.24652632310995365,
    0.24512867159406287,
    0.24376644158386587,
    0.24244543870253707,
    0.2411631832387805,
    0.23992383597637645,
    0.2387251619842437,
    0.2375686415385257,
    0.23645590601105218,
    0.23538209412856392,
    0.23434680653159753,
    0.23335190093858466,
    0.23239889139970954,
    0.23148334360843123,
    0.23060721354698002,
    0.22976658570431915,
    0.22895841688087665,
    0.22817894182013812,
    0.22742998816037757,
    0.22670608377274176,
    0.22600861260846392,
    0.22533749245280094,
    0.22469576655373602,
    0.22408014491806064,
    0.2234907378353899,
    0.2229267602811938,
    0.2223875719978044,
    0.22186704775007723,
    0.22136640131523028,
    0.22087280492850933,
    0.2203860895251705,
    0.21990668922201412,
    0.2194402336381901,
    0.21898091586089757,
    0.218529558797154,
    0.21808267932966655,
    0.217633176223311,
    0.21717651787882866,
    0.21671697694390774,
    0.2162568251249423,
    0.21579561526505653,
    0.21533541338128306,
    0.21487030914716387,
    0.21440032524500624,
    0.21392724936564841,
    0.21345148194987035,
    0.21297359956264775,
    0.21250319319644065,
    0.21203702031045107,
    0.21157865119891037,
    0.21112734267835492,
    0.21067256008349108,
    0.21021373756836179,
    0.20974822651480735,
    0.20926711491231248,
    0.20878401485894688,
    0.2083065101421283,
    0.20783679292050916,
    0.2073810271209908,
    0.20694665907051835,
    0.2065329991751425,
    0.20614527441920885,
    0.20578031971300623,
    0.20542986979145902,
    0.2050930185845945,
    0.20475674219580234,
    0.20442524510539334,
    0.2040955158479131,
    0.2037732379189851,
    0.20345485623927573,
    0.20314051836690453,
    0.20283182908413805,
    0.20252644694785113,
    0.20222728711465565,
    0.20193034481671435,
    0.20163499529468681,
    0.20134379750556794,
    0.20105040464155818,
    0.20075733008621804,
    0.20047397376727993,
    0.200199741136992,
    0.19993115473323245,
    0.19966974517024583,
    0.19941574596079542,
    0.19916330832940676,
    0.1989157620394028,
    0.1986665397627281,
    0.19841570505730682,
    0.19816642560096676,
    0.19792013170822895,
    0.19767244864985883,
    0.1974228974963166,
    0.1971763359471415,
    0.1969217529663229,
    0.19666192924036505,
    0.19639774634931517,
    0.19613894944589144,
    0.19588718747964037,
    0.19563626845221707,
    0.19540009349211268,
    0.1951792592131755,
    0.19497915581084774,
    0.19479963539483933,
    0.19463969330018246,
    0.1945045154148579,
    0.1943910462999197,
    0.19429712641085062,
    0.19422019461015522,
    0.1941510842836764,
    0.19409253212127375,
    0.19403283838637253,
    0.1939674591095352,
    0.19389013171972216,
    0.19379992624419493,
    0.19369145990802686,
    0.19357105384165987,
    0.19343131581861348,
    0.19327824180325348,
    0.1931139609043608,
    0.19294185472214,
    0.19275786810593257,
    0.1925583569251374,
    0.19233936448550482,
    0.19210586673129806,
    0.1918639374422562,
    0.19161873363762866,
    0.19137089648292435,
    0.1911178215098049,
    0.19086752886039718,
    0.19061901298665282,
    0.1903805828712428,
    0.19014700606603246,
    0.18992152924815153,
    0.18970313950221698,
    0.18949449217561182,
    0.18929148671774929,
    0.18909768295305496,
    0.1889059234604835,
    0.1887211272618249,
    0.18853980673190943,
    0.1883578900734849,
    0.18817331292481615,
    0.18799140306572146,
    0.18781347776962481,
    0.18763703067355808,
    0.18746868571165212,
    0.18731077551095457,
    0.1871605600738842,
    0.18701226618171812,
    0.1868821488990264,
    0.18676647258652737,
    0.18665869109655658,
    0.1865557546125964,
    0.18646317360184292,
    0.1863813757196883,
    0.18631084362957234,
    0.1862532943472691,
    0.1861971867630208,
    0.18613990685843382,
    0.18607455983310228,
    0.18601142049213057,
    0.18595020268826334,
    0.18588364550319805,
    0.1858165703621557,
    0.18574387799612233,
    0.18566352577285997,
    0.18557253212993846,
    0.18546803612311713,
    0.18534819204542088,
    0.18521245029366776,
    0.1850582292049798,
    0.1848885335048644,
    0.1847044937960355,
    0.18450480311169917,
    0.1842879585625995,
    0.1840612347198292,
    0.18383022808998153,
    0.1835936447055295
  ],