{
  "x0": [
    0.5731690897907206,
    0.21525505327690192,
    0.21157585693237743,
    0.7110977367682793,
    0.40806452689195316,
    0.43033065395110576
  ],
  "x": [
    0.4294493243990574,
    0.5728481570784472,
    0.0,
    30.38031502760822,
    10.711915733286109,
    0.43033065395110576
  ],
  "SSE": 0.0007086618810697046,
  "exp_data": [
    1.0,
    0.940545033577281,
    0.8815897951871808,
    0.8247309210221165,
    0.7714820545488544,
    0.7223793867625041,
    0.677386977051077,
    0.6361836012865393,
    0.5983656610630085,
    0.5635628860754281,
    0.5314500053693262,
    0.5017616893962684,
    0.4742629699476509,
    0.44874408403614974,
    0.4250227690512161,
    0.4029382174805581,
    0.3823478819527689,
    0.3631164285541657,
    0.34512570442976076,
    0.3282697362779272,
    0.31244374060964536,
    0.2975672849642083,
    0.28358004036524675,
    0.2704110691826563,
    0.25800067476019883,
    0.24629496956721178,
    0.23524423348005746,
    0.2248020138791611,
    0.21492660108090203,
    0.20557884085107622,
    0.19672160099699473,
    0.18831910933141763,
    0.18034099277427063,
    0.17276193806468035,
    0.16555586357421842,
    0.15870160787122495,
    0.15217798220069112,
    0.14596856269298136,
    0.14005078906215737,
    0.1344039627070057,
    0.1290161541442272,
    0.12387616287439926,
    0.11897431748829027,
    0.11429821103442535,
    0.1098371087007698,
    0.1055808846511532,
    0.10151815312493878,
    0.09763962695821538,
    0.09393288891065978,
    0.09038833424545499,
    0.08699761394502432,
    0.08375286810380515,
    0.08064643660600405,
    0.07766984715596272,
    0.07481763673555572,
    0.07208598330808631,
    0.06946792284245451,
    0.06695544779146531,
    0.06453946208430315,
    0.06221687164179006,
    0.0599859687326175,
    0.05784455766195895,
    0.05578626713966001,
    0.05380738530685227,
    0.05190489226678666,
    0.05007789975236029,
    0.048324472486033575,
    0.0466427752931333,
    0.045029444610121504,
    0.04348019646160444,
    0.04199157553092655,
    0.04056220585910082,
    0.039188660863016915,
    0.03786833935955606,
    0.036600462620068885,
    0.035384434122583956,
    0.034216254021203735,
    0.03309283486925347,
    0.03201271298905618,
    0.03097538511253559,
    0.029980318756010826,
    0.029024470621810804,
    0.028106300355855273,
    0.027223564825396583,
    0.026373574478383968,
    0.025556061082614868,
    0.024769412591076546,
    0.024011187683835113,
    0.02327988267019978,
    0.02257494070660823,
    0.021894716031024903,
    0.02123764356389281,
    0.02060296981561434,
    0.019990411995209546,
    0.01939994398436336,
    0.018830981980713618,
    0.018282898341785585,
    0.017753843957860244,
    0.01724312243360024,
    0.016749905048481752,
    0.016274207265797924,
    0.01581574328530416,
    0.015373887410508928,
    0.0149481136262698,
    0.014537168445585861,
    0.014140794041002713,
    0.013759155525176014,
    0.013392572580836336,
    0.013040488503949628,
    0.012702405095031434,
    0.012378280577794967,
    0.01206714115972208,
    0.0117678778589183,
    0.011479119131533221,
    0.011199854227610044,
    0.01093022020065199,
    0.010669201582622303,
    0.010416461901917648,
    0.010171158701277617,
    0.009933069238741892,
    0.009702952799130202,
    0.009479632272531078,
    0.009262953298558746,
    0.00905260445943087,
    0.008848410666671152,
    0.008650343360006871,
    0.008458107595073774,
    0.008271835583583804,
    0.008091540967635799,
    0.007917318526255513,
    0.007749268203680847,
    0.007586864268586799,
    0.007429645796508286,
    0.00727740857227464,
    0.007129587974508257,
    0.006985991371955545,
    0.006846872114210604,
    0.0067119556048107635,
    0.006580970919598309,
    0.006454267668669342,
    0.00633156978522954,
    0.006212720779379324,
    0.006097853558367236,
    0.005986670893735459,
    0.00587912137214087,
    0.0057748575538307135,
    0.005673593650065311,
    0.005574979498569789,
    0.0054788337283138595,
    0.005385509878850335,
    0.005294943738237896,
    0.00520724650466051,
    0.005121728677735213,
    0.005038563432747833,
    0.004957332322052354,
    0.00487783565729439,
    0.004800093668090805,
    0.004724156136298523,
    0.004649999310887133,
    0.004577692848546316,
    0.004507129339551827,
    0.0044382896924844185,
    0.004371001679764382,
    0.0043053345220204,
    0.00424115487591099,
    0.004178195094174294,
    0.004116384719087474,
    0.004055821756961637,
    0.003996241895195197,
    0.00393774281474288,
    0.003880218448136619,
    0.003823701853486543,
    0.0037682960977366755,
    0.0037138698882503113,
    0.003660296366481251,
    0.0036073329726264026,
    0.0035550769166988253,
    0.003503575655120734,
    0.0034529019648436047,
    0.003403048484774291,
    0.0033538215694267548,
    0.003305117438327518,
    0.003257013472152041,
    0.003209506584045428,
    0.0031626593994653926,
    0.003116413345106868,
    0.0030708109291897063,
    0.0030258339768560846,
    0.0029813322054054905,
    0.002937469854175755,
    0.0028942083178226836,
    0.002851427304899408,
    0.0028091182022876166,
    0.002767287676879775,
    0.0027258810853951817,
    0.0026848384257512114,
    0.0026441865204017596,
    0.0026040138540099514,
    0.0025643117518920847,
    0.0025250817808555623,
    0.0024864490117482824,
    0.002448281500137025,
    0.002410560171646696,
    0.0023731626084160106,
    0.0023360433763280827,
    0.0022991154425419176,
    0.0022625141354073518,
    0.0022262301801207456,
    0.002190197149808956,
    0.0021544574708456067,
    0.0021190069285265027,
    0.002083851707947555,
    0.0020489615153281284,
    0.0020142276033562247,
    0.001979671409282638,
    0.0019452255074892298,
    0.0019109269441971205,
    0.0018768391573466211,
    0.0018430048696726157,
    0.001809424944397342,
    0.0017761476126002117,
    0.0017433741155980019,
    0.0017109004636729015,
    0.0016787171211963073,
    0.0016467193485795299,
    0.0016148919038652622,
    0.0015832883595808028,
    0.0015519943628594715,
    0.001520926003605621,
    0.0014901159612164378,
    0.0014595704495890666,
    0.0014292104428154633,
    0.0013989725570588462,
    0.0013689213137119893,
    0.0013390627070800707,
    0.0013096008542110792,
    0.0012803977697002913,
    0.001251448986762531,
    0.0012228574689393571,
    0.0011944684760718453,
    0.0011663904155819094,
    0.001138581242852785,
    0.0011110796812483304,
    0.0010839084231786431,
    0.0010570199343522117,
    0.001030420623479794,
    0.001004127775052749,
    0.0009781804715686185,
    0.000952666899508631,
    0.0009275341679087506
  ],