{
  "x0": [
    0.24145425972273335,
    0.630859275392568,
    0.1276864648846987,
    0.7412325677431323,
    0.6256697852058337,
    0.6627450972904013
  ],
  "x": [
    0.4803435626801585,
    0.5306589642788454,
    0.0,
    12.044746917595644,
    31.875125014965494,
    0.6627450972904013
  ],
  "SSE": 0.00035786071973362073,
  "exp_data": [
    1.0,
    0.9539273480844565,
    0.9080330039646435,
    0.8628515308762338,
    0.8188965281665098,
    0.7765391320196455,
    0.7360521221587812,
    0.6976592068818914,
    0.6615113161187867,
    0.6276792766097141,
    0.5961216255505717,
    0.5667180992533767,
    0.539288740528582,
    0.5136524187132194,
    0.4896491825272193,
    0.4671355259222039,
    0.4459869247632662,
    0.4260928143882881,
    0.40735195877272723,
    0.3896787485020783,
    0.37299170813046745,
    0.3572158244692531,
    0.3422879509172443,
    0.3281490407833353,
    0.3147419669768258,
    0.3020194146446364,
    0.28993409538079273,
    0.2784463911052277,
    0.26752255811982867,
    0.25712689326958266,
    0.24722222252563134,
    0.2377813744818069,
    0.22877519835981197,
    0.22018148714902003,
    0.21197676883107106,
    0.20413551336441957,
    0.19663638201688904,
    0.18946303999418315,
    0.18259438570378245,
    0.1760153575649749,
    0.16970721962855118,
    0.16365586628730114,
    0.15785216369847455,
    0.15228226849971727,
    0.14693553019844294,
    0.14179723694982657,
    0.13686155381714243,
    0.13211735923987092,
    0.1275567910387552,
    0.12316857298641845,
    0.11894592000544754,
    0.11488033027191161,
    0.11096719360826922,
    0.10719913981044145,
    0.10356803552891125,
    0.1000681359972069,
    0.09669196659432008,
    0.09343476364379526,
    0.09029208740690162,
    0.08726032189763427,
    0.08433503122579131,
    0.08151223935532796,
    0.07878846355064552,
    0.0761606229711511,
    0.07362492305770617,
    0.0711764717495077,
    0.06881218991437744,
    0.06653061389685647,
    0.06432790494771079,
    0.0622018849000431,
    0.06014929701987502,
    0.05816667838666387,
    0.05625016067043076,
    0.054396911161842504,
    0.05260662736718997,
    0.05087699953780832,
    0.04920672196454805,
    0.04759363728029363,
    0.046036159699640214,
    0.04453403531111832,
    0.043084929734663185,
    0.041685190527434336,
    0.040334831241529354,
    0.03903205309896853,
    0.03777592085790787,
    0.03656580585441646,
    0.03539935967755974,
    0.034273333160203916,
    0.03318717799451703,
    0.03214005053515991,
    0.031130484781801977,
    0.03015632503745685,
    0.029215806762309837,
    0.02830819776965579,
    0.027431299042364028,
    0.026583958065884608,
    0.025765705024737552,
    0.024976668477319025,
    0.024215059408120507,
    0.023480090232759064,
    0.022770683085805512,
    0.02208534783774572,
    0.021422959620306402,
    0.020781961705239892,
    0.02016290674380447,
    0.01956432028512072,
    0.018985015467890623,
    0.01842399186517027,
    0.017880459766498533,
    0.017353635620284417,
    0.016843106942643116,
    0.01634796322054602,
    0.015867341815958655,
    0.015401629395753336,
    0.014949668916321235,
    0.014511351808452115,
    0.014085797204856516,
    0.013672822627317862,
    0.013271867572008385,
    0.01288221346206476,
    0.012503393972944402,
    0.012135007101524006,
    0.011776431375893846,
    0.01142719446499013,
    0.011087287114017713,
    0.010756049295608316,
    0.010433455410227692,
    0.010119398839033128,
    0.009813743937135232,
    0.009516092180855498,
    0.009226191408639927,
    0.008944032162250658,
    0.008669083462645874,
    0.008401420360688168,
    0.008140787422266055,
    0.007887187306372735,
    0.007640180706975461,
    0.007399619846956094,
    0.007165240796929669,
    0.006936966473254985,
    0.006714179171391462,
    0.00649743209014471,
    0.006286985853400976,
    0.0060822553096241865,
    0.005883040402075155,
    0.005689227524594682,
    0.005500935608041014,
    0.0053180411055200735,
    0.0051402302299447195,
    0.0049678842498877985,
    0.004801152044800952,
    0.004639631679221953,
    0.004483300564961305,
    0.0043320479925162796,
    0.004185547382389123,
    0.0040436815018764435,
    0.003906504326944718,
    0.00377347091178896,
    0.003645125411873379,
    0.003521064444422899,
    0.003401518460262649,
    0.0032863391285266864,
    0.003175204682057278,
    0.00306780680764974,
    0.002964464245073717,
    0.0028648581489010587,
    0.0027687674760906405,
    0.0026761737480001874,
    0.002586993809228697,
    0.0025010944033791445,
    0.002418296883422172,
    0.002338825624703946,
    0.002262391953040157,
    0.0021892504947981658,
    0.00211897180751799,
    0.002051665308628253,
    0.001987240406955686,
    0.00192570646847244,
    0.0018667012030446394,
    0.0018099261160495377,
    0.0017553482090208947,
    0.0017027579634625522,
    0.00165184909645087,
    0.0016025614545618367,
    0.0015549610174467447,
    0.001508871108120524,
    0.0014640990757144622,
    0.0014207202648035524,
    0.001378465046090337,
    0.001337509961343649,
    0.0012977575134133863,
    0.0012591046813538933,
    0.00122155509825838,
    0.001185148155228569,
    0.0011498774125731968,
    0.001115628939209845,
    0.0010826981353750172,
    0.001050863719594373,
    0.0010200163837469098,
    0.0009900925944403534,
    0.0009609256216804587,
    0.0009325695053492763,
    0.0009048825535059215,
    0.0008780064030351236,
    0.0008518352263192056,
    0.0008263506885645955,
    0.0008016379778735684,
    0.0007775337336499216,
    0.0007542944035180741,
    0.0007317825620568832,
    0.000709933015604576,
    0.000688643811490952,
    0.0006678959817704886,
    0.0006477070208573612,
    0.0006280631400206751,
    0.0006089295565006851,
    0.0005903237186156954,
    0.0005722788880636907,
    0.0005546447019751107,
    0.0005374015319412669,
    0.0005205664989499058,
    0.0005040672349063665,
    0.0004878785138485292,
    0.0004720542046851261,
    0.00045658498202193426,
    0.00044132915953631896,
    0.000426393445477147,
    0.00041187973216242545,
    0.0003979116230693912,
    0.00038450163150953145,
    0.0003716942672239763,
    0.0003595875375902138,
    0.00034782105591892043,
    0.00033643873209129865,
    0.0003253563331125325,
    0.00031464985405912005,
    0.000304331320440529,
    0.00029425719001438256,
    0.00028442831337166356,
    0.0002748509238475609,
    0.000265520513675506,
    0.0002564163801507603,
    0.0002474907360546754,
    0.0002388252646707128,
    0.00023038841655516465,
    0.0002222189096643384,
    0.00021436648906588123,
    0.00020692999624447899,
    0.00019984023279396432,
    0.00019310930502382622
  ],