{
  "success": true,
  "x0": [
    0.2428323592430953,
    0.41091561008621447,
    0.34625203067069027,
    0.2507435227161587,
    0.1744564710003985,
    0.80924313014697
  ],
  "x": [
    0.22946761961101902,
    0.7649615506629791,
    0.005570829726001917,
    65.86149892370271,
    10.940466470053053,
    0.80924313014697
  ],
  "SSE": 0.005731318420019177,
  "exp_data": [
    1.0,
    0.9336675293014719,
    0.8685135273161797,
    0.8060939216215879,
    0.7479943532108437,
    0.6948056545880369,
    0.6465296112116178,
    0.6028562809136953,
    0.563354023390835,
    0.5276057400128685,
    0.4952328094454375,
    0.4659066886398677,
    0.4392978978161608,
    0.4151093322938279,
    0.3930736172191334,
    0.3729486950525475,
    0.35452379266292117,
    0.3376137950590171,
    0.3220476295396262,
    0.3076791424834551,
    0.2943788077729422,
    0.28203215816528177,
    0.2705550686995294,
    0.2598627949068263,
    0.24988292409752158,
    0.24055358165020474,
    0.23181577672746823,
    0.22361865529732958,
    0.2159225827526516,
    0.2086836394225915,
    0.20185961872962904,
    0.19541797847595632,
    0.1893285494066511,
    0.18355778771191564,
    0.17808266511642676,
    0.17287953931237363,
    0.16792879744744912,
    0.1632159321458076,
    0.15871083777078443,
    0.15440574620278238,
    0.1502855140448483,
    0.1463315126597755,
    0.1425393133466529,
    0.13890243694953083,
    0.13541466447249317,
    0.13205813003891617,
    0.12882334314864727,
    0.12570345929182522,
    0.12268355416070423,
    0.11975385109167792,
    0.11691316542177828,
    0.11415918843122222,
    0.11149006696818052,
    0.10890852263158021,
    0.1064187766441588,
    0.10400495082105471,
    0.10166328207301287,
    0.09940075724601978,
    0.09721491187974515,
    0.09510501750724523,
    0.09305757264805627,
    0.0910674098735968,
    0.08913695030526152,
    0.087270956436363,
    0.08546331945050513,
    0.08371015631799934,
    0.08201426009733376,
    0.08037628641404744,
    0.07879231965946662,
    0.07725965377793685,
    0.07577867899786007,
    0.07434215770721386,
    0.07294105476825631,
    0.0715773069368198,
    0.07024174547355691,
    0.06894240165199343,
    0.0676778622024511,
    0.06645094396463286,
    0.06525927528122993,
    0.06410445780086749,
    0.06298537485222974,
    0.06189709383439418,
    0.06084412808127947,
    0.059826940207051135,
    0.05884669188758191,
    0.057900604328670384,
    0.05698903061814356,
    0.05611059088678999,
    0.05526266321316017,
    0.054445932886483285,
    0.05365373176659329,
    0.052877003914427734,
    0.052113358973743876,
    0.051371031275187606,
    0.05064777201781861,
    0.049940900901054436,
    0.04925081874463987,
    0.04857929368624354,
    0.047924027803933636,
    0.04728667667372087,
    0.04666120784512417,
    0.046041709544239716,
    0.045424759841636915,
    0.044812045664178846,
    0.044205336176792655,
    0.04359749970824638,
    0.04298850072077323,
    0.04238280148558649,
    0.04177617089344637,
    0.04117167401473188,
    0.040572073233409646,
    0.03997767219116809,
    0.03939267076297814,
    0.03881236471129648,
    0.038232768226208004,
    0.03766229048177545,
    0.03710240101837888,
    0.03655055922928196,
    0.036009189201100994,
    0.03547779621480057,
    0.03495092326285616,
    0.03442627906736152,
    0.03390585325051285,
    0.03338797398055599,
    0.03287078545180192,
    0.03235412019464536,
    0.03184540528914032,
    0.031349132060339055,
    0.030872505146310025,
    0.03041149239429836,
    0.02997074088868565,
    0.029549345722574477,
    0.029134155404254847,
    0.028731360657686632,
    0.028335611854967847,
    0.027942686033694583,
    0.027553194283903043,
    0.027165486806352716,
    0.026780452038350184,
    0.02640629490531814,
    0.02603878829627684,
    0.02567516287396667,
    0.025315575937091314,
    0.024958995582595057,
    0.02461332673077563,
    0.024287095716779082,
    0.02397985549915275,
    0.023692943525056843,
    0.023429086478420437,
    0.023185942596753526,
    0.022958240830324078,
    0.022739169239902764,
    0.022524784980755823,
    0.02231437271716185,
    0.022116521867316975,
    0.02193159840582452,
    0.021757123438308563,
    0.02158899154541396,
    0.021427352585427873,
    0.02127088138208109,
    0.02111212226517122,
    0.0209518263428645,
    0.020787849244244552,
    0.02062708970087851,
    0.02047296076531476,
    0.02031646233401549,
    0.020160043222171194,
    0.01999903932756525,
    0.019835885492812278,
    0.019676010065650125,
    0.019509305118516215,
    0.019343740058493663,
    0.019174228167243183,
    0.01900078910395398,
    0.018831013541477645,
    0.01867586254983876,
    0.018541677565610752,
    0.018423215355215194,
    0.0183215114308882,
    0.01823558803268449,
    0.018158393049134067,
    0.018087591355809257,
    0.018013665388694977,
    0.01794092035513142,
    0.01786434457601875,
    0.01778585175922713,
    0.017704325460472656,
    0.017623429400713774,
    0.017535750469574722,
    0.01745109052834986,
    0.017360330722892087,
    0.01727330086918646,
    0.017186900880275375,
    0.017094451595572022,
    0.016992013142830702,
    0.01688443167124067,
    0.01677248620889091,
    0.016661204230988113,
    0.01655666668533677,
    0.016464005502379222,
    0.016389243952924376,
    0.016321244893244356,
    0.016266055126864788,
    0.01622062138063079,
    0.016178494068067775,
    0.016131565580808627,
    0.0160804293379347,
    0.016025803459215206,
    0.015969085484543014,
    0.015902522358624768,
    0.015822835865252103,
    0.015739195120245953,
    0.01564915332953264,
    0.015546888620189188,
    0.015433774183712693,
    0.015311694740552132,
    0.015180687885847817,
    0.015052163484315375,
    0.014922717038341821,
    0.014794975204185474,
    0.014669533126763579,
    0.014556913983552147,
    0.014458860852779183,
    0.01437274106178023,
    0.014297505809391629,
    0.014228921098781514,
    0.014166880762350507,
    0.014118077541157275,
    0.01408414510518584,
    0.014066051539716913,
    0.014063240235179198,
    0.014067298561317658,
    0.014072520069908607,
    0.014078072214230625,
    0.014080365143004064,
    0.014079598265199608,
    0.014080869583208437,
    0.014081029054933381,
    0.014077502761651107,
    0.014071735695419123,
    0.014058991862856947,
    0.01404750896516394,
    0.014035951120421823,
    0.014018678768354376,
    0.013990346485233111,
    0.013943058680028972,
    0.01387529658255158,
    0.013796423011701623,
    0.013708913044486511,
    0.013614491620656732
  ],