{
  "x0": [
    0.4104337129748856,
    0.26394154031154954,
    0.32562474671356484,
    0.7686343904871115,
    0.15619266189911932,
    0.32492451975807835
  ],
  "x": [
    0.24023610276955823,
    0.7511937040179246,
    0.008570197967572791,
    49.8838133564101,
    10.18615667119216,
    0.32492451975807835
  ],
  "SSE": 0.007211698358760396,
  "exp_data": [
    1.0,
    0.9276303724217432,
    0.8567344003808569,
    0.7893342336131866,
    0.7274974678542173,
    0.6718833807231742,
    0.6223305863000944,
    0.5781913938033598,
    0.5386843726894851,
    0.5031227839492228,
    0.4709499541822275,
    0.441774544338697,
    0.41525683691261805,
    0.39110809178335904,
    0.3690775446210994,
    0.3489440768753101,
    0.3305031594026482,
    0.3135697033664819,
    0.2979732215121885,
    0.28356902911796766,
    0.2702191137801592,
    0.2578095635155564,
    0.24627729007420976,
    0.2355339990941902,
    0.22550220597984869,
    0.21612228667806205,
    0.20734277199969234,
    0.19910663696686628,
    0.19138063307062192,
    0.18411816595450495,
    0.17727649734445847,
    0.17082789491766603,
    0.16472517792398653,
    0.158936394363222,
    0.1534489325162878,
    0.14824661341346146,
    0.14329932701577916,
    0.13859413250926675,
    0.13408844288158614,
    0.12977737108707701,
    0.12564956087538917,
    0.12169671643754959,
    0.11791982407886395,
    0.11430827430624176,
    0.1108563072009512,
    0.10754886516221923,
    0.10437075322021877,
    0.10131842116524237,
    0.09837744367981055,
    0.09552710808423726,
    0.09276505344353325,
    0.09008719558119814,
    0.08749141955276006,
    0.084980695649544,
    0.08257755754658187,
    0.08026741488257055,
    0.07804719257906856,
    0.07592973682920238,
    0.0739038204403384,
    0.07197218732441762,
    0.07011612216393519,
    0.0683311500866501,
    0.06661372935514547,
    0.06496885535809765,
    0.0633854204324618,
    0.061874588209827386,
    0.06043745251918464,
    0.059061567092570114,
    0.05774863943026403,
    0.05648997332878638,
    0.055285923856558866,
    0.05412622516170206,
    0.05299277381723058,
    0.051887578589582435,
    0.0508002665322454,
    0.04972387247750308,
    0.04866641064093976,
    0.047634813480155844,
    0.046627441517915764,
    0.04564251634609581,
    0.04467446135274698,
    0.04372001253829556,
    0.04277899403970439,
    0.04185716572291703,
    0.04094565698561407,
    0.04005759973937128,
    0.03920035713673823,
    0.0383742040724913,
    0.0375787870883165,
    0.03683380180304186,
    0.03613320836049853,
    0.0354614397730812,
    0.034815131338972106,
    0.03419271871715242,
    0.0335820239505168,
    0.032991405862844325,
    0.03241570282272585,
    0.03184343231977282,
    0.03126987328813124,
    0.030699662200548455,
    0.03012840652158159,
    0.029557925721953135,
    0.028987640345538905,
    0.028426286514734563,
    0.027865067590385796,
    0.027287259622483257,
    0.02670630983798,
    0.026143655858773852,
    0.02559276692107526,
    0.025048860650411627,
    0.02451008486530978,
    0.023974169507340132,
    0.023454109144365482,
    0.022937855322345897,
    0.022412384531581987,
    0.021889366409046433,
    0.021371168683813117,
    0.020851429199266032,
    0.020337978936585937,
    0.019834141242601706,
    0.019342183129236103,
    0.018868503616049907,
    0.01841810997225701,
    0.01799461059415836,
    0.017600895149779628,
    0.017220271162182575,
    0.016873324871969186,
    0.016548277584409226,
    0.016238220101230112,
    0.01593943679436593,
    0.015650068000092415,
    0.01537038138079937,
    0.015091101060643985,
    0.014827746370884078,
    0.014569279295717592,
    0.014308564960430465,
    0.014046005704849589,
    0.013793063164085384,
    0.013548237926131296,
    0.01331983794588411,
    0.0131018135601341,
    0.012889694595877849,
    0.012695827036374667,
    0.012520226863314715,
    0.012375664370928246,
    0.012269792551762727,
    0.012207655201178646,
    0.012199297812206793,
    0.01223610260706616,
    0.012309954968307293,
    0.012411934718306964,
    0.012519113088838353,
    0.012622604899689985,
    0.01272722007235274,
    0.01284467733747428,
    0.012972977368335626,
    0.013112775659907396,
    0.013263301783304085,
    0.013422220165042461,
    0.013581781829603746,
    0.013707140724526029,
    0.013798157559250014,
    0.01385079815896635,
    0.013877026041213656,
    0.013878677742800341,
    0.013856337598535672,
    0.013815324234372615,
    0.01374976528696609,
    0.013665817643506736,
    0.013570899842138807,
    0.013459672767108558,
    0.013338248766328888,
    0.013205525769413275,
    0.01304993759650883,
    0.012896326663005735,
    0.012757411815897207,
    0.012639414742270132,
    0.012539227596556781,
    0.012458485739888187,
    0.012405821401744115,
    0.012376467199533819,
    0.012360457941698846,
    0.012352169430633888,
    0.012365987097449427,
    0.012383551977105722,
    0.012406114670491759,
    0.012438039677288801,
    0.012482049741058696,
    0.012548031006522796,
    0.012643147070091393,
    0.012740757995199,
    0.01284001621753879,
    0.012932552229161984,
    0.013002544984400424,
    0.01304870655244655,
    0.01307822076895942,
    0.013084422508141373,
    0.013082485093278971,
    0.013083055706707744,
    0.013104242750036734,
    0.013153668665861432,
    0.013207944974870546,
    0.013257414407400366,
    0.013296895111474973,
    0.013316356588679086,
    0.013305509364536785,
    0.013263009551064138,
    0.013197885069501711,
    0.013108201858217422,
    0.012995642382083698,
    0.012853852708300877,
    0.012696766721612171,
    0.012526491096430928,
    0.012327207496361077,
    0.012110823589419083,
    0.011880026710613327,
    0.011632861279159797,
    0.011373932030328864,
    0.011095708375779913,
    0.010813167558928779,
    0.010538401827066309,
    0.010268917372290494,
    0.01000873856540736,
    0.009767358834023264,
    0.009558195290945525,
    0.00937514146978067,
    0.00921735822407235,
    0.009091854475533496,
    0.009001786090115885,
    0.008954368422065399,
    0.008950584389474414,
    0.008974412815452143,
    0.009006479040493117,
    0.009045894808016118,
    0.009103289324988962,
    0.009176424485125087,
    0.009276831411378627,
    0.00939741318870022,
    0.009543190482171327,
    0.009710551935261606,
    0.009895948051719993,
    0.010096934977934516,
    0.010315702494402602,
    0.010536572361543008,
    0.010749535548774728,
    0.010936143176126187,
    0.011097378594290237,
    0.011249806151266082,
    0.011392673654487604,
    0.01153861929709717
  ],