{
  "x0": [
    0.2573886126528597,
    0.24141047917218036,
    0.5012009081749599,
    0.4911260229410073,
    0.19412451195772346,
    0.6573637757124842
  ],
  "x": [
    0.08369132902054385,
    0.8483466815212086,
    0.06796192086910156,
    725.5747468753123,
    2.217609006302673,
    0.6573637757124842
  ],
  "SSE": 0.010902401583574957,
  "exp_data": [
    1.0,
    0.6501802926328915,
    0.39492089091610044,
    0.2757215446062954,
    0.21521229904984424,
    0.1797293710036507,
    0.15756497983236684,
    0.14280652539556635,
    0.13220832811851452,
    0.12413129141628278,
    0.11776301799953028,
    0.11257315148342481,
    0.10826528465639745,
    0.10467410926624696,
    0.10157342617756804,
    0.0988582644156367,
    0.09645201264199686,
    0.09436167475249527,
    0.09251528943758272,
    0.09090680747198804,
    0.0894724503191951,
    0.08819073341272142,
    0.08703474343845323,
    0.08594601086455726,
    0.08493347330811342,
    0.08402177231944437,
    0.08318934178462023,
    0.08241248738290424,
    0.08172768819400361,
    0.08110100815334853,
    0.0805018815951495,
    0.07990728979383246,
    0.07938750875871387,
    0.07894712957858442,
    0.07847304397660464,
    0.07797498531034332,
    0.0774904088262872,
    0.07711572841146463,
    0.07680527205849261,
    0.07652638704023546,
    0.07623932484280552,
    0.07588455716246564,
    0.0755877613794119,
    0.07530554782583376,
    0.0750644531669309,
    0.07483873035796378,
    0.07458973568686281,
    0.07434903225672605,
    0.0740803131716581,
    0.073818520469265,
    0.07354407895660686,
    0.07328610001226855,
    0.07306245873977743,
    0.07292471531860305,
    0.072860308384703,
    0.07273418875146266,
    0.07255954708491466,
    0.0723257357921709,
    0.07215177275454694,
    0.07203074340786605,
    0.07193687075181426,
    0.07183901071566708,
    0.07172971068897173,
    0.0716236029469822,
    0.07152050392037397,
    0.07134219312320234,
    0.07116606173240206,
    0.07101672605979692,
    0.07089667705706279,
    0.07077078938637497,
    0.07070705313583464,
    0.07063331851107353,
    0.07051845315758946,
    0.0704583695879052,
    0.070351403717473,
    0.07028905213385134,
    0.07023840018915588,
    0.07014821898573798,
    0.07001410551606871,
    0.0699413448175569,
    0.06989288202325881,
    0.06978054898311158,
    0.06966261874823929,
    0.06957035726748832,
    0.06959030894364357,
    0.06954856950615554,
    0.06945563365932018,
    0.06939858716808861,
    0.06938964276789472,
    0.06938115486861458,
    0.06937067239253426,
    0.06932891581341306,
    0.06924645167283096,
    0.06921122002733739,
    0.06920198308096417,
    0.06913623991259389,
    0.06906463576709569,
    0.06900722816043699,
    0.0689423563778229,
    0.06888142590574424,
    0.06884667460520041,
    0.0688225846310489,
    0.06876419319028365,
    0.06868650389198322,
    0.06862090593272047,
    0.06861751831495715,
    0.06855201370783866,
    0.06849178174231964,
    0.06841221806296773,
    0.0683567895700094,
    0.06828318374465622,
    0.0682204435176205,
    0.06818846951953202,
    0.06815818474049501,
    0.06815043417588203,
    0.06812060360112594,
    0.06807953371197407,
    0.06804014140921302,
    0.06799584113400575,
    0.06796235118822093,
    0.06788077024059434,
    0.06780574233226254,
    0.06774052830166338,
    0.06771256917779944,
    0.06762076497955934,
    0.06753864751673988,
    0.06750108405971976,
    0.06743801384739756,
    0.06735320802244958,
    0.06724192271618853,
    0.06719732234028751,
    0.06720251704291308,
    0.0671386337739801,
    0.06707760677990725,
    0.06701739086300587,
    0.0669694839261734,
    0.06694066565035867,
    0.0668747129448161,
    0.0668300105784884,
    0.06686659979365776,
    0.06693898525673231,
    0.0669681269379613,
    0.06695586333379006,
    0.06688798232502752,
    0.0667986744280648,
    0.06674952087970698,
    0.06671804817356629,
    0.06664326067857379,
    0.06660475590828908,
    0.06662753188470773,
    0.06663014203901912,
    0.06662631671092094,
    0.06659471151247194,
    0.06651705591276434,
    0.06645949314690246,
    0.06643929338336642,
    0.06642177346868379,
    0.06634695197656283,
    0.06627197162777171,
    0.06626023262100514,
    0.06625529713084438,
    0.0662509893223152,
    0.06623067207843977,
    0.06621139160711234,
    0.06619740526610851,
    0.06618734849444506,
    0.06621967350053883,
    0.06619631633311639,
    0.06613964517405008,
    0.06607904742143786,
    0.06599894529530455,
    0.06593124229281688,
    0.06588313924331177,
    0.06582973203813876,
    0.06575758584643347,
    0.06571338608671731,
    0.06566963832446941,
    0.06561281063140363,
    0.06551820526126918,
    0.06542213649496949,
    0.0653575446072983,
    0.06537811906182073,
    0.0654335394643346,
    0.06544699502192006,
    0.06538697488951968,
    0.06533638559273781,
    0.06527239775880124,
    0.06523633313506005,
    0.06518236044118701,
    0.06518444614783367,
    0.06520261925090827,
    0.0652581462487774,
    0.06530349982716444,
    0.06531123420981698,
    0.06523207253846859,
    0.06516692108137549,
    0.06512688944193888,
    0.06514758776477189,
    0.06516090577327735,
    0.06517039570701666,
    0.06508556333536114,
    0.06498875100863978,
    0.06497456119536796,
    0.06502576663793579,
    0.06509673486668892,
    0.06514719432825045,
    0.06516369963898794,
    0.06516899779278933,
    0.0651879681793342,
    0.06517656582691803,
    0.06517420536691702,
    0.06520406099214301,
    0.06522765529567742,
    0.06524029790066342,
    0.0652146714583253,
    0.0652135294668313,
    0.06517748054875837,
    0.06518587061438412,
    0.0651566388577967,
    0.06515805595107946,
    0.06514033310847821,
    0.06511178303680483,
    0.06513253782250454,
    0.06517894133713505,
    0.0651811672818432,
    0.06514923075252207,
    0.06513492632379907,
    0.0651097891005583,
    0.0650625876107804,
    0.06498456153693158,
    0.06492177011270489,
    0.06487812770233974,
    0.06481979435724433,
    0.06482354914720011,
    0.0648062453333195,
    0.06476391485621996,
    0.06475220483876797,
    0.06472944992831203,
    0.064683654213003,
    0.06467360433353897,
    0.06459522737059961,
    0.06457754775402054,
    0.06451909994311077,
    0.06450405619060028,
    0.06447223772274223,
    0.06443811754160142,
    0.06441882498464714,
    0.06443956302396119,
    0.0645350311092908,
    0.06458628147114037
  ],