{
  "x0": [
    0.08033927705947719,
    0.6682777422879234,
    0.25138298065259956,
    0.7473212015420513,
    0.7473212015420513,
    0.1767522763267829
  ],
  "x": [
    0.8561578079431296,
    0.08296637146663366,
    0.06087581345429857,
    2.1118657144169974,
    726.3207958646692,
    0.1767522763267829
  ],
  "SSE": 0.010693074232271019,
  "exp_data": [
    1.0,
    0.6407860913006219,
    0.38133837335123094,
    0.2641932415019019,
    0.2060953692240703,
    0.17253489466829394,
    0.15190157564231735,
    0.13820664852689876,
    0.12838908698563195,
    0.12097051695180672,
    0.11513237718568296,
    0.11029422392824303,
    0.10622659968316728,
    0.10279534945371183,
    0.09988416868494084,
    0.09732882478054418,
    0.09505583064375826,
    0.09301314316266864,
    0.09120362859704599,
    0.0896001051378083,
    0.08809775589452921,
    0.08674546481888787,
    0.08561534871750864,
    0.08464058839294362,
    0.08369686314292166,
    0.08282826135139529,
    0.08202046073867082,
    0.08129871388352079,
    0.08060408055818592,
    0.07996278573588303,
    0.07935089639059908,
    0.0788427287909347,
    0.07829575343674411,
    0.07774950013155037,
    0.07729693990716742,
    0.07698468977620708,
    0.0766918406925719,
    0.07636862462217729,
    0.07596226468697288,
    0.07560509311599035,
    0.0753198628586029,
    0.07505348465058967,
    0.07483185292762472,
    0.07456453419700951,
    0.07430797060305182,
    0.07408175795811257,
    0.07383271473621401,
    0.0735827938032456,
    0.07334675272932484,
    0.07312202095499795,
    0.07295068707883834,
    0.07278765909172293,
    0.07262290950099692,
    0.07246089780487601,
    0.07238797578315198,
    0.07223712775126584,
    0.07202806698442178,
    0.0718294325610191,
    0.07162089562532593,
    0.07148919907592363,
    0.07139251364729579,
    0.07129844905353579,
    0.0711770175941069,
    0.0710947635155877,
    0.07101715812605688,
    0.0709395700408158,
    0.07085179907124507,
    0.0707259698812844,
    0.07057771477623805,
    0.07047509046483764,
    0.07035822587456318,
    0.07021807208621979,
    0.07009372186081647,
    0.0700072002121781,
    0.06993714963868604,
    0.06985091704611393,
    0.0698278887219966,
    0.069827687254695,
    0.06972003744356216,
    0.06960934641406562,
    0.06955489188735685,
    0.06948973178793688,
    0.0694280149251807,
    0.06934776600199685,
    0.06919762847320059,
    0.06910358562263302,
    0.0690673268522085,
    0.06902452862378972,
    0.0688887033050677,
    0.06876966714211313,
    0.06872383642247437,
    0.0686628293224278,
    0.0686172640740073,
    0.06855495879937996,
    0.06845763546730216,
    0.06840812583306508,
    0.06839206203476757,
    0.06835913078253364,
    0.06834467390401446,
    0.06834808158322055,
    0.0683038479288226,
    0.06826903022871804,
    0.06823629108385827,
    0.06818592174343376,
    0.06812048971466761,
    0.06802218914982677,
    0.06791298630437584,
    0.06787580778654154,
    0.06781435016667577,
    0.06774121190430508,
    0.06768813003095918,
    0.06757131824152138,
    0.06749151170302783,
    0.06743102644501342,
    0.06731973024307207,
    0.06726572118225324,
    0.06720026126159834,
    0.06712252979206185,
    0.06705630253692878,
    0.06699136562657663,
    0.06691041093902707,
    0.06690377889164731,
    0.06689289853711028,
    0.06690590377062547,
    0.06687311760738548,
    0.06674300244311022,
    0.06671520458800119,
    0.06672125109050886,
    0.06672419999928265,
    0.06666395762178451,
    0.06655026820394641,
    0.06646846155168769,
    0.06643061900441569,
    0.06646005428196301,
    0.06646615618279289,
    0.06643756378616347,
    0.06634796340841181,
    0.0662308653845198,
    0.06613857976705449,
    0.06613571800862,
    0.06610489850525422,
    0.06610736966224057,
    0.06612923761179335,
    0.0661100036079128,
    0.06607465426809035,
    0.06599085749686272,
    0.06591385064043102,
    0.06592399013002644,
    0.06591097210455363,
    0.0659214799694448,
    0.06592886995281073,
    0.06587262344052791,
    0.06581455852379545,
    0.06571634973107568,
    0.06572770687971101,
    0.06574076501748441,
    0.06566740331650027,
    0.06558703688809286,
    0.06551281903348563,
    0.06551559983021456,
    0.06547782642719253,
    0.06546379847361082,
    0.06542004005641734,
    0.06541414944355592,
    0.06544688824554365,
    0.06552874913464582,
    0.06560699268488898,
    0.06560697223771536,
    0.06556605776342254,
    0.06556213123676076,
    0.06553534261258234,
    0.06557800549685494,
    0.06561771808622804,
    0.06555289116210089,
    0.06549701313272813,
    0.06547854657018108,
    0.06547634036425971,
    0.06550399519086364,
    0.0654778932364224,
    0.06540025963457373,
    0.06536679411734372,
    0.06534005192097124,
    0.06532246309816811,
    0.0653617924999121,
    0.0653068985604693,
    0.06524791137184392,
    0.06511833459650565,
    0.06500635635572752,
    0.0649643387245984,
    0.06504632086840399,
    0.06508336644041429,
    0.06512137252931455,
    0.06511250091680243,
    0.06504063673110282,
    0.06498579662869099,
    0.0650186096714364,
    0.06507063110037312,
    0.06510470207995638,
    0.06512313988533346,
    0.06511202861714216,
    0.06508041410368705,
    0.0650410560709051,
    0.06495795204627357,
    0.06492130926835797,
    0.06490418859875072,
    0.06490847074996424,
    0.06489785163591685,
    0.06484998681471421,
    0.06480862837447521,
    0.06477221393520512,
    0.06466169621350122,
    0.06461791920301346,
    0.06466022904077406,
    0.06458267637763696,
    0.06449115069919217,
    0.06446588269593917,
    0.0644240468822684,
    0.06439710733696802,
    0.06438899507168398,
    0.06441727823954677,
    0.06443123427083262,
    0.0643861061861611,
    0.06433283658126406,
    0.0642852612335442,
    0.06424571035247446,
    0.06420664740674087,
    0.06418640396259861,
    0.06419360233782989,
    0.06415927802419925,
    0.0640662404372531,
    0.0640451914850976,
    0.06404475149620124,
    0.06397395143444821,
    0.0638998239243826,
    0.06388948054645784,
    0.06385806780862087,
    0.06383871252052978,
    0.06381764582542715,
    0.0638265938712894,
    0.06384818367153268,
    0.06393162375162896,
    0.0639891977541386,
    0.06408462187982375,
    0.06416373513405092,
    0.06417165671688795,
    0.06409467967580745,
    0.06398276411119962,
    0.063966818094257,
    0.06391014908788764,
    0.06390044925564435
  ],