{
  "x0": [
    0.18768448230950324,
    0.40193095090055825,
    0.4103845667899384,
    0.24605706611199185,
    0.24605706611199185,
    0.9708885838556656
  ],
  "x": [
    0.8873115673278358,
    0.08679579407460325,
    0.025892702882522114,
    2.6541170223873554,
    747.3768884677536,
    0.9708885838556656
  ],
  "SSE": 0.009530514642658609,
  "exp_data": [
    1.0,
    0.7177345858858146,
    0.48877789999937066,
    0.34723590408931104,
    0.2660836914269135,
    0.21625757539001272,
    0.18409447030973844,
    0.1626192408598854,
    0.14786831431650166,
    0.13737547203107037,
    0.12949393211598337,
    0.12327283619558409,
    0.118133006584056,
    0.11375970664782036,
    0.1100654892213907,
    0.10689356966592084,
    0.10408507374210099,
    0.10160184419643646,
    0.09944427825907488,
    0.09752824076669561,
    0.0957832677716508,
    0.09419556758384334,
    0.09275896880710989,
    0.0914454778367278,
    0.09023816049191133,
    0.08917634730292451,
    0.08826195743535431,
    0.08743689772374025,
    0.08664649804555548,
    0.08591844687449302,
    0.0851892339925086,
    0.08448615033944763,
    0.08385615305644421,
    0.08324283487524352,
    0.08268725553094942,
    0.08218743944909672,
    0.08172251704881854,
    0.0812959818223151,
    0.0808345859705973,
    0.08039260335686763,
    0.07999814252134552,
    0.07961570039354511,
    0.07925720570765764,
    0.07894705480025153,
    0.07865557313934722,
    0.078342193872839,
    0.07802847265285456,
    0.07775205774059399,
    0.0775081565963766,
    0.07730234847137317,
    0.07710573655539155,
    0.07690872439366414,
    0.0766870785141661,
    0.07649412343883091,
    0.07631418005969094,
    0.07613693799260621,
    0.07595873135073199,
    0.07576505296123379,
    0.07558853727584582,
    0.07545676318580609,
    0.07533052344777157,
    0.07515743769126784,
    0.07498727711878887,
    0.07484523302284286,
    0.0747001381976105,
    0.07454251394904085,
    0.07439331684061258,
    0.07425700604174612,
    0.07410479136739365,
    0.07397485957278477,
    0.07386761171625032,
    0.07375297278219843,
    0.07361387339621694,
    0.07346766958333671,
    0.07334650379908002,
    0.07324557726019015,
    0.07316917584140963,
    0.07313172984832207,
    0.07309845845699214,
    0.07301324958656691,
    0.07290934737281786,
    0.07281583992365404,
    0.07276518693840714,
    0.07272061488518079,
    0.07265050078836013,
    0.07256243133690095,
    0.07247203434760251,
    0.07238383832486149,
    0.07231461444799686,
    0.0722176317663816,
    0.07215530533103584,
    0.07207969675455413,
    0.07199395042720412,
    0.07191943323866774,
    0.07183595169423015,
    0.07174793127816566,
    0.07169058740701062,
    0.07161955994688413,
    0.07154262268278781,
    0.07146852502471562,
    0.07143277855608043,
    0.07137221946985217,
    0.0712912966817103,
    0.07118415195718751,
    0.07112392295521026,
    0.07105591730028159,
    0.07100511100031182,
    0.07100796648693282,
    0.07099451711683222,
    0.0709387917840184,
    0.07086930060897065,
    0.07077578182810369,
    0.07074408934316398,
    0.07070758332084916,
    0.07065160854282584,
    0.07062057225368416,
    0.07064347160632671,
    0.07065217935605311,
    0.070594699658335,
    0.07051185345771573,
    0.07039149628848584,
    0.07028064632990647,
    0.07023796557678033,
    0.07022194045339082,
    0.07023041520401911,
    0.07022945569864719,
    0.070150861980994,
    0.07007024534812463,
    0.0700025743069513,
    0.07000182878857288,
    0.06999922833913318,
    0.06993223651195377,
    0.06988821838330254,
    0.06989111112461924,
    0.069881189161491,
    0.06984491627727939,
    0.06983036709250258,
    0.06981784815842496,
    0.06978066263438469,
    0.06972596708957114,
    0.06969021752114128,
    0.06961428971187814,
    0.06957107881124175,
    0.06951217851178895,
    0.069480123264344,
    0.06941903820037815,
    0.06933221013261928,
    0.06926806089029591,
    0.06923178170302667,
    0.06916501141627236,
    0.06905618712299484,
    0.06900991553054484,
    0.06899261048373642,
    0.06895216456499788,
    0.06893025719877266,
    0.06897507155662849,
    0.0689744999930112,
    0.06899255404071354,
    0.0689769581397981,
    0.06896394720085404,
    0.0689507669090771,
    0.06893051004767023,
    0.06890380705511993,
    0.06887872412390827,
    0.06887310778307995,
    0.06884258308818995,
    0.06876324490424388,
    0.06867363116068133,
    0.06863905056550582,
    0.06861792722107377,
    0.06856035870894324,
    0.06854270320417825,
    0.06854377970030531,
    0.06855609247491885,
    0.06857969231183297,
    0.06857519756146614,
    0.06856495698108576,
    0.068560018116736,
    0.06852872345362518,
    0.06849040592843983,
    0.06843001761483619,
    0.06837219315473368,
    0.06833777227867996,
    0.06830395887943835,
    0.06831826573874446,
    0.06833740671456599,
    0.06831085434961659,
    0.06830394944708053,
    0.06827959467382441,
    0.06828249281630114,
    0.06829635822598588,
    0.06832193030526476,
    0.06838265510881068,
    0.06845244074203384,
    0.06851745637909787,
    0.06851997439619237,
    0.06849878079901618,
    0.068426661440029,
    0.06833981026677749,
    0.0682639844923177,
    0.0682506835914426,
    0.06821763686170866,
    0.06822894600506561,
    0.06825809571971644,
    0.06827127364827296,
    0.06827940718152233,
    0.06827221608305148,
    0.06826675365679043,
    0.06827635762447858,
    0.06827583474542705,
    0.06827282685043617,
    0.06828354859939237,
    0.06825227403058307,
    0.06818973088184506,
    0.06810128436133044,
    0.06803024345863459,
    0.0679775409809997,
    0.06797469927538403,
    0.06797138306892386,
    0.06793262800895263,
    0.0678407742152304,
    0.06780269139613951,
    0.0677478528538394,
    0.0676875442391277,
    0.0676660607369593,
    0.06769196701180355,
    0.0677261452133575,
    0.06772798638988801,
    0.067750433399343,
    0.06779378655420616,
    0.06783382593908174,
    0.06781685843902399,
    0.06779610836091547,
    0.06779836553139656,
    0.06779473830417287,
    0.06779576748159873,
    0.06778506961936975,
    0.06777098300044321,
    0.06778253982116698,
    0.06776926822056722,
    0.06773654774299027,
    0.0677620109256372,
    0.06777550472372725,
    0.06774395118582867,
    0.06772893903336041,
    0.0677537180968492,
    0.06771521377811593,
    0.06767894535757192,
    0.06762375734090369,
    0.06755340129563057
  ],