{
  "x0": [
    0.5623188190556503,
    0.3105099846575706,
    0.1271711962867791,
    0.42246553248251195,
    0.42246553248251195,
    0.8887086044859013
  ],
  "x": [
    0.23389603343276555,
    0.715601760728748,
    0.0505019432375865,
    420.61613821074457,
    10.75759645772119,
    0.8887086044859013
  ],
  "SSE": 0.02299206915581748,
  "exp_data": [
    1.0,
    0.9250842266674904,
    0.8524398400095095,
    0.7844311893720219,
    0.7227787656053105,
    0.6681635370821418,
    0.6208396376276698,
    0.5801499454850856,
    0.5450050118543068,
    0.5144359434543392,
    0.4877428459996884,
    0.46437141176470664,
    0.44382460693719034,
    0.42565068568229036,
    0.4094694997083087,
    0.394971871662507,
    0.38191446255492856,
    0.3700975220479561,
    0.3593524713955075,
    0.3495405676574456,
    0.34053945953508286,
    0.3322514847095174,
    0.32459215690491006,
    0.3174941327330127,
    0.3108903538726143,
    0.30473221263590966,
    0.2989777423736684,
    0.2935857385236728,
    0.2885095217363531,
    0.283718708094929,
    0.27919474880687073,
    0.2749197029578194,
    0.2708793485493479,
    0.2670571280886136,
    0.2634428604425893,
    0.2600180820763178,
    0.2567692875550798,
    0.2536823372555407,
    0.2507492751924293,
    0.24795938585834595,
    0.24529740171651773,
    0.24276516487793084,
    0.24034870081872808,
    0.23803161712175436,
    0.23581276623635367,
    0.23368949712983697,
    0.23164831873346092,
    0.22968617435621475,
    0.22779852042752607,
    0.2259831122405313,
    0.22423379947968636,
    0.22254466833785355,
    0.22091331669562572,
    0.21933538005865658,
    0.2178012223410072,
    0.2163053240250865,
    0.21484009214510244,
    0.21340540133517671,
    0.21200087541810672,
    0.21062488393968556,
    0.2092828722297788,
    0.2079781931990278,
    0.206717981635833,
    0.20549472815684305,
    0.20430113814454254,
    0.2031322306843101,
    0.20199270805868777,
    0.20088060552669243,
    0.19979525247542054,
    0.19873544397149742,
    0.19770086828575115,
    0.1966924986459033,
    0.1957076785222002,
    0.1947443154342903,
    0.19381089120365966,
    0.19290663318695897,
    0.1920230894923965,
    0.19116335749475416,
    0.19032581656041242,
    0.18951469342609334,
    0.18872788622743614,
    0.18796024199014294,
    0.18721337192528265,
    0.18647491832989896,
    0.18574549230036652,
    0.18502849318520334,
    0.1843261254101699,
    0.18364421392124547,
    0.18297729237473573,
    0.18232337455092623,
    0.1816885315226204,
    0.18106102354229558,
    0.18043964605241772,
    0.17982153413871912,
    0.17920802966184368,
    0.17860025292859497,
    0.17800012146204036,
    0.1774109328210129,
    0.17682689245589736,
    0.17624541608416044,
    0.17566969757169215,
    0.17510541400879567,
    0.1745488424614258,
    0.1740035525619837,
    0.17346399071686178,
    0.17293100765547664,
    0.17240921695385347,
    0.17189424033961254,
    0.17138738525755098,
    0.17088406040794674,
    0.1703885190241833,
    0.16989910190709506,
    0.16941300085658373,
    0.16893548309548428,
    0.1684704283298685,
    0.16802253624291397,
    0.16759307563598574,
    0.16718252796048885,
    0.16678622207794166,
    0.16639953982330474,
    0.16601969914527276,
    0.16564276076580267,
    0.16527163378726253,
    0.16490593893851377,
    0.1645449979766738,
    0.16418362792354488,
    0.1638277316625893,
    0.16347454735413702,
    0.1631268345386159,
    0.162782718893981,
    0.1624411903389135,
    0.16210039638371676,
    0.16175774555337255,
    0.1614216667355328,
    0.16109157771914345,
    0.160772122362691,
    0.1604713980438661,
    0.16018821359584218,
    0.159910626495489,
    0.15963739777337638,
    0.15936213201961852,
    0.1590811054026905,
    0.15879718707496818,
    0.1585125850076668,
    0.15822092588115483,
    0.1579312645305986,
    0.1576469665105137,
    0.1573700920898245,
    0.15710246447535875,
    0.15684646499852326,
    0.15659771745278844,
    0.15635277725807528,
    0.1561176987657203,
    0.15589329821074738,
    0.1556759145569901,
    0.15546655979400148,
    0.15526539393060118,
    0.1550762270403591,
    0.15489594664128706,
    0.1547192581612709,
    0.15454830981282713,
    0.15437879535349303,
    0.1542112741468404,
    0.15404351314345185,
    0.15387623037146217,
    0.15370537977732002,
    0.1535327455303726,
    0.1533531729852941,
    0.1531705309022028,
    0.15297720260938305,
    0.15278160634537827,
    0.15258761695169767,
    0.15240142911960577,
    0.1522209152262731,
    0.1520463400610101,
    0.15187718925456686,
    0.15170720052820588,
    0.15153234055897066,
    0.15135234150603663,
    0.1511729641797112,
    0.1509970427954319,
    0.15082064021613317,
    0.15064945140669578,
    0.1504808457569162,
    0.15030868943854273,
    0.15013429535812414,
    0.14995779641512405,
    0.14978371569865997,
    0.14961098027094769,
    0.14943927153909226,
    0.14926894347144884,
    0.14910088719490644,
    0.14894101305758076,
    0.1487863862740437,
    0.1486358796922163,
    0.14848811569767126,
    0.148338885577112,
    0.14818746039275368,
    0.14803505078724744,
    0.14788927681259315,
    0.14774484642398586,
    0.1475886456391429,
    0.14742268037483597,
    0.14725038358603854,
    0.14707716816819977,
    0.14690766057186533,
    0.14674681898516193,
    0.14659870525762864,
    0.14645754222152996,
    0.14632165435021904,
    0.14619136599730642,
    0.14606329264449,
    0.14594075552716615,
    0.14582425730883763,
    0.1457114013332871,
    0.14559661837725535,
    0.1454821711637886,
    0.14536568528036067,
    0.1452460140984559,
    0.14512823329687638,
    0.14501069383468662,
    0.14489912657432813,
    0.1447948578281288,
    0.14469590561722448,
    0.14461274878026176,
    0.14454402309419223,
    0.14448472290062475,
    0.14443307278110304,
    0.1443923857477192,
    0.14436214968566805,
    0.1443333803908108,
    0.14430441954879794,
    0.14427686806391546,
    0.14425106603147056,
    0.14422965657538434,
    0.1442037830075073,
    0.14416989073980727,
    0.14413317856574964,
    0.1440954922167112,
    0.14405405016750175,
    0.14401205795909675,
    0.14397322520669006,
    0.14393290302377115,
    0.14388624102839037,
    0.14383736601189384,
    0.14378761363519715,
    0.1437361241508384,
    0.14368654553582264,
    0.14364175269845605,
    0.1436000006380198
  ],