{
  "x0": [
    0.37833583952416594,
    0.26761994222667446,
    0.3540442182491595,
    0.11716776530725681,
    0.11716776530725681,
    0.4207206286430174
  ],
  "x": [
    0.23152201790752802,
    0.7009242205959701,
    0.06755460342484641,
    394.2894611945944,
    10.665943728723809,
    0.4207206286430174
  ],
  "SSE": 0.029610204738141,
  "exp_data": [
    1.0,
    0.9193845258571595,
    0.8413376371347997,
    0.7688324082171103,
    0.7041460914264521,
    0.648246807200891,
    0.601346629104538,
    0.5622278625887743,
    0.5291150543913181,
    0.5005466047545359,
    0.4755958197043906,
    0.4536648825768745,
    0.43427742021951243,
    0.4170353286236268,
    0.40161728723507645,
    0.38775975735608315,
    0.37525107191513835,
    0.3639076778149611,
    0.3535846376330087,
    0.3441458894560257,
    0.3354904349709338,
    0.32751642923082197,
    0.3201342005478876,
    0.31327893820587444,
    0.3068982046026921,
    0.3009488891129789,
    0.29538474696129274,
    0.29015119463453126,
    0.2851972513838388,
    0.28048407391139385,
    0.27599893410432913,
    0.2717324883716881,
    0.26767490977601366,
    0.2638143623150418,
    0.26014890840546034,
    0.2566566511806651,
    0.2533249912319538,
    0.25013826261366384,
    0.24709751617599826,
    0.24419686067002055,
    0.2414201861271558,
    0.23877544188491376,
    0.23625344815519111,
    0.23383944851814922,
    0.23153228557137032,
    0.2293318422732876,
    0.22722069995346092,
    0.22520085009836296,
    0.22326999804493775,
    0.2214272889462895,
    0.21966989147757993,
    0.21797987811493602,
    0.2163584912529798,
    0.21480414594499203,
    0.21330149811747376,
    0.2118402536683938,
    0.21041183985432604,
    0.20902057981418876,
    0.20765781594642163,
    0.20632778926137643,
    0.20502622414139668,
    0.20375742386576184,
    0.20253008019913968,
    0.20132949703890177,
    0.20015121455252238,
    0.19898700206174266,
    0.19784154953221542,
    0.19672524949720632,
    0.1956333682803971,
    0.19456398769583355,
    0.1935235248844782,
    0.1925130380509087,
    0.1915342664181998,
    0.19058207364541463,
    0.18966020062719102,
    0.18876255700010616,
    0.18786960811559894,
    0.1869902260869029,
    0.1861281781353198,
    0.18529585328412254,
    0.1844936223391895,
    0.18371634781676155,
    0.18296000473306614,
    0.18221136255643944,
    0.1814717510369966,
    0.18074554585456606,
    0.18002992771166476,
    0.17933006306159452,
    0.17865004013525326,
    0.17798729067297947,
    0.17735278881710348,
    0.17672329013722757,
    0.17609770741349687,
    0.17546979987594719,
    0.17483957333678055,
    0.17420414688574112,
    0.17357025227539294,
    0.17294624557453397,
    0.17233524289849603,
    0.17172569075573563,
    0.17112255617662758,
    0.17053620243852943,
    0.1699450373339807,
    0.16936052413021543,
    0.1687671749479742,
    0.16816792764532293,
    0.1675729794080738,
    0.1669760105811288,
    0.166384911609665,
    0.16578540729485067,
    0.16519748843789844,
    0.16462008339285975,
    0.16404928738081773,
    0.16349603482451394,
    0.16295984350723247,
    0.16244100765797864,
    0.16193745279622027,
    0.1614621207162298,
    0.1610165802391216,
    0.1605881436266952,
    0.16017442190434888,
    0.15975949857008137,
    0.15933922181346652,
    0.1589128964225642,
    0.15847881565885347,
    0.15803861607860703,
    0.15759574982765667,
    0.1571517916311589,
    0.15671629871943518,
    0.1562862496760704,
    0.15586117125324797,
    0.15544486376774935,
    0.1550529256374251,
    0.1546848894376486,
    0.15434083919854147,
    0.15401956303861886,
    0.15373082032128835,
    0.15347458518400142,
    0.15322462355138405,
    0.15297955520120446,
    0.15273549117260019,
    0.15248441460519274,
    0.15223132214028817,
    0.15197441172598306,
    0.1517135413653024,
    0.15146225498361074,
    0.15121339528029154,
    0.15095907347576246,
    0.1507039411700833,
    0.15044161986626184,
    0.15016376656243335,
    0.1498743401989896,
    0.14958825783810709,
    0.14931348707029254,
    0.14904435413735959,
    0.14878209365517606,
    0.14853020443529585,
    0.14828723425468449,
    0.1480528657916341,
    0.1478106740451701,
    0.14757482530791544,
    0.14734474451066368,
    0.14712205372554474,
    0.1469041549601453,
    0.14669014787591778,
    0.14647450999796077,
    0.14624932111590733,
    0.14602074236514656,
    0.145797209867249,
    0.1455730184177363,
    0.14536042808419317,
    0.14515880407181575,
    0.14496486246622248,
    0.14478134888748653,
    0.14461122431504003,
    0.14445462382572472,
    0.14431474139613149,
    0.14418379141242774,
    0.1440630197180013,
    0.14395453904799174,
    0.1438614252583369,
    0.1437633980775508,
    0.143656475745524,
    0.14352934227006256,
    0.14337548724550606,
    0.14320095425614224,
    0.14300675275745267,
    0.14280476744737589,
    0.1425931829221566,
    0.142376831565081,
    0.14216440878505635,
    0.1419629442141956,
    0.14179082388443906,
    0.14164724791185207,
    0.1415261374029045,
    0.14142204273627593,
    0.14131834143006802,
    0.14120045155576685,
    0.14107327083001564,
    0.14094264486890246,
    0.14081505919691414,
    0.14068164592226523,
    0.14054594637028275,
    0.14042455584908423,
    0.1403324497586001,
    0.14025965423777467,
    0.14020728378643527,
    0.1401821352236208,
    0.1401648938335522,
    0.14015804951265134,
    0.14016208955052292,
    0.14017210507093308,
    0.14019207082921553,
    0.14021876709774148,
    0.14024628778919337,
    0.1402652466947131,
    0.1402722534062075,
    0.14026191307882752,
    0.14023159771770743,
    0.14019510893962397,
    0.14016355576563405,
    0.14015238221225326,
    0.14016239082211643,
    0.14018604672298152,
    0.14022561192078634,
    0.14027931626059764,
    0.14035583571934132,
    0.14044598866620503,
    0.1405396777973776,
    0.1406301965658819,
    0.14071011069460723,
    0.14078060452513888,
    0.14084964250615628,
    0.14091889719578782,
    0.14099568573736476,
    0.14106027235205534,
    0.14110365610209885,
    0.1411332586534088,
    0.14115238539166508,
    0.1411515338337061,
    0.1411297247628685,
    0.14110139944001399,
    0.14107005369601788,
    0.14102566452283616,
    0.14097261183642798,
    0.1409171932038847,
    0.14087293504671594,
    0.140840875710546,
    0.14081777803798484,
    0.14079978994128362
  ],