{
  "success": true,
  "x0": [
    0.35332634976450017,
    0.303607403837808,
    0.34306624639769173,
    0.7714630325081164,
    0.1701780954067268,
    0.20843392679857345
  ],
  "x": [
    0.20327496652112187,
    0.7967250334788781,
    0.0,
    52.89802343884825,
    9.56025897916554,
    0.20843392679857345
  ],
  "SSE": 0.0009667571542763302,
  "exp_data": [
    1.0,
    0.9250842266674904,
    0.8513530087547743,
    0.7810916707915763,
    0.7159550974101263,
    0.6566641277316319,
    0.6035772307958477,
    0.5563178744198052,
    0.5141668866158199,
    0.47646578756726105,
    0.4426934052025757,
    0.4123908256431265,
    0.3851358977079635,
    0.36054018481236344,
    0.3382708372682789,
    0.3180440293215909,
    0.29962269467176617,
    0.28279874804426924,
    0.2673948771414529,
    0.2532624939882404,
    0.2402685990409081,
    0.22829792888203346,
    0.21724510009424647,
    0.20701783964812354,
    0.1975362947807728,
    0.18873305669787063,
    0.18054853035135393,
    0.17292825469784381,
    0.16582069462371082,
    0.15918092745954282,
    0.1529734357917516,
    0.14716356795095664,
    0.1417191902854152,
    0.1366120467729917,
    0.13181337320608025,
    0.12729830506729625,
    0.12304299649522861,
    0.11902858005287452,
    0.11523503529576998,
    0.11164617856768248,
    0.10824638148934237,
    0.10502128775545516,
    0.1019575704284019,
    0.09904489151569669,
    0.0962723941672659,
    0.09362941601559188,
    0.09110885554308958,
    0.088702252392178,
    0.0864013766622001,
    0.08419870991977643,
    0.08208798958144985,
    0.08006337452041919,
    0.07811941058036975,
    0.07625249808535418,
    0.07445813075947795,
    0.0727311076684292,
    0.07106689180572215,
    0.0694622084136735,
    0.06791450803675084,
    0.06642018553960646,
    0.06497672696900599,
    0.06358065771467042,
    0.06222867284944706,
    0.06091840932203983,
    0.05964804240976893,
    0.05841563861819098,
    0.05721947825397304,
    0.056057911786558064,
    0.05492868660077941,
    0.05382959873296517,
    0.05275905449882334,
    0.051715112937051146,
    0.05069734840174497,
    0.049704411414393315,
    0.04873538546717125,
    0.04778987498952199,
    0.04686653967089575,
    0.04596487914263693,
    0.045084322234383675,
    0.0442239011878835,
    0.04338252512130445,
    0.04255970344783488,
    0.04175537539838247,
    0.04096864806459241,
    0.04019935925904039,
    0.0394468239931883,
    0.03871094033649762,
    0.03799100790647551,
    0.03728638406537526,
    0.03659671607062488,
    0.035921643200431876,
    0.03526077120412862,
    0.03461319232963727,
    0.033978816148065305,
    0.03335759902983544,
    0.03274909557699512,
    0.03215307325400744,
    0.03156904755792453,
    0.030997066012344775,
    0.03043657441441277,
    0.02988704362222866,
    0.029348546917499437,
    0.02882084454871366,
    0.02830384793174168,
    0.027797363535189204,
    0.027301144080943845,
    0.02681497541768853,
    0.026338639885423232,
    0.02587249042969523,
    0.025416295713699494,
    0.024969606320771616,
    0.02453183853728247,
    0.024103010119540035,
    0.023682899138697477,
    0.023271425459982686,
    0.0228687145324222,
    0.022474513100713238,
    0.022088879113438497,
    0.02171124037256845,
    0.021341745806411523,
    0.02097994094433877,
    0.020625629101091825,
    0.02027824401693039,
    0.019938082913846147,
    0.019605171469084207,
    0.019279121251963335,
    0.018959843274237113,
    0.01864703170695728,
    0.018340687976349686,
    0.018040716181087074,
    0.017747200991331695,
    0.017460129879083814,
    0.017179286690594733,
    0.01690466939687502,
    0.016635788411243364,
    0.016372240401307945,
    0.01611375348205541,
    0.01586011498555925,
    0.01561178452449988,
    0.015368476742409903,
    0.015130176351536587,
    0.014896690821937963,
    0.014667776223795248,
    0.014443383539415766,
    0.014223226648353779,
    0.01400702399157665,
    0.013794676618081248,
    0.013586476945030347,
    0.013382343372003497,
    0.013182055128911237,
    0.012985434571288156,
    0.01279247799191342,
    0.012603114883086016,
    0.012417088140807329,
    0.012234421571034172,
    0.012054798480276921,
    0.011878181968399994,
    0.011704542132741717,
    0.011533673168183928,
    0.011365560171292135,
    0.011199887478862318,
    0.011036646370769048,
    0.010876086334857003,
    0.010718006898821804,
    0.010562262876692301,
    0.010408921468807453,
    0.010258119266288918,
    0.010109748313831287,
    0.009963951322577342,
    0.009820719893652411,
    0.009680090415938107,
    0.009542110997558998,
    0.009406740118683353,
    0.00927371134126605,
    0.009143077960124297,
    0.009014719133500479,
    0.008888359392847312,
    0.008764046816225201,
    0.008641918555170585,
    0.008522002906296363,
    0.008404172057910527,
    0.008288490604836031,
    0.008174988287028527,
    0.00806356756731717,
    0.007953830047578195,
    0.007845601706180374,
    0.007739011841887631,
    0.007634056486558717,
    0.0075306669088427884,
    0.007428978851090784,
    0.007328898579266324,
    0.007230491386010294,
    0.007133753386478284,
    0.007038634836318062,
    0.006945179052993152,
    0.006853247266923648,
    0.006762760969324113,
    0.00667388928970301,
    0.0065864780366377005,
    0.006500314382047529,
    0.00641550780143581,
    0.006331870071895097,
    0.006249253997085399,
    0.0061677343475500974,
    0.006087441515545384,
    0.006008144221814785,
    0.005929908394652224,
    0.0058525362823229395,
    0.005776119067826968,
    0.0057005589597994965,
    0.00562595031389438,
    0.005552271924142674,
    0.0054794271346996,
    0.005407340021311974,
    0.005336034034010074,
    0.005265475266951501,
    0.005195723507735388,
    0.0051266948672649216,
    0.005058276301429,
    0.004990358859289447,
    0.004922956231576172,
    0.004856073038135436,
    0.004789761121170006,
    0.004724037477364022,
    0.004658833727555201,
    0.004594180491590425,
    0.004530094754554356,
    0.0044666394868675754,
    0.004403854936714573,
    0.004341850533207392,
    0.004280597984158823,
    0.004219887534067323,
    0.004159808553079709,
    0.004100392260508929,
    0.004041616048670261,
    0.003983557524509158,
    0.003926099971424578,
    0.00386924835442059,
    0.0038129457384368194,
    0.003757240326173337,
    0.00370223481467358,
    0.003647946922010637,
    0.0035944970360044836,
    0.003541865998155284,
    0.003489980049137129,
    0.003438843088907579,
    0.0033884964977527066,
    0.0033389458889927378,
    0.003290337684591147,
    0.0032426842529727543
  ],