{
  "x0": [
    0.28372577277510797,
    0.35260319703494036,
    0.36367103018995167,
    0.5182448131973766,
    0.5182448131973766,
    0.909978760935316
  ],
  "x": [
    0.8036658721488235,
    0.19738215595524805,
    4.757081406837783e-19,
    8.98118916863531,
    53.67588224106058,
    0.909978760935316
  ],
  "SSE": 0.0010888002962010294,
  "exp_data": [
    1.0,
    0.9196744788283855,
    0.8406447819768309,
    0.7657109736891703,
    0.6969549249954361,
    0.6353613366923266,
    0.5813057235001566,
    0.5341175994610379,
    0.4926156067630133,
    0.45577091278842646,
    0.42288470329080663,
    0.39344209498938315,
    0.36701587898296006,
    0.34321735149477695,
    0.32171036864299535,
    0.3022146521616145,
    0.2844805820029762,
    0.2683040617521574,
    0.2535057755616916,
    0.23994821766239563,
    0.22749619136347052,
    0.21603304460774633,
    0.205460141882114,
    0.19568608115768085,
    0.1866341364190936,
    0.17823663583401209,
    0.1704377288103618,
    0.16318776526380202,
    0.15643333863184497,
    0.1501312066975261,
    0.14425126377315542,
    0.13876097373605936,
    0.1336321986925139,
    0.12883625639717258,
    0.12434567276552383,
    0.12013440947938554,
    0.11618153172694659,
    0.11246255236103721,
    0.10895533365708385,
    0.10564383773010065,
    0.10251087760540852,
    0.09954229073929019,
    0.09672589112422425,
    0.09405068239291677,
    0.09150425429946529,
    0.08907744918369447,
    0.08676438380658524,
    0.08455886391316557,
    0.08245404160919596,
    0.08044182253733362,
    0.07851559150833134,
    0.07666988454979769,
    0.07489911746900375,
    0.07319841107144545,
    0.07156447137927077,
    0.06999183910489573,
    0.06847547325769636,
    0.06701240242127818,
    0.06560013377971707,
    0.0642364672711071,
    0.06291932443869112,
    0.06164567423535065,
    0.06041261236360244,
    0.059217699750144764,
    0.0580585791861406,
    0.05693252302563792,
    0.05583748344259599,
    0.054773246828269305,
    0.05373813856795082,
    0.05272981845525298,
    0.05174727036642135,
    0.05078861984146578,
    0.04985255610263986,
    0.048938675470785016,
    0.04804598958747025,
    0.04717389972707062,
    0.04632155462624718,
    0.04548861318431828,
    0.04467459770337024,
    0.04387813606217143,
    0.0430984096864607,
    0.042334888526540056,
    0.04158766401943903,
    0.04085558004715424,
    0.040138689319669844,
    0.03943619930178922,
    0.0387481247122318,
    0.0380738902649814,
    0.0374125811256409,
    0.03676454987268214,
    0.03612905157213296,
    0.0355058018778226,
    0.03489424123350044,
    0.034293767703494064,
    0.03370397106647269,
    0.03312490861088271,
    0.032556022731250536,
    0.031997341106385704,
    0.03144974286914005,
    0.03091215451234995,
    0.030384164700638566,
    0.02986627932116111,
    0.029358277782810655,
    0.02885988981962434,
    0.028370734120292423,
    0.027890554459996855,
    0.027419167183871756,
    0.02695550916390156,
    0.026500301227756345,
    0.0260529237056959,
    0.025613414544104807,
    0.02518101184899752,
    0.02475578449018051,
    0.024337267289788266,
    0.02392600534967818,
    0.023522026965646762,
    0.023125554242905216,
    0.022736711102474487,
    0.022354841542278785,
    0.021981093175517576,
    0.021614872200594264,
    0.021256125017647478,
    0.020904317086566548,
    0.020559720775120496,
    0.020221791514614774,
    0.01989002011304153,
    0.01956432393695176,
    0.01924476160840308,
    0.018931804552468307,
    0.01862511253012393,
    0.018324874294498916,
    0.018031371247698717,
    0.017744517730628802,
    0.01746418170555401,
    0.017189643902804946,
    0.016920425656014842,
    0.016656273237360665,
    0.01639710848197079,
    0.016143202091656095,
    0.01589387837565589,
    0.01564884263089329,
    0.015407862321314162,
    0.015170982727580305,
    0.014938405688113983,
    0.014710194194026182,
    0.014486225149677928,
    0.01426616729646645,
    0.014050231185006092,
    0.013837961426998299,
    0.013629194205422988,
    0.01342375656952188,
    0.013222232992080486,
    0.013024438581429586,
    0.012830234676850382,
    0.012639853673790495,
    0.012452784973244122,
    0.012268969624675717,
    0.012088031480361852,
    0.0119100174115369,
    0.011734802804627865,
    0.011561923202587981,
    0.011391342348653173,
    0.011223127142971745,
    0.011057159492145467,
    0.010893355345500337,
    0.010731543997495038,
    0.01057188245361138,
    0.010414095841402678,
    0.01025844935422989,
    0.010104862554451198,
    0.009953176617844431,
    0.00980337103626072,
    0.009655373071020728,
    0.009509096649764771,
    0.00936448584512664,
    0.009221436566734872,
    0.009079914123540932,
    0.00894009767847073,
    0.008801996610756443,
    0.00866574285568529,
    0.008531206067162038,
    0.008398571055439098,
    0.008267681047333265,
    0.00813836547435018,
    0.008010400329784,
    0.007883996478174204,
    0.007759484575085289,
    0.007636786428848959,
    0.007515669027599312,
    0.0073965701210895775,
    0.007279451471389595,
    0.00716441637633284,
    0.007051546383053056,
    0.006940697099902734,
    0.006831821261653976,
    0.0067247558357933284,
    0.006619257044233003,
    0.006515512195698794,
    0.006413125261945453,
    0.006311903935538981,
    0.00621212870321365,
    0.0061137144665685044,
    0.006016495208546373,
    0.005920501411003839,
    0.005825875816246871,
    0.00573248335860066,
    0.005640498552573002,
    0.00554967820188831,
    0.0054599943028276745,
    0.005371409722335663,
    0.0052839413298002135,
    0.005197560890143717,
    0.005112149617151478,
    0.005027574663938243,
    0.004943960912447851,
    0.0048612477916115905,
    0.004779388104803857,
    0.0046984344498606865,
    0.004618248561140818,
    0.004538536769581075,
    0.004459382584076488,
    0.004380760332863555,
    0.0043026853518726045,
    0.004225173039822465,
    0.0041481335774742525,
    0.00407164631600334,
    0.003995777171950632,
    0.0039205785581885935,
    0.003846029562879826,
    0.0037722012082118403,
    0.003699026636693063,
    0.0036264110518173555,
    0.0035545131050871972,
    0.0034832980625625026,
    0.0034127819195342527,
    0.003342827960272642,
    0.0032734564719859496,
    0.003204655351532425,
    0.0031365285467791827,
    0.0030691014071967705,
    0.0030024785012644625,
    0.0029369092496268952,
    0.0028724249324930556,
    0.002808944921206378,
    0.0027462387073537253,
    0.002684318077899404,
    0.0026233915551065238,
    0.0025635372749540425,
    0.0025052607497356833,
    0.002448740774086206
  ],