{
  "success": true,
  "x0": [
    0.09740006913478064,
    0.41599313202291555,
    0.4866067988423039,
    0.5709327829372807,
    0.20934425948393706,
    0.772722499341206
  ],
  "x": [
    0.16253994740441843,
    0.8374600525955816,
    0.0,
    71.03458438423638,
    11.411730101401481,
    0.772722499341206
  ],
  "SSE": 0.002154897783412124,
  "exp_data": [
    1.0,
    0.9361936753169259,
    0.8733022714773354,
    0.8126058726234108,
    0.7548643891627796,
    0.7002730009929852,
    0.6491463705078818,
    0.6017691929791776,
    0.5583440565395881,
    0.5189141245830166,
    0.4833203392686174,
    0.4512261629639585,
    0.4222416940985809,
    0.3959836248490083,
    0.37211679934252717,
    0.3503522490172714,
    0.3304648844308493,
    0.3122532549165262,
    0.2955447322447558,
    0.28018531673972735,
    0.26604062487409663,
    0.2529964385420907,
    0.24094048419548783,
    0.22977551361306917,
    0.21941688706167015,
    0.20979322769614467,
    0.20084133309883015,
    0.1925052389107765,
    0.18473264743919426,
    0.17747633967054213,
    0.17069216938063736,
    0.1643394125879624,
    0.1583816963744299,
    0.1527880970967392,
    0.14752775744648908,
    0.14257457289952233,
    0.1379019922796488,
    0.13349324171620197,
    0.12932474593624121,
    0.1253784127146009,
    0.12163711190126424,
    0.1180863101033208,
    0.11470976092249027,
    0.11149661015469511,
    0.10843697858629112,
    0.10551886018353385,
    0.1027349071596852,
    0.1000770177852111,
    0.09753513090230527,
    0.09510210807317487,
    0.09277226615910114,
    0.09054030272467672,
    0.08839990838774787,
    0.08634788335305488,
    0.08437801877856276,
    0.08248580483277823,
    0.08066595439638004,
    0.07891533896172812,
    0.07723051392204802,
    0.07560577901647073,
    0.07403805534145588,
    0.07252395508069966,
    0.07106036116872508,
    0.06964425166439722,
    0.06827223610767781,
    0.06694315571986445,
    0.06565518971092958,
    0.06440577743833278,
    0.06319253075606522,
    0.06201359028751766,
    0.06086692797621004,
    0.05975074204993826,
    0.05866448382435617,
    0.057606318288228785,
    0.05657569339941502,
    0.055572535665925994,
    0.054594744229780334,
    0.053642311268081624,
    0.05271349286538984,
    0.051807941727339865,
    0.05092455142632586,
    0.05006259884973183,
    0.049221234420357036,
    0.04840012546967615,
    0.04759895414963131,
    0.046817149043661396,
    0.04605358725942162,
    0.045307262288942066,
    0.04457794341952098,
    0.04386528651355103,
    0.043168986441750164,
    0.042488418724724496,
    0.041823456610431374,
    0.041173843744710996,
    0.040540171120800904,
    0.0399216410592863,
    0.039317926456886344,
    0.038728362841789356,
    0.03815225089779191,
    0.037588726458159215,
    0.037037360848783424,
    0.03649803278529812,
    0.035970030560634594,
    0.03545373538657922,
    0.03494924452811362,
    0.03445601912848531,
    0.0339741472521226,
    0.033503198180011545,
    0.033042809165638266,
    0.03259337369637717,
    0.0321540406998436,
    0.03172448519495907,
    0.031304479555402366,
    0.03089385696734971,
    0.030492055078429527,
    0.030098842987430468,
    0.02971290089598231,
    0.029334352072302186,
    0.028962469666079745,
    0.02859735483442524,
    0.028238860910260146,
    0.02788698145915162,
    0.02754127072464896,
    0.027202069447076222,
    0.026869690569273914,
    0.026543891309574238,
    0.026225006188346115,
    0.025912534082581335,
    0.025605992836998877,
    0.025305570092429574,
    0.02501106588754939,
    0.02472189920438793,
    0.024437612342675673,
    0.02415805991483534,
    0.023882760709752593,
    0.0236115211577444,
    0.023344222540767325,
    0.023080800330486068,
    0.022821585190969967,
    0.02256627742415046,
    0.022315052461827512,
    0.022068322644359407,
    0.02182591914332365,
    0.021587494971694505,
    0.021352828747968077,
    0.021121279018725295,
    0.02089263000387486,
    0.02066728878280123,
    0.02044512039893281,
    0.020226167915205276,
    0.020010308619947507,
    0.01979743636914166,
    0.019587286884222163,
    0.019380025846878812,
    0.01917570852356867,
    0.0189739543223616,
    0.018774685022741044,
    0.01857797630636955,
    0.018383612595155443,
    0.01819148048160423,
    0.018001491896532752,
    0.01781369602798547,
    0.017628340238761614,
    0.017445186021843678,
    0.01726430443746772,
    0.017085935164064463,
    0.016910418182807627,
    0.016737627706591866,
    0.01656744611886456,
    0.016399907010451433,
    0.016234922653870942,
    0.016072435372318106,
    0.015912448107082897,
    0.015754615800844304,
    0.015599092803086563,
    0.015445681017908695,
    0.015293998335045095,
    0.015143813999879057,
    0.014995381580962776,
    0.014848609960769558,
    0.014703477744123252,
    0.014559989757531542,
    0.01441822545240598,
    0.014278093269554206,
    0.01413961561712913,
    0.014002454064009382,
    0.01386669621601675,
    0.01373224038432049,
    0.013599116916276532,
    0.013467254642986275,
    0.01333648480008759,
    0.01320683720201868,
    0.013078443720337073,
    0.01295128590862245,
    0.01282557617565478,
    0.012701181038130649,
    0.012578211218846657,
    0.012456813515899003,
    0.012336948049602782,
    0.012218449813665183,
    0.012101425664098208,
    0.011985580400152806,
    0.011870711645087573,
    0.011756952286890856,
    0.011644422290673787,
    0.0115328290211167,
    0.011422233734467132,
    0.01131235150512375,
    0.011203369137441813,
    0.01109507747235147,
    0.010987613984078621,
    0.010880859218520559,
    0.01077482889319256,
    0.010669425628741548,
    0.01056459242988532,
    0.010460340104091668,
    0.010356861111672005,
    0.010253912391305593,
    0.010151495562969107,
    0.010049489292347247,
    0.009947944982545932,
    0.009846763654137508,
    0.009746056054407636,
    0.009645745901206289,
    0.009545990049074941,
    0.009446849771279174,
    0.009348207706077059,
    0.00925010212198917,
    0.009152502500897549,
    0.009055456416109282,
    0.008959182049926094,
    0.008863372887743115,
    0.008768113446127877,
    0.008673502451373851,
    0.00857963903857881,
    0.008486743123773092,
    0.008394553556000803,
    0.00830313748495014,
    0.008212320848749703,
    0.008122077625369704,
    0.008032423567910011,
    0.007943276664975485,
    0.007854983599579167,
    0.00776760773644547,
    0.00768118933942593,
    0.007595722060079887,
    0.007511124595395357,
    0.0074271699758686645,
    0.0073438461487656485,
    0.007261103428498332
  ],