{
  "success": true,
  "x0": [
    0.32977436986143843,
    0.16678099725888879,
    0.5034446328796727,
    0.88870110161355,
    0.88770110161355,
    0.09168953061499786
  ],
  "x": [
    0.18851117706418435,
    0.8037349803714399,
    0.007753842564375682,
    78.38017377008967,
    8.250787911454532,
    0.09168953061499786
  ],
  "SSE": 0.006866402531533184,
  "exp_data": [
    1.0,
    0.9112959986748397,
    0.8252833690897596,
    0.744767685039097,
    0.6718012515771117,
    0.6072135269581491,
    0.5513307994510028,
    0.5033901509570354,
    0.46209607381424705,
    0.42628402435089396,
    0.39511200587542616,
    0.3679157671989439,
    0.3440982905104634,
    0.32311740185428456,
    0.30451341790721065,
    0.2879130726775706,
    0.2730240147761097,
    0.2596026308500275,
    0.24744567404142426,
    0.23638868952474298,
    0.22628529747639406,
    0.21701517531903572,
    0.2084759476704975,
    0.20058919511138165,
    0.1932717483235904,
    0.18646666106452614,
    0.1801223637658533,
    0.174190354955635,
    0.1686191662414966,
    0.1633738044333365,
    0.15843216277018327,
    0.15377494887504417,
    0.14938481214413737,
    0.1452424719467769,
    0.1413343537518703,
    0.13764409993309482,
    0.13415342127522054,
    0.13084432043777763,
    0.1277064088447276,
    0.12472620638603586,
    0.12188617804971004,
    0.11918965335754214,
    0.11662082394328153,
    0.11415916027151263,
    0.11180684863880276,
    0.10956241590435509,
    0.10740789090100278,
    0.1053375585976994,
    0.10334976476269053,
    0.10144500027830808,
    0.09961377297722328,
    0.09784590696815325,
    0.0961435446060748,
    0.09449655118375046,
    0.09289389036679142,
    0.09132895167190147,
    0.08979225621163954,
    0.08827913747190226,
    0.0867883048205127,
    0.0853230466980194,
    0.08388762979315202,
    0.0824857304740053,
    0.08112887052089261,
    0.07980801740146495,
    0.07851383825121176,
    0.07724498829043862,
    0.07601138960708309,
    0.07481561471371281,
    0.07365978881671378,
    0.07254410051092038,
    0.07146664184945047,
    0.07042586358818376,
    0.06941370342799848,
    0.06842155570874792,
    0.06746334195187328,
    0.06653270766851642,
    0.06562136344575772,
    0.06472917867795003,
    0.06385860749293339,
    0.06301465938399321,
    0.062197119130158234,
    0.06139930696179671,
    0.060624933279151146,
    0.05985831781129218,
    0.05909680015567273,
    0.05834810184918019,
    0.05761190919050583,
    0.05689710396605084,
    0.056198427083146645,
    0.0555131700447877,
    0.05484807116827422,
    0.05419195978376048,
    0.05354047112583871,
    0.052885731550001834,
    0.05223240349180344,
    0.05158110832988123,
    0.05093673414535403,
    0.05030771170453657,
    0.04968428076256091,
    0.04906258566999233,
    0.0484455982780585,
    0.047835596905749414,
    0.04722799652404804,
    0.04662905473886401,
    0.04603481661193206,
    0.04544894558042077,
    0.04487439156693913,
    0.044309019043410634,
    0.043752819324503874,
    0.04319921543962645,
    0.04265501852414596,
    0.04212730598804909,
    0.0416124443851758,
    0.041113783238161436,
    0.0406313429449677,
    0.040168644533814045,
    0.039727209870934685,
    0.03930592071142934,
    0.0388994778897068,
    0.038502815460833374,
    0.038111011983658113,
    0.037718477369513705,
    0.03732960633048552,
    0.0369419794470691,
    0.03655489553212961,
    0.036165559458957955,
    0.03577595149822966,
    0.03538803958300401,
    0.03500514941081257,
    0.0346260075748532,
    0.0342514452506236,
    0.03388171116345919,
    0.033516145263751296,
    0.033163798759406775,
    0.032826022214631004,
    0.03249856023200976,
    0.0321939571951275,
    0.03190764133820735,
    0.03162907800663409,
    0.03135256054256835,
    0.031071527354923995,
    0.030780592563239367,
    0.030483949626906464,
    0.03018813166568605,
    0.029885632061006407,
    0.029590429404198485,
    0.029307837646425826,
    0.029040998966808035,
    0.02879091367720019,
    0.028558025539670247,
    0.028331330450705024,
    0.02810253568336999,
    0.02788177576195401,
    0.027668775618848816,
    0.027458517162408966,
    0.0272605198441868,
    0.0270752124260034,
    0.026907775853847776,
    0.02675039789796939,
    0.026597077505358287,
    0.02644831636853646,
    0.026295097424956528,
    0.026134599794996844,
    0.02596414475097572,
    0.025783439647686465,
    0.025589086657021847,
    0.025382765122530005,
    0.02516536715909999,
    0.024946767050055017,
    0.02472135506320539,
    0.02449857828142649,
    0.02428371366049747,
    0.024088688136594635,
    0.023907825143567905,
    0.02374094954933241,
    0.023581773412428172,
    0.023423632950952695,
    0.02325968664727555,
    0.02308605618909715,
    0.022912064888352682,
    0.02274211988039236,
    0.022570745976054782,
    0.022405695312034034,
    0.0222464039828143,
    0.022083092037572936,
    0.021916199270008294,
    0.021745942886271775,
    0.021574177161385266,
    0.021401092766481538,
    0.02123309184450012,
    0.021063096226351084,
    0.020895909240861463,
    0.020737093224981698,
    0.0205847837648426,
    0.02043780663270985,
    0.020290849310862953,
    0.020142083598450357,
    0.0199978821273861,
    0.019861459564944103,
    0.0197387737757934,
    0.019624498550010555,
    0.019503248547958162,
    0.019367359573427844,
    0.01921818652762703,
    0.01906820761456863,
    0.018922339863358867,
    0.018787274498991254,
    0.018663932011385963,
    0.018547610818889646,
    0.0184352219737584,
    0.018322360290096113,
    0.018212188964169415,
    0.018107473518857536,
    0.01801158737690046,
    0.017919256836432626,
    0.01782191621089538,
    0.01772406414733274,
    0.017616125719471562,
    0.017494355018307463,
    0.01736583295771669,
    0.017230380535045973,
    0.01710466912470088,
    0.01698826705357169,
    0.016877950677719734,
    0.016785236147229588,
    0.016708694659060056,
    0.01663503919599633,
    0.01656587883628294,
    0.016506426586043562,
    0.016453596284770087,
    0.016402165839874295,
    0.016353959274296944,
    0.016308465610703902,
    0.016269267232633857,
    0.01623936812193645,
    0.016217149025191717,
    0.01619453629656009,
    0.016175434289611847,
    0.016165869628805615,
    0.01614968515253191,
    0.016126817928648923,
    0.016102604918340223,
    0.01607166188268567,
    0.016035754955672468,
    0.015998116608061424,
    0.015959055282900397,
    0.01592001002809457,
    0.01588761030392967,
    0.01586424414267566,
    0.015847136595177603
  ],