{
  "x0": [
    0.33598446564514906,
    0.52917500743567,
    0.13484052691918105,
    0.7582346259901925,
    0.7582346259901925,
    0.23177200748372584
  ],
  "x": [
    0.7657118531313812,
    0.2302495450249689,
    0.004038378748415668,
    7.214160109604566,
    59.307664836612744,
    0.23177200748372584
  ],
  "SSE": 0.004200692899284959,
  "exp_data": [
    1.0,
    0.9045472694587827,
    0.8121375982782624,
    0.7262993591884647,
    0.6497493996791175,
    0.5836679003897672,
    0.5283431482062193,
    0.4823512790137266,
    0.4435744187286603,
    0.410247990945227,
    0.38124667897911124,
    0.35584852869705397,
    0.3334782189814976,
    0.3136574281792309,
    0.2959977632264972,
    0.28018234566879197,
    0.26595869717211107,
    0.2531060922094199,
    0.2414484783867483,
    0.23083087251170903,
    0.22113275066923752,
    0.21223374088136332,
    0.2040180244645582,
    0.19641085838684288,
    0.1893497457744619,
    0.18278547395857625,
    0.17665683481027392,
    0.1709000258649618,
    0.16546088441225354,
    0.1602935869985144,
    0.15539039404953295,
    0.15074246706088176,
    0.14633608673330709,
    0.14214959958434464,
    0.13817820895310792,
    0.13440558212674955,
    0.13081932036591246,
    0.12739980030013565,
    0.12414570431157672,
    0.12104516246476311,
    0.11807966527903964,
    0.11525639482381961,
    0.11255876285128281,
    0.10996930079946185,
    0.1074881154988014,
    0.10512723574544945,
    0.10286070846874737,
    0.10069132544354356,
    0.09862521724519693,
    0.09665950029160167,
    0.09479403168551226,
    0.09300432281665827,
    0.09129845112296942,
    0.08966777183266389,
    0.0880914516861203,
    0.08655122725179036,
    0.0850338992365671,
    0.08354139283131647,
    0.08206710304568304,
    0.08062438349853461,
    0.079203897649233,
    0.07780895041124997,
    0.07645586907992952,
    0.07512681496617617,
    0.07381298545902432,
    0.0725107482087512,
    0.07123531767117128,
    0.07000177526095588,
    0.06881286756103498,
    0.06766853055772717,
    0.06657576404836422,
    0.06553081148536502,
    0.0645251665334401,
    0.06354358532317711,
    0.0625899137774795,
    0.06165106050811964,
    0.060711270857865464,
    0.05977650575566649,
    0.058853063263028624,
    0.05795939137073585,
    0.05709657583491707,
    0.05625878081501856,
    0.05544049972316964,
    0.05462769136859023,
    0.05381632724601023,
    0.05302295443235287,
    0.05224102095446599,
    0.05147928848953688,
    0.05074515641687668,
    0.050030147918981895,
    0.04934747255249261,
    0.048669924328142995,
    0.048000147723415834,
    0.0473218116598353,
    0.04665015978846893,
    0.04597722523705943,
    0.045309856390948165,
    0.04465874397725381,
    0.044027983631972425,
    0.04339832603196663,
    0.04277564590266523,
    0.042173665805900686,
    0.04156497176656032,
    0.040958340921383285,
    0.04033402408324019,
    0.03969670707978814,
    0.03905055615140475,
    0.038388432633250466,
    0.03772544521505474,
    0.03704545049105518,
    0.03637497701164019,
    0.03572303741253234,
    0.03508630858294896,
    0.03446980601937893,
    0.033869732685482254,
    0.033281507229501135,
    0.03271085731031483,
    0.032169280713844714,
    0.03166252922355503,
    0.031173787670308775,
    0.0307048644623728,
    0.03023099316365611,
    0.029749863488895537,
    0.02926264383658675,
    0.028765113872439022,
    0.02826229846214329,
    0.027756108657404552,
    0.027261896746888344,
    0.02678174902299393,
    0.026306093283794203,
    0.025831367776523503,
    0.025362335469291942,
    0.024918195439216747,
    0.024503236652795198,
    0.02412442397516605,
    0.02377110571001447,
    0.02346356349879472,
    0.023195422470887166,
    0.02294135589483018,
    0.02268769286996743,
    0.022431794610844012,
    0.022162515659534424,
    0.02189436762344269,
    0.021625276813648765,
    0.021354358912488092,
    0.021105856730897512,
    0.020874092540977433,
    0.020645158507605073,
    0.02042297979494422,
    0.02019640210240537,
    0.019945951302998484,
    0.01967017741161272,
    0.019388410733823375,
    0.019111845317085086,
    0.018831737000653277,
    0.018553977956831502,
    0.018284954154316396,
    0.018028114150167047,
    0.01777787828296179,
    0.01752568294024663,
    0.017283434773410804,
    0.017048128103226767,
    0.01681376949812461,
    0.01657905071928808,
    0.016332533240537687,
    0.016076370350472727,
    0.015804487075819995,
    0.01552998809968552,
    0.015266110911483529,
    0.015007268212437577,
    0.014771388207767492,
    0.014559776765843588,
    0.01436960250358773,
    0.014198939846363511,
    0.014052790243998635,
    0.013928077344508173,
    0.013832447426535223,
    0.013749190677443606,
    0.013677587726834752,
    0.013620569015169543,
    0.013580174091046482,
    0.013530693146041219,
    0.01346734998354378,
    0.013384075275572425,
    0.013270287769020443,
    0.013131749973653822,
    0.01296477863763102,
    0.012768474930711845,
    0.012541612389103306,
    0.012304323099421264,
    0.012063243379449867,
    0.011829659874632248,
    0.01162637057783433,
    0.011455109949122026,
    0.01130848570178167,
    0.0111718966879765,
    0.011032016584484206,
    0.010879163006000284,
    0.010723670889930483,
    0.010572312408055349,
    0.010435573836523345,
    0.010303628954573403,
    0.010165149237220528,
    0.010039730390706358,
    0.009956017233518535,
    0.00990344951112771,
    0.009876112949368486,
    0.009875165181862735,
    0.009879979931658053,
    0.009887361241427488,
    0.009890798100850556,
    0.009894033312260863,
    0.00991134025398465,
    0.009941373584248394,
    0.009976585991782683,
    0.010013158790636998,
    0.010045688023673657,
    0.010055864867862621,
    0.010034619696836352,
    0.009998259763410828,
    0.00996167448786836,
    0.009952679395860222,
    0.009968589798763312,
    0.0099978087980178,
    0.010036415344120597,
    0.010081367504225947,
    0.010136997071569991,
    0.010203750150732249,
    0.010268207910423374,
    0.010322126150885822,
    0.010366475708474961,
    0.010405108355464961,
    0.010443482010164179,
    0.010488570575263364,
    0.010551828835713022,
    0.010618359212782763,
    0.010669630026561417,
    0.010714882537647673,
    0.010762340664159696,
    0.010789729027105321,
    0.010785082777513241,
    0.010777001407332785,
    0.01076205619648531,
    0.010728977126426818,
    0.010683207393171735,
    0.010629426439931738,
    0.010583256786081035,
    0.01055245454433842,
    0.010532689579707658,
    0.010520420091235183
  ],