{
  "x0": [
    0.3078730380547805,
    0.5615270685037499,
    0.13059989344146972,
    0.7911954581424814,
    0.09427122976589139,
    0.2751894030953924
  ],
  "x": [
    0.14837701138755977,
    0.810199621502967,
    0.0414233778658028,
    113.95137536807694,
    8.88587227323122,
    0.2751894030953924
  ],
  "SSE": 0.017404255289752465,
  "exp_data": [
    1.0,
    0.90489058819661,
    0.812715201562664,
    0.7270992778447132,
    0.6507118977203739,
    0.5847453359533491,
    0.5294924337438282,
    0.4836618325528575,
    0.445134560883182,
    0.41205632426284283,
    0.38325354495560415,
    0.35798996463746874,
    0.33572969874248526,
    0.31599372189813973,
    0.2983799110684678,
    0.28256088359037457,
    0.26827642719167216,
    0.25531630462598776,
    0.24350500729513924,
    0.23271940666510363,
    0.2228080955198533,
    0.21366606155967213,
    0.20523142213039264,
    0.19743804386148003,
    0.19019846307295113,
    0.1834482206263749,
    0.17714738373993288,
    0.17126019018784877,
    0.1657301831015871,
    0.16053040089408452,
    0.15564527371934503,
    0.15104653081524191,
    0.14672622572392716,
    0.1426719289587589,
    0.13886119210747597,
    0.13528780417158173,
    0.1319274501136044,
    0.1287635500361423,
    0.1257783288795028,
    0.12296443888992913,
    0.12031048031695014,
    0.11781577630418133,
    0.11546733211507032,
    0.11323061041346448,
    0.11110984563368904,
    0.10909231818013138,
    0.10716115718211432,
    0.10529685025886751,
    0.10350432409655846,
    0.10178021318612328,
    0.10010806751771933,
    0.09848686259792325,
    0.09692789181087759,
    0.09541647226239944,
    0.09394844486516084,
    0.09251311264121828,
    0.09109637032736367,
    0.0896964571570717,
    0.08830785884334615,
    0.08693551017237494,
    0.08559237688287653,
    0.0842864126253955,
    0.08303272494605264,
    0.08182081627640178,
    0.08063492278384168,
    0.07946973950330084,
    0.07833074167291627,
    0.07720921180374894,
    0.0761138599309523,
    0.07503851619845993,
    0.0739848440823784,
    0.07294716153290172,
    0.07192212520527883,
    0.07089604898423789,
    0.06990117179044301,
    0.06895381309121022,
    0.0680415292954115,
    0.06715653822936042,
    0.0663028260267935,
    0.06547660221603396,
    0.0646849211209724,
    0.06391761713308709,
    0.06317785480863088,
    0.0624382975803014,
    0.06169724434072494,
    0.06096480105621875,
    0.06025135690256058,
    0.05957879257522233,
    0.05893138215288507,
    0.05831452624582247,
    0.057735312892269984,
    0.05718265846939765,
    0.0566518511190258,
    0.05613315405475286,
    0.055625313537861744,
    0.055138933927925585,
    0.05467332127428381,
    0.054225525054458996,
    0.05376667248034581,
    0.053293427878720205,
    0.05281692797934721,
    0.052324312338216335,
    0.05182683443269982,
    0.05134309424465617,
    0.05088351116309153,
    0.05045253299855967,
    0.05005968156497686,
    0.04968944850855869,
    0.04933587950589964,
    0.04898522122881825,
    0.048645731891396,
    0.048317369399304984,
    0.04799562334237065,
    0.047682083846009214,
    0.04737147400242295,
    0.047074045179684804,
    0.04678345091801351,
    0.04649772218734214,
    0.046196412252926485,
    0.04588615256034304,
    0.045561481473282546,
    0.04522594267656323,
    0.04489907537498027,
    0.04458200884205495,
    0.044273162804497335,
    0.043956705457608186,
    0.043639909998002255,
    0.04332082815023399,
    0.04300772875365063,
    0.042710951401674836,
    0.04243523349662578,
    0.042179441575331426,
    0.04192161539154629,
    0.04167249745850455,
    0.041426370876131983,
    0.04118531530232331,
    0.04096066548290329,
    0.040747362006342214,
    0.04053472276513675,
    0.04031016571092238,
    0.04005905517056373,
    0.03978302924914398,
    0.039480577342783464,
    0.0391766573338167,
    0.038861411730119304,
    0.038538664140302235,
    0.03823137438695333,
    0.037957334838575975,
    0.03771284893080235,
    0.037509370898081484,
    0.037338226702162206,
    0.037184990760314056,
    0.03704719055991483,
    0.03691562448432189,
    0.036781136644341066,
    0.03666254439377742,
    0.03656957117467412,
    0.0365135296750795,
    0.03648400747176885,
    0.03647464781693944,
    0.03647366777739554,
    0.036471301024217584,
    0.03647068789330104,
    0.03645871344030638,
    0.03643430824373697,
    0.03638506776706234,
    0.036315805634580346,
    0.03621647292569982,
    0.03610789040519263,
    0.03597790198993812,
    0.03582456050761528,
    0.03566783139226035,
    0.0355404369043651,
    0.03542860202470284,
    0.03532048816349159,
    0.03520230102980734,
    0.03506035775615025,
    0.03489270129603683,
    0.03468664752029445,
    0.034459631769303015,
    0.03422823981519614,
    0.03401197769790189,
    0.0338329483086342,
    0.03368842670892043,
    0.03357237108469473,
    0.03347873144677026,
    0.03340821578112877,
    0.03334807790259153,
    0.03330888643043087,
    0.03328660664421638,
    0.03326046986773598,
    0.033225368775375484,
    0.03317640667989284,
    0.033101822700369016,
    0.03300668303356067,
    0.03289416338301889,
    0.03278125625815808,
    0.032687411063444485,
    0.03260403741410052,
    0.032544039860663544,
    0.03248943961104937,
    0.032414947441785726,
    0.03230841326105378,
    0.03216015315746426,
    0.0319697068524675,
    0.031765358089668294,
    0.03157044875229926,
    0.031374161330004424,
    0.031189374965403752,
    0.031016594208184263,
    0.03084726880622168,
    0.030676932402943634,
    0.030503627687480897,
    0.030337400077631752,
    0.030158270590409025,
    0.029959728608562674,
    0.029762809781392213,
    0.02957322864139236,
    0.0293922088611552,
    0.029223162980004644,
    0.02905959092684029,
    0.02890091511180201,
    0.02874995232809206,
    0.028602010346391028,
    0.028491850939982227,
    0.028412027253857646,
    0.028320873434107104,
    0.028236121437142617,
    0.02817859117921281,
    0.02815294838357161,
    0.02815192952837319,
    0.028163273357169203,
    0.028188952690195963,
    0.0282240175649524,
    0.028261339970046675,
    0.028304298166328904,
    0.028348283829774824,
    0.028381198906108216,
    0.028415958522123603,
    0.02845188587652994,
    0.028491095042655172,
    0.02853150021003246,
    0.02855060951666875,
    0.028555210328328414,
    0.028553086737511852,
    0.02854203521690469,
    0.02851969328774717,
    0.02849122088209881,
    0.028468817535565096,
    0.0284573972995056
  ],