{
  "x0": [
    0.4091095991967275,
    0.4401597580262636,
    0.15073064277700896,
    0.16972220855306133,
    0.15166137047303418,
    0.6792784986814614
  ],
  "x": [
    0.19810989282934235,
    0.8176857959552344,
    1.468549407204169e-17,
    74.69874849544128,
    8.659248641999634,
    0.6792784986814614
  ],
  "SSE": 0.0028592816941821917,
  "exp_data": [
    1.0,
    0.9244501383691262,
    0.8509973074283521,
    0.780904418084113,
    0.7149424573318438,
    0.6532273445313309,
    0.596156816402961,
    0.544157341304522,
    0.49757924183089874,
    0.4565477578446123,
    0.4208357936915633,
    0.38990880826230917,
    0.3630869538074076,
    0.33970105548548263,
    0.31916257942666715,
    0.3009959887735453,
    0.2848369199645459,
    0.27038549571467485,
    0.25738353644238515,
    0.2456157893974163,
    0.23491504624009124,
    0.22514572351607176,
    0.2161783964165416,
    0.207918683085822,
    0.20026703612335822,
    0.19316628860862728,
    0.18656287274735298,
    0.18041084881409447,
    0.17466643121064923,
    0.1692974254074106,
    0.16426082054167193,
    0.1595358487490089,
    0.1550921239751778,
    0.1509058872972271,
    0.14696366019502718,
    0.14323891350095325,
    0.13971349334614486,
    0.13636961097705502,
    0.13319519334310329,
    0.1301690178034153,
    0.12726838855314027,
    0.12449678894462546,
    0.12183637686349141,
    0.11927756960161158,
    0.11682258478391773,
    0.11446769378748443,
    0.11220180705214655,
    0.11002450009068715,
    0.10791975294631616,
    0.10589528735719922,
    0.1039392197284382,
    0.10204653548987817,
    0.10020429088437745,
    0.09840540945618799,
    0.09664177454909302,
    0.09492251512269578,
    0.0932464990709879,
    0.09159956242731856,
    0.08998995257250894,
    0.0884092464231487,
    0.08686661484734642,
    0.08536182838537049,
    0.08389801753669562,
    0.0824764209618169,
    0.08109360651076929,
    0.07975447715926384,
    0.07846810947716175,
    0.07723585707643366,
    0.07605263895815406,
    0.0749252547765741,
    0.07383931741760884,
    0.07279961774628443,
    0.0717938185452766,
    0.0708250328188287,
    0.06989894028769736,
    0.0689932494062195,
    0.06811129018399638,
    0.06725449204882322,
    0.06641993318897794,
    0.06560798456520998,
    0.06480986043458511,
    0.06402152293728458,
    0.06325644530565287,
    0.06250896448498491,
    0.06177682888028306,
    0.06105655005896903,
    0.060343349714490783,
    0.05963323083339337,
    0.058918742679678206,
    0.058194835969558635,
    0.05746142806006011,
    0.05672329655374086,
    0.05596941453507443,
    0.055202228935417326,
    0.05442173714907958,
    0.05362716582465863,
    0.05282702477083015,
    0.05203886608189694,
    0.05125818617536451,
    0.05049600309929016,
    0.049744220952163035,
    0.04900881257313126,
    0.04829218337288398,
    0.04758572905055251,
    0.0468869145894644,
    0.04619759666291445,
    0.04551293698443578,
    0.044849175988422744,
    0.04419713325255726,
    0.043566974599005985,
    0.042944346669401716,
    0.042341511152309864,
    0.04175540123020782,
    0.04118945984909625,
    0.04065282214699782,
    0.040150381192256245,
    0.03968732138447566,
    0.03925075923310119,
    0.038839492192638984,
    0.03844850615184828,
    0.038066690015318996,
    0.03769849626832174,
    0.03733988012758073,
    0.03698128566256566,
    0.03662640991945248,
    0.036277674457122364,
    0.035931835839282125,
    0.03558139385188975,
    0.03522597045579309,
    0.034860978039090565,
    0.03448773447872159,
    0.034103356445754206,
    0.03370862496049088,
    0.03331566216692057,
    0.032927271792595,
    0.032539259683691465,
    0.03215764260368457,
    0.03178013953739263,
    0.031411155359935314,
    0.031059823046815222,
    0.030723732283364287,
    0.030396232781039752,
    0.030076903914493202,
    0.029762460849592668,
    0.029441125540411856,
    0.029126767341395684,
    0.028818046011346743,
    0.02852050355424306,
    0.02823691230585397,
    0.027968303618523965,
    0.027709813346954375,
    0.02745243887818325,
    0.027209725992123804,
    0.02697885705513945,
    0.026762677842232473,
    0.026565037181951422,
    0.02637111194901974,
    0.026181683736296726,
    0.0259893079391775,
    0.02579090175888885,
    0.025587846554803065,
    0.025365863147425213,
    0.02511934199356488,
    0.024854670093332698,
    0.024583477458784773,
    0.024305821853530453,
    0.024028002657189643,
    0.023749640451914633,
    0.023466299833488812,
    0.023178894987240475,
    0.02289978612889667,
    0.022623532823388498,
    0.022356025001831103,
    0.02209593355963734,
    0.021849570240506978,
    0.021614941862968952,
    0.02137809367017259,
    0.021137167968346242,
    0.020893933320162292,
    0.020655993880585536,
    0.02041794573493446,
    0.020169567084221237,
    0.01991678764392412,
    0.01966670996394999,
    0.01940661725900372,
    0.01913811638960075,
    0.018864834240055483,
    0.018605978650852426,
    0.01835277947991047,
    0.018108345789862798,
    0.01786557543186743,
    0.017632699072576634,
    0.01740850241721789,
    0.01719741864503679,
    0.016998251162787206,
    0.016806487861593465,
    0.01661297795270887,
    0.016427072312713585,
    0.01625667039080136,
    0.016099969058661196,
    0.01594848220245897,
    0.015791169247515387,
    0.01562851622200928,
    0.015454676034710473,
    0.01527889875771988,
    0.015098211989280599,
    0.014915261795306013,
    0.014742469522290736,
    0.014573477559607157,
    0.014401710471663474,
    0.014229013963216023,
    0.014065601177303828,
    0.013907452615107006,
    0.013755988468821184,
    0.01362291392710615,
    0.01349286123348652,
    0.013363694636932403,
    0.013219283649159703,
    0.013056236496930761,
    0.01287607612973452,
    0.012669876190429297,
    0.012460412866440462,
    0.012246259033859673,
    0.012034032888750374,
    0.011827442157585941,
    0.011632689219096656,
    0.0114472470823119,
    0.011257764920973934,
    0.011072480668494476,
    0.010885714319852857,
    0.010688092282774788,
    0.010493496110256694,
    0.010292962131751592,
    0.01009521355768583,
    0.009904935560049627,
    0.009728789696463559,
    0.009565695033344038,
    0.009430221425079575,
    0.009319309700133576,
    0.009207440553960548,
    0.009104275965778409,
    0.00899931313765542,
    0.008902319934903003,
    0.00882307741226225,
    0.008758055693500655,
    0.008705704191864736,
    0.00865708001045556,
    0.008619155485351757,
    0.00859122531275425,
    0.008563592394792
  ],