{
  "x0": [
    0.472546804956836,
    0.4222145195343667,
    0.1052386755087973,
    0.8206181738874739,
    0.10830378431981022,
    0.696847566895583
  ],
  "x": [
    0.10363677439111986,
    0.8141863236959785,
    0.08217690191290175,
    1036.7972788965233,
    2.1939482886188775,
    0.696847566895583
  ],
  "SSE": 0.01300266297059949,
  "a1": 0.10363677439111986,
  "a2": 0.8141863236959785,
  "a3": 0.08217690191290175,
  "a": 1036.7972788965233,
  "b": 2.1939482886188775,
  "c": 0.696847566895583,
  "exp_data": [
    1.0,
    0.6480314916938336,
    0.3953166412599162,
    0.28051012470451847,
    0.2254191912968197,
    0.19551938938680472,
    0.17758481622338881,
    0.16441430422584116,
    0.15390060337012523,
    0.14555704549092446,
    0.13902845333115801,
    0.1338436684668575,
    0.12948916486998097,
    0.1257639904225912,
    0.12259491955438882,
    0.11980410282571588,
    0.11738674201650849,
    0.11522505419830541,
    0.11336862163581397,
    0.1117117250204949,
    0.11020602502066171,
    0.10893389072139223,
    0.10777178541902611,
    0.10670199069974617,
    0.10571662484145264,
    0.1048322600650992,
    0.10403365201248672,
    0.1032865984985369,
    0.10259951616102526,
    0.10187478285639581,
    0.10123249124972616,
    0.10068344745160633,
    0.10015961025507582,
    0.09961914730606895,
    0.09912701093915058,
    0.0986879653981319,
    0.0982937824500235,
    0.09792972684278445,
    0.09761074794634875,
    0.0972600791111062,
    0.09688266688158137,
    0.09655527724701532,
    0.09627063725785473,
    0.09598246930259516,
    0.09566459796248944,
    0.09547565534047105,
    0.09523658793022033,
    0.09493608177754988,
    0.09468169110472006,
    0.09445931300520168,
    0.09424586966480021,
    0.0940224321436855,
    0.09381674975092874,
    0.09362804382187039,
    0.09344108900310177,
    0.09323868344613331,
    0.09303002975405286,
    0.0928435020661642,
    0.09267685563236665,
    0.09258021233378279,
    0.09245234793629596,
    0.09234408074869481,
    0.0922256117516802,
    0.09209387271079154,
    0.09195360284613259,
    0.09175637755016423,
    0.09160325288596967,
    0.0914935826113645,
    0.09144955647731597,
    0.09137221477834007,
    0.09130830557078624,
    0.09121346909255486,
    0.09110046626783465,
    0.0909874889911776,
    0.09092297066966543,
    0.09088359908203741,
    0.09086236541400487,
    0.090776697472062,
    0.09070858196584416,
    0.09066343166749634,
    0.09056520984367661,
    0.09049599082652442,
    0.09041259923846345,
    0.0903261662342552,
    0.09022883127057019,
    0.09012444983216814,
    0.09002319748956096,
    0.08995548121829243,
    0.08994158812254673,
    0.0899424789197981,
    0.08997299941465138,
    0.08992330839375633,
    0.0898681892654908,
    0.08976493898365197,
    0.08969895490958393,
    0.08961173625269654,
    0.08950339840700415,
    0.08945718591960783,
    0.08948580304170556,
    0.0894662366806742,
    0.08943047821480868,
    0.08943870533880342,
    0.08940438160942697,
    0.08935167099339213,
    0.08926340265428985,
    0.08921115678238531,
    0.08919512365806313,
    0.08918526380818335,
    0.08914491943456672,
    0.08904279500227433,
    0.0889679750224361,
    0.08892236472939144,
    0.08886011004153165,
    0.08881856937488408,
    0.08878168652103807,
    0.08872379323806695,
    0.08865054822317979,
    0.08858706612533261,
    0.08855549309115139,
    0.08852963644244022,
    0.08857103776271442,
    0.08855827039837288,
    0.08852802231936471,
    0.08852241549209823,
    0.08846561530996276,
    0.08842661305572737,
    0.08837021947781126,
    0.08832606888714344,
    0.08832660559290427,
    0.08829824610619338,
    0.0882408413727145,
    0.08818998607190456,
    0.08814542594367095,
    0.08813121208090524,
    0.08815159571199359,
    0.08812284376864318,
    0.08811497448408359,
    0.08814601553638876,
    0.0881451881386866,
    0.08810746196984362,
    0.08807983766555463,
    0.08804048336418072,
    0.08803968210762748,
    0.08803917204827756,
    0.08797802060910744,
    0.08797271571694652,
    0.08797667337284457,
    0.08792605619018284,
    0.08789301499879511,
    0.08789102908958103,
    0.08787879546535411,
    0.0878382844612853,
    0.08779449206425402,
    0.08782422383731997,
    0.08784118902544813,
    0.08779744784963316,
    0.08776759529573715,
    0.08781332056902699,
    0.08787175300515852,
    0.08790607490473988,
    0.08792109918589185,
    0.0879192925375767,
    0.0878856764526524,
    0.08784353618815428,
    0.08777809918461543,
    0.08773516688760662,
    0.08768910650182031,
    0.08771887492644957,
    0.08778389276670716,
    0.08779065942683179,
    0.08778266728485055,
    0.0878136328209943,
    0.08783878081918858,
    0.0878358627869454,
    0.08781585672323783,
    0.08775152820853095,
    0.08776701844595011,
    0.08771581497016877,
    0.08767880229337442,
    0.08767126295190393,
    0.0876917134463317,
    0.08772640320023421,
    0.08775089015313574,
    0.08772625695287876,
    0.0877349118528683,
    0.08771870466085782,
    0.08774235626411898,
    0.08776042212295543,
    0.08774813060521701,
    0.08776814611124817,
    0.08772722264487384,
    0.08764399217604733,
    0.08757199857541248,
    0.08752008608526574,
    0.08751583150527067,
    0.08753283787018114,
    0.08754131292985207,
    0.0875251905949167,
    0.08748814799410688,
    0.08744099508477257,
    0.0873776682758422,
    0.08734090419988916,
    0.08733856050914088,
    0.08730773487273304,
    0.0872840194788311,
    0.08724470877981187,
    0.08722658574573659,
    0.08726155959523156,
    0.08727410178662372,
    0.08727434626364249,
    0.08725716347089657,
    0.0871729523385263,
    0.08710934033791222,
    0.08703662857487736,
    0.08696842081405051,
    0.08692724504071532,
    0.0869314575324906,
    0.08696783850457428,
    0.08699824239030432,
    0.08699514701534714,
    0.08694063994860146,
    0.0868906226225192,
    0.08686888216964483,
    0.08686349945805158,
    0.08684305725014949,
    0.08683016105938733,
    0.08684247343664016,
    0.086881755548285,
    0.08692109040108745,
    0.08695066596740703,
    0.08693573157160187,
    0.08693035462660194,
    0.08692290780482086,
    0.08688329936122928,
    0.08688539704231983,
    0.08693246126095837,
    0.08690228307395259,
    0.08687728672522566,
    0.08696116336514649,
    0.08702817940301347,
    0.0869916620966639,
    0.08701661421209057,
    0.08702667666028392,
    0.08701530824172317,
    0.0869968435970413,
    0.08695175511825537,
    0.08693382424040699,
    0.08699656159986498,
    0.08705598960676056,
    0.08705689534705045
  ],