{
  "success": true,
  "x0": [
    0.1585462578800965,
    0.4350599235978915,
    0.40639381852201206,
    0.717204809755435,
    0.1417884297951004,
    0.9816782699908164
  ],
  "x": [
    0.10363097086165038,
    0.8133052903374371,
    0.08306373880091249,
    941.665185188709,
    2.2066135716146107,
    0.9816782699908164
  ],
  "SSE": 0.013596906060511626,
  "exp_data": [
    1.0,
    0.6492393929720515,
    0.3965190638675303,
    0.2814118321980559,
    0.2261247409837264,
    0.19610205967989514,
    0.1780712514521682,
    0.16498833270534474,
    0.1545141622363674,
    0.1461605755089929,
    0.13962956936013524,
    0.13438969547371857,
    0.12999424983301164,
    0.12628158304376905,
    0.12306897578192548,
    0.12029351064750018,
    0.11786486546271475,
    0.11568313578756413,
    0.11373714610486327,
    0.11210289144573105,
    0.11059245628142517,
    0.1091390291457053,
    0.10786042872138678,
    0.10678705232983485,
    0.10579099518348957,
    0.1048260256381981,
    0.10399287280998742,
    0.10326229320300419,
    0.10252760178968197,
    0.10180551918073842,
    0.10118167936317207,
    0.10056273507538971,
    0.09998082915872157,
    0.09947541972084127,
    0.09891989755607249,
    0.09841887275517937,
    0.09792425765745875,
    0.09747433862153831,
    0.09702329279098183,
    0.09661621721464077,
    0.09622641216512948,
    0.09587182386722895,
    0.09558482555349593,
    0.09528622558743283,
    0.09497715103323366,
    0.09472077002427505,
    0.09452221110699283,
    0.09432165825625749,
    0.094125220301646,
    0.09392149153637408,
    0.09372558258012129,
    0.093544530862099,
    0.09339758178827877,
    0.09320971633254335,
    0.0930051018309139,
    0.09282462426004633,
    0.09264993226500869,
    0.09248491825827058,
    0.09228813201817058,
    0.09213993794165813,
    0.09200920481110433,
    0.09183751210215343,
    0.09171092139078359,
    0.09157435978389866,
    0.09139841839753059,
    0.0912530266022151,
    0.09114267074342831,
    0.09100565556104098,
    0.09088372832476413,
    0.09072325469760714,
    0.0905679972754835,
    0.09044684953334653,
    0.09032689070437985,
    0.09017659310578736,
    0.09007530237955733,
    0.09000384116045872,
    0.0899028560942409,
    0.08978014466089382,
    0.08967060486558845,
    0.0895138519289771,
    0.08940787623911907,
    0.08932901095749614,
    0.08933993771990296,
    0.08930487110098027,
    0.08919334617558806,
    0.08907007285128138,
    0.0889832148624661,
    0.08891525098322274,
    0.0888290140874105,
    0.08878283041491572,
    0.08874643409402168,
    0.08866941216853362,
    0.08855170391898153,
    0.08843715335583796,
    0.08836298335537567,
    0.0883023660789764,
    0.08827334865238141,
    0.08822395843631128,
    0.0881192183308204,
    0.08803296722072412,
    0.08803611924424112,
    0.08801008101845272,
    0.08799133001520199,
    0.08799358169703962,
    0.08797535432017863,
    0.0879506115023469,
    0.08793434944570933,
    0.08790090678497552,
    0.08788872773307324,
    0.0878312768828398,
    0.08780542013356396,
    0.08780425870889745,
    0.08775047775788423,
    0.08769436263405463,
    0.0875909434663757,
    0.08751817281539957,
    0.08747067050094433,
    0.08743716310303609,
    0.08745898397618658,
    0.08748399358131063,
    0.08746727403575112,
    0.08741739600737299,
    0.08734992620586156,
    0.08733921207352688,
    0.0873345841199393,
    0.08725846012148032,
    0.08720224981921526,
    0.0871779075064755,
    0.08715419039021485,
    0.08711595914523712,
    0.08708389032404033,
    0.08708171724728934,
    0.08703768719406997,
    0.0870270831986784,
    0.08703786038649416,
    0.08698205308883884,
    0.08691979487953949,
    0.08691007591183271,
    0.08688529203605283,
    0.08688092558611162,
    0.08686509012424014,
    0.08685230962695215,
    0.08679489978255915,
    0.08678353531000475,
    0.08673141501852946,
    0.08663743107823292,
    0.08658465884944344,
    0.08659811311083326,
    0.08652354324715979,
    0.08644844185444613,
    0.0864166691242821,
    0.08637632576829572,
    0.08637856573095894,
    0.08636384427745025,
    0.08625523305881079,
    0.0861947350880043,
    0.08616757483112233,
    0.08614353831115709,
    0.08615411751898945,
    0.08617219106593384,
    0.08620636426357402,
    0.0862229551392955,
    0.08622033485288262,
    0.0862040376649126,
    0.08617771313527858,
    0.08618057184338135,
    0.08619887253598545,
    0.08617226394310337,
    0.08616545258616555,
    0.08618976728664816,
    0.0862162937489497,
    0.08620167884384598,
    0.08621595525566189,
    0.0862240303968703,
    0.08618142414811633,
    0.08614924630553356,
    0.08609581981805851,
    0.08606771178143048,
    0.08600491198137025,
    0.08596511780756154,
    0.08595391933810814,
    0.08595985392810622,
    0.08599398496175588,
    0.08596625520693266,
    0.08593243409483332,
    0.085921991012857,
    0.08594772068373364,
    0.08595304650093115,
    0.08596137719126674,
    0.08598991344692762,
    0.0859691953476583,
    0.08598057908144277,
    0.08602770808268047,
    0.08607651210624412,
    0.08607333725717232,
    0.0859913261629886,
    0.0858824954020819,
    0.08579395198177232,
    0.08575241165613574,
    0.08580927859130058,
    0.08585553953115066,
    0.08586386280619655,
    0.08586507234733509,
    0.08584727210341922,
    0.08580863233781147,
    0.0857829200445494,
    0.08586020322287755,
    0.08585429467220443,
    0.08579344433006732,
    0.08573103869902277,
    0.08571337245718808,
    0.08566931838894677,
    0.08563375929625046,
    0.08564651364461762,
    0.08562009767250403,
    0.08557884643565895,
    0.0855973453091609,
    0.08560044987743458,
    0.08558474928396495,
    0.08556179053111024,
    0.08556280690782513,
    0.0855339879686259,
    0.08555384780983748,
    0.08549997079931052,
    0.0855008813830689,
    0.08553595360902903,
    0.08548687202224584,
    0.08542728961704092,
    0.08542126676995165,
    0.08544895096510044,
    0.0854571226796205,
    0.08547305888726262,
    0.08548699745585361,
    0.08547590472891584,
    0.08544908551621987,
    0.08540787713559657,
    0.08538390524141201,
    0.08529597609153722,
    0.0852321653275917,
    0.08521339003890539,
    0.0852217332681281,
    0.08525132076427668,
    0.08524064722721061,
    0.08521777058662634,
    0.08522521094912944,
    0.08525025693441118,
    0.0852601983992443,
    0.08526317105708346,
    0.08525975514930595,
    0.08529588952509065
  ],