{
  "success": true,
  "x0": [
    0.42225756068227965,
    0.2165996873391638,
    0.3611427519785565,
    0.838872646255915,
    0.837872646255915,
    0.3076557347361685
  ],
  "x": [
    0.23353063337007798,
    0.7167308064934401,
    0.04973856013648185,
    767.364092359333,
    11.777608253783859,
    0.3076557347361685
  ],
  "SSE": 0.019822605840667695,
  "exp_data": [
    1.0,
    0.9304107470470622,
    0.8627028055485072,
    0.7990412650795757,
    0.7415141251071098,
    0.6906574417837474,
    0.6462337831312884,
    0.6074928873085397,
    0.5734659963941496,
    0.5433442232346524,
    0.5165124892976791,
    0.4925320611210212,
    0.47105942780280535,
    0.4517851265276255,
    0.4344423938442448,
    0.4188156700068863,
    0.4046935258478649,
    0.39188899049001674,
    0.3802573752642499,
    0.36965060211968664,
    0.35993734319860776,
    0.3510180514196979,
    0.3428140228702515,
    0.33525589762498753,
    0.32826411725517646,
    0.32178847887944134,
    0.3157765961971834,
    0.3101876824601966,
    0.30496911129529336,
    0.3000939094276979,
    0.2955211767381215,
    0.291206603699126,
    0.28713019356136243,
    0.28326654631111375,
    0.27961854040361617,
    0.27614694244508775,
    0.27285375807115947,
    0.2697279550730612,
    0.266731878991508,
    0.26386919227279987,
    0.2611331751365001,
    0.2585191050168908,
    0.2560204593007612,
    0.2536413165707429,
    0.25136645656228335,
    0.24917696197270608,
    0.24706914205311706,
    0.245042020650594,
    0.2431109373378178,
    0.24127792465239184,
    0.23953498883040575,
    0.23787848349071422,
    0.23628610313956352,
    0.23474279014961638,
    0.23324468188296985,
    0.23179553303698178,
    0.23040876728843243,
    0.2291053099121639,
    0.227859768151318,
    0.2266665488834835,
    0.2255179496326879,
    0.22442238734610828,
    0.22338799346758845,
    0.22239626754553685,
    0.22144902010100062,
    0.22054098020176685,
    0.2196472255238499,
    0.21876416153011694,
    0.21790910292817187,
    0.21706589808842885,
    0.21622541665514228,
    0.21538724641277399,
    0.2145422933448195,
    0.2137197177169665,
    0.2129153054586923,
    0.2121284525130346,
    0.21135185119521765,
    0.21058439947752441,
    0.20983008092691185,
    0.20912604709473454,
    0.20846001367211622,
    0.2078286678803907,
    0.20722574639828456,
    0.20665155916881056,
    0.20611027681130042,
    0.20562253342210302,
    0.20517817556084925,
    0.20475503533748202,
    0.2043480978154853,
    0.20393608396576396,
    0.20349851681770822,
    0.2030323519253899,
    0.2025578706660919,
    0.202082360909182,
    0.2016056538627066,
    0.20111886072602495,
    0.20061897583354954,
    0.20008487802789804,
    0.19952581935972208,
    0.1989563924023158,
    0.1983861804393591,
    0.1978086642957626,
    0.19722240464751445,
    0.19663879181687008,
    0.1960514180723035,
    0.1954646000210596,
    0.19486110050990263,
    0.19425316680131,
    0.19365021871245888,
    0.19306942938957158,
    0.19251887303060264,
    0.19198787055865976,
    0.1914924282712716,
    0.19102572824344466,
    0.1905804548854547,
    0.1901656313970909,
    0.18977959803338473,
    0.18942654946616955,
    0.18909709074448042,
    0.1887624874290799,
    0.1884229350542387,
    0.18809088328719756,
    0.187776237317879,
    0.18747118378931202,
    0.187193687492847,
    0.18695137675630258,
    0.18673759796886977,
    0.1865674535641741,
    0.18643581026425327,
    0.18633567471774354,
    0.18625446433493298,
    0.18617765646682377,
    0.1860802288137949,
    0.18595919023949647,
    0.18580179534326355,
    0.18561846706553656,
    0.18542389633529877,
    0.18522292741677301,
    0.18500493719312341,
    0.18477622199705393,
    0.18456216226531644,
    0.18435417683648267,
    0.1841737267065563,
    0.1840242674362458,
    0.183931969885527,
    0.18389460495716214,
    0.18390466007224462,
    0.18394739893819095,
    0.18402552964021612,
    0.18411085703320332,
    0.1841950030477186,
    0.18427101172913546,
    0.1843291300432395,
    0.18436754368270472,
    0.1843989216605782,
    0.1844199574166582,
    0.18441981135483923,
    0.18439733366025168,
    0.18437627607466447,
    0.18437811035708718,
    0.18441301958246784,
    0.18447430106282997,
    0.1845607155157443,
    0.184685667975228,
    0.18483750650515385,
    0.18499448061917936,
    0.18514605719656113,
    0.185294467234244,
    0.18541815901917086,
    0.1855097938428679,
    0.1855675815489519,
    0.18559751684391992,
    0.1855941211472177,
    0.18555665049313677,
    0.18548159041449327,
    0.18538775219393194,
    0.1852877297020427,
    0.18518875654974304,
    0.1850996475205116,
    0.1850386810025465,
    0.1849945248521779,
    0.18494372484816782,
    0.1848925591720372,
    0.18482692305748016,
    0.1847591781915018,
    0.18468266034458986,
    0.1846099171826594,
    0.18456781782555998,
    0.18453538946220283,
    0.18449820458781338,
    0.18446260038617246,
    0.1844012728340662,
    0.18431377687507755,
    0.18420642531903372,
    0.18408025386027585,
    0.183952672296062,
    0.18384721313618316,
    0.18377777752891075,
    0.1837531023621146,
    0.18376112032259165,
    0.18378106768319988,
    0.18380334469566761,
    0.18381702333504588,
    0.18382721715525172,
    0.18382670205282053,
    0.18382058711767202,
    0.18379085920728422,
    0.18374151590305224,
    0.18366684954642812,
    0.18357795094824003,
    0.18344816606473635,
    0.18330382575129006,
    0.18313993340001616,
    0.1829470832330494,
    0.18272979010220872,
    0.18250074756579512,
    0.18228075467271135,
    0.18205673644239467,
    0.18184653940573375,
    0.18165376965992974,
    0.181490194763002,
    0.1813424631415023,
    0.18120682596469553,
    0.18105125174624362,
    0.1808976603161549,
    0.180725854588773,
    0.18056091076722638,
    0.18040581250695756,
    0.18025142938132319,
    0.18010078903179516,
    0.17994015256877277,
    0.17974749808478085,
    0.17952012565326497,
    0.1792652547593524,
    0.17898740581327335,
    0.1786986084215992,
    0.17840629585338266,
    0.17812503915659034,
    0.17785768972274218,
    0.17760130399267782,
    0.17734997295116714,
    0.177125138183998,
    0.1769329825384182,
    0.17676165116089196,
    0.1765926136749502,
    0.17641542107351307,
    0.1762357177598478,
    0.17604780168614492,
    0.1758572699063534,
    0.17567628957354256
  ],