{
  "success": true,
  "x0": [
    0.2742904768527579,
    0.4507489400900675,
    0.27496058305717463,
    0.9649936256170851,
    0.26527920038373903,
    0.9199700192173352
  ],
  "x": [
    0.20971784083792863,
    0.7275881169823659,
    0.0626940421797055,
    697.8015578758078,
    12.566303534708487,
    0.9199700192173352
  ],
  "SSE": 0.022083310672278478,
  "exp_data": [
    1.0,
    0.929397875307374,
    0.8606336212608152,
    0.7958876056975742,
    0.7372898073305048,
    0.6855058725771196,
    0.6403989587770225,
    0.6011923529855124,
    0.5669328799406462,
    0.5366842597113781,
    0.5098131194914302,
    0.4858689693273288,
    0.46445609311398794,
    0.44525149815348636,
    0.42797655976770854,
    0.4123716365809056,
    0.3982439126947168,
    0.3854078062164359,
    0.3737091222109847,
    0.3629853640333909,
    0.35310064404122865,
    0.343957076237943,
    0.3354618122549578,
    0.3275524046827178,
    0.3201388801319242,
    0.3131809031590114,
    0.30662824147764123,
    0.30046984714518055,
    0.2946764525820395,
    0.2892063551760068,
    0.28404074573055027,
    0.2791705449106475,
    0.27456442034376144,
    0.27020465690628187,
    0.2660573203721715,
    0.26211186179019885,
    0.25833788017876036,
    0.2547314793307334,
    0.2512773631620588,
    0.24798279200573503,
    0.2448255953898687,
    0.2417894955090273,
    0.2388709192869635,
    0.23606216149683146,
    0.23337325370656253,
    0.23081515018074023,
    0.22838968706266638,
    0.2260775430097156,
    0.22386383163052362,
    0.22173682005444698,
    0.21968005216103806,
    0.21769975202109318,
    0.21579822847181623,
    0.21398374991442198,
    0.21223122233867792,
    0.210552410216221,
    0.2089482057148806,
    0.20740222207215767,
    0.20590770203214181,
    0.20446481253292076,
    0.20308869189634135,
    0.20180131501280346,
    0.20058835234529865,
    0.19943095796354707,
    0.19832411630472127,
    0.19726794194925823,
    0.19625969715073335,
    0.19529733669070282,
    0.194359906038722,
    0.19344469938733583,
    0.19255066727667342,
    0.1916694364711193,
    0.1908348260095692,
    0.19005022050807707,
    0.189283006161365,
    0.1885182748638259,
    0.1877288082415338,
    0.18693453210263433,
    0.18614108172971713,
    0.18535396643490562,
    0.18457575254839675,
    0.1838105313092383,
    0.1830633464506097,
    0.1823330564790976,
    0.1816113877291569,
    0.1808967061685063,
    0.18017886732650806,
    0.17947103771146528,
    0.17876424833625898,
    0.1780648883437353,
    0.17737970672638761,
    0.17673144529698342,
    0.17611786807229096,
    0.1755634797070347,
    0.17507990905620782,
    0.1746581532020756,
    0.1742948480849266,
    0.17398411175657072,
    0.17370747678179693,
    0.17346678323540007,
    0.17325677748546853,
    0.1730509580673894,
    0.17284963010766644,
    0.17263127231700773,
    0.17237720037104087,
    0.17209491121289774,
    0.17179240667045428,
    0.17148088815433538,
    0.17117995462456395,
    0.17088940735880565,
    0.17062572652382024,
    0.17038608737911196,
    0.17015362832748207,
    0.16988635354331466,
    0.1695816550444662,
    0.16923396083680511,
    0.16885459408244202,
    0.16846128130061938,
    0.16804801805801342,
    0.16762986154529994,
    0.16721231951889476,
    0.16681257028551913,
    0.1664386968029458,
    0.1661020479152258,
    0.16580578854892897,
    0.16554899149889815,
    0.16531045425527136,
    0.16509456594592742,
    0.16489635648976944,
    0.16470755342444598,
    0.16452839333931923,
    0.16436124346595163,
    0.16420005485916853,
    0.16404346402121564,
    0.16389390991668634,
    0.1637688280831438,
    0.16367379205951904,
    0.16360048210067385,
    0.16354194906970254,
    0.16350835730912555,
    0.1634830746747913,
    0.16349252149076626,
    0.16352499041388838,
    0.1635725578696071,
    0.16363039632396487,
    0.16368375359673792,
    0.16374346144653315,
    0.1637932538260706,
    0.16383830240938654,
    0.16387249417005242,
    0.16389185750490687,
    0.16388742910260043,
    0.16386425908438076,
    0.1638148807863424,
    0.16374796906792027,
    0.1636833857065615,
    0.1636137094845812,
    0.16354533383024725,
    0.16348725191960878,
    0.16342116535268336,
    0.16335004890017218,
    0.16329304834946035,
    0.1632371070602171,
    0.16318521082663465,
    0.16312123143733404,
    0.16305481195548213,
    0.16298430256416455,
    0.1628756897204263,
    0.1627615699068743,
    0.16265336995381258,
    0.16256372965028662,
    0.16247827832721898,
    0.1623881224109903,
    0.16227483800716255,
    0.1621566919014772,
    0.16203839361740963,
    0.16192125705417834,
    0.16181606947057536,
    0.1617123254544746,
    0.1616295398271031,
    0.16157680004091132,
    0.16156110287164227,
    0.1615747182301586,
    0.16160482696971212,
    0.16165440097261022,
    0.16172617427660307,
    0.16180785164955702,
    0.16190351845285805,
    0.16200307089491542,
    0.16211158435836517,
    0.16222399116880484,
    0.16235209276209572,
    0.16246204331766392,
    0.16252759530903968,
    0.16254958101939912,
    0.16254074883794115,
    0.1624958183874429,
    0.16242278826879164,
    0.16232706098719152,
    0.16221001686124023,
    0.1620674057584438,
    0.1619046241952198,
    0.1617342078342814,
    0.16155278046651847,
    0.16136965537823345,
    0.1611763874396225,
    0.16098701943288946,
    0.1607778176633653,
    0.16055861663379623,
    0.1603369379967347,
    0.1601099008111961,
    0.15989220890079492,
    0.15968063798896703,
    0.1594798699107443,
    0.15929473621339774,
    0.15910738656097273,
    0.1589222309846911,
    0.15873295741204266,
    0.15852921499615708,
    0.1583152559065412,
    0.15807810946648587,
    0.15784174860845296,
    0.15761120335096418,
    0.1573759973894142,
    0.15713293198255904,
    0.156884906149837,
    0.15664493848006683,
    0.15641302330123838,
    0.1561918520295204,
    0.15598013777319317,
    0.1557885868990557,
    0.15560214331728248,
    0.15542542890910643,
    0.1552713292272211,
    0.15512610787495765,
    0.15499603464824163,
    0.15489880984025045,
    0.15483393823384625,
    0.15478017093638524,
    0.1547323390060943,
    0.15467879558896067,
    0.15462231810709984,
    0.1545719862486654,
    0.154514897335005,
    0.15446426960978293,
    0.15439544223150595,
    0.15429221719772251,
    0.15416922538360608,
    0.15403511252719315,
    0.15387071473154032
  ],