{
  "x0": [
    0.4038871971945415,
    0.33144913111057206,
    0.2646636716948864,
    0.5181601242091293,
    0.4391426120796169,
    0.4329394028469628
  ],
  "x": [
    0.2311630300687998,
    0.7432908944145014,
    0.025546075516698855,
    690.3239284510681,
    13.390141852898823,
    0.4329394028469628
  ],
  "SSE": 0.019349381202280178,
  "a1": 0.2311630300687998,
  "a2": 0.7432908944145014,
  "a3": 0.025546075516698855,
  "a": 690.3239284510681,
  "b": 13.390141852898823,
  "c": 0.4329394028469628,
  "exp_data": [
    1.0,
    0.9454376629813418,
    0.8918930752649871,
    0.8401222583958151,
    0.7908108494986228,
    0.7441897441116382,
    0.7005025262650932,
    0.6599967392069511,
    0.6229439286023344,
    0.589480246231853,
    0.5595353404176653,
    0.5328546837284606,
    0.5090802652501198,
    0.48779317040695774,
    0.46864936532212004,
    0.4513662505127484,
    0.4356890240394052,
    0.42143016367609043,
    0.408433945865751,
    0.396555076353109,
    0.38567097992916916,
    0.375668363695003,
    0.36645234014261496,
    0.3579374196084788,
    0.35003747442138233,
    0.3426838499190626,
    0.33582857104430924,
    0.3294192345409619,
    0.32340463327427915,
    0.31774828494538565,
    0.31240033191815214,
    0.30733068232116395,
    0.30252855149383223,
    0.2979632089210825,
    0.2936321940970619,
    0.28952488031529416,
    0.2856368606577243,
    0.281954820480071,
    0.2784518908091085,
    0.27511014021515057,
    0.2719204233460859,
    0.26888151150175704,
    0.2659885326310113,
    0.26322502942198567,
    0.26057508897174547,
    0.2580309004691226,
    0.25557738913975214,
    0.25321632598779276,
    0.2509457367431616,
    0.24876419703319574,
    0.24666085738102586,
    0.24463705740287855,
    0.24268066705188404,
    0.24078919035566815,
    0.238946131936343,
    0.23715058708726794,
    0.2354176326250961,
    0.23372744381775598,
    0.2320694101750341,
    0.23045041135102962,
    0.22887106161588797,
    0.22733867583725612,
    0.22584650771346024,
    0.2244035219727742,
    0.2230065133283481,
    0.22164716563409986,
    0.22031312883138462,
    0.21901815391645776,
    0.2177597911546504,
    0.2165353937552477,
    0.21535336397272467,
    0.2142045864475088,
    0.21308689972248512,
    0.21199760725228625,
    0.2109412345894615,
    0.20991646792540405,
    0.2089158044295305,
    0.20795018174267554,
    0.20700782614840166,
    0.20608950456061545,
    0.2052006728391092,
    0.20433507335968273,
    0.20347598087604626,
    0.20262920949723576,
    0.20180205973657514,
    0.20100112091897757,
    0.20022028262870037,
    0.19945920587503924,
    0.19871976486200219,
    0.19800008951959042,
    0.19729676272441557,
    0.19662256941152823,
    0.1959791853571998,
    0.19537861378421534,
    0.1948214047479789,
    0.19429988737328763,
    0.19381375964283357,
    0.1933635546501174,
    0.19294468621527555,
    0.1925426642725391,
    0.19215778817666165,
    0.19177598629509132,
    0.1913838530858311,
    0.19099003342555518,
    0.19058749664614322,
    0.19018323419813,
    0.1897796985345378,
    0.18938454336609656,
    0.18899555614890542,
    0.18861154824370502,
    0.18823832293082146,
    0.18788259097978668,
    0.1875353341031647,
    0.18720325354457926,
    0.18687281199819183,
    0.1865519942685339,
    0.18623155420243934,
    0.18590802555858346,
    0.18558219292871792,
    0.1852584469346172,
    0.18492881974681286,
    0.1846014275248142,
    0.1842969219043944,
    0.1840124101472311,
    0.18374840241133317,
    0.18351317694157382,
    0.18329361792850715,
    0.1830893516313124,
    0.1828926599765881,
    0.18270713040354084,
    0.18251191255730986,
    0.18230796054767937,
    0.1820936730102899,
    0.18185591689738465,
    0.18161448869111005,
    0.18136663884931423,
    0.18112451527083234,
    0.1808984585310938,
    0.1806865390342559,
    0.18049479892141326,
    0.18033248882994937,
    0.18019089237705788,
    0.18006320439012513,
    0.1799529928240291,
    0.17984786773789654,
    0.17974876695331996,
    0.17966967319135166,
    0.17958971881426472,
    0.17949831972981928,
    0.17939182409230028,
    0.17926917314300583,
    0.1791257988284557,
    0.17896952345817307,
    0.17881228633267665,
    0.178660893910049,
    0.1785168914252785,
    0.1783800170957518,
    0.17824570347963323,
    0.1781306729870252,
    0.1780372324502359,
    0.17796323762128916,
    0.1779165608142659,
    0.1778788700029265,
    0.17784439072312475,
    0.17781281279103175,
    0.17777603615339274,
    0.17773071220464665,
    0.17767947911765747,
    0.17762726476739135,
    0.17758974586885692,
    0.17756152825716087,
    0.17754720030881527,
    0.17754183995939757,
    0.17753535789942923,
    0.1775375041952131,
    0.17753956954085823,
    0.17752917189017334,
    0.17750584333123182,
    0.17748185891171314,
    0.17745400325704963,
    0.1774169826255115,
    0.1773571327498592,
    0.1772811320133582,
    0.17718468674830778,
    0.1770726860844044,
    0.17695339376857117,
    0.17682412308350212,
    0.1766965508915774,
    0.1765744683467496,
    0.17644409958382803,
    0.1763037931655065,
    0.17615598445070396,
    0.17598757487877179,
    0.17581381904850152,
    0.17563998730001004,
    0.1754722533775357,
    0.17531317803061144,
    0.17515446638243987,
    0.1749903382151431,
    0.1748233658744064,
    0.17464806878221273,
    0.17447688535988864,
    0.17431165796520942,
    0.17415197047021336,
    0.17399838969724502,
    0.1738544963546262,
    0.1737247993023427,
    0.17362393146019348,
    0.17354757836696952,
    0.17350120377586126,
    0.1734767129155354,
    0.17347160096605097,
    0.17348516922901627,
    0.17350164950805894,
    0.17351430142575153,
    0.17351767332062568,
    0.17351677855716835,
    0.1735092623332683,
    0.1735051614712251,
    0.1734946363580173,
    0.1734669765048086,
    0.1734224153930727,
    0.1733651203513438,
    0.17329920063697668,
    0.17322813764776038,
    0.1731622343710055,
    0.1731017318094347,
    0.17304893122689727,
    0.17300772003857234,
    0.17297999601377645,
    0.17295305613943562,
    0.17291808590240912,
    0.17287080647637557,
    0.172817363069427,
    0.1727663545031312,
    0.1727173076938392,
    0.17265712091020374,
    0.17258678868607188,
    0.1725171002210491,
    0.1724379056039785,
    0.17235163210925455,
    0.1722450586812746,
    0.1721277175907066,
    0.17201848712196133,
    0.1719204979669424,
    0.17184294700943312,
    0.1717811129076724,
    0.17173493926856787,
    0.17169619078133402,
    0.17167342603321803
  ],