{
  "x0": [
    0.46760111504661833,
    0.11973587899696694,
    0.4126630059564147,
    0.8162774473362314,
    0.6764838862930386,
    0.4492796828634945
  ],
  "x": [
    0.5999086146939653,
    0.40866366430545514,
    3.183219103463103e-18,
    19.025076824563353,
    7.5539372243350345,
    0.4492796828634945
  ],
  "SSE": 0.0002049466563960912,
  "exp_data": [
    1.0,
    0.929397875307374,
    0.8595404311271332,
    0.792484727664783,
    0.7301403046041465,
    0.6732063905562425,
    0.6217505185412184,
    0.575373848597871,
    0.5335269676100391,
    0.4956035989698378,
    0.461116175112311,
    0.4296697886331013,
    0.40090628132753403,
    0.37453102299695257,
    0.3502838880972818,
    0.327938074814804,
    0.30732530880231956,
    0.28827670400643635,
    0.2706470218919556,
    0.2543027876250508,
    0.239111907718675,
    0.22497376345062606,
    0.21179444301371744,
    0.19949090510588613,
    0.1879857685574079,
    0.1772179175591383,
    0.16713398741015872,
    0.1576796474608384,
    0.14880579902148172,
    0.14046971413987602,
    0.13262777666326017,
    0.1252505037703439,
    0.11831138069841825,
    0.11177845127739429,
    0.10562269858387704,
    0.09981877385999108,
    0.0943456494994778,
    0.08918520070794356,
    0.08431909681135662,
    0.07972840993151535,
    0.0753956864839211,
    0.07130691909224872,
    0.06744602051980761,
    0.0637962323532184,
    0.06034848427192596,
    0.05709382721558327,
    0.05402356520291308,
    0.05112534354855187,
    0.04839106988714845,
    0.04581198885364582,
    0.04337868641615012,
    0.041082586143758114,
    0.03891687014891556,
    0.03687113567406603,
    0.03493690773488292,
    0.033106143279027465,
    0.03137255207691075,
    0.029732254614078035,
    0.02817643278063258,
    0.02670108597364548,
    0.02530281935559161,
    0.023980048540761235,
    0.022727899731536123,
    0.021541500920766406,
    0.02041862705608355,
    0.01935707594924267,
    0.018351731628659888,
    0.01739921774231278,
    0.01649656225487744,
    0.015643145155627883,
    0.014834608401809187,
    0.014071013110165979,
    0.013349471078722067,
    0.012668789426749111,
    0.012024346776568242,
    0.01141300920196429,
    0.010832875982037542,
    0.010281986140106267,
    0.009759118327998771,
    0.009262695776290093,
    0.008790621979751377,
    0.008341943700077514,
    0.007917448244685724,
    0.007517558463093037,
    0.007139972140001157,
    0.006783311681439032,
    0.006445711293306845,
    0.0061258210622458335,
    0.005822827368545434,
    0.005536085155108565,
    0.005264773390779731,
    0.005007824781870954,
    0.0047638116576707,
    0.004532756090845052,
    0.004314003043791492,
    0.004105903211724177,
    0.003908444122027563,
    0.003721552236759475,
    0.0035435830416776426,
    0.0033742467045277985,
    0.0032140567067643344,
    0.0030622065865222392,
    0.002918262921392661,
    0.0027823257149757266,
    0.002653247097526725,
    0.002530137496987112,
    0.002412190995065996,
    0.0022999566025798317,
    0.002193199718677746,
    0.0020911271982623136,
    0.001993393645931206,
    0.001900024429038858,
    0.0018112492982430323,
    0.0017260809794185416,
    0.001644871561725004,
    0.0015671815316156924,
    0.001492961874544676,
    0.0014217700825696874,
    0.0013536893616988715,
    0.0012886958213590898,
    0.0012262450889660409,
    0.0011662211918520766,
    0.0011091371956140073,
    0.0010545361207484544,
    0.0010023734584109884,
    0.0009525412628506737,
    0.0009050576081475217,
    0.0008599587678297043,
    0.0008176165967722195,
    0.0007774790818115402,
    0.0007390004304144428,
    0.0007024237153764525,
    0.0006676470233538125,
    0.0006344401766163876,
    0.0006029646301019311,
    0.0005733277971686038,
    0.0005456834515709868,
    0.0005196358766503907,
    0.0004951087060950454,
    0.00047186884506185016,
    0.00044974642658547896,
    0.0004289579261627825,
    0.0004094624626123754,
    0.00039100631974593,
    0.0003734362608122585,
    0.0003566167747946775,
    0.0003404209128677687,
    0.0003248976266419967,
    0.0003099286242729871,
    0.0002955813470627916,
    0.0002818209595753497,
    0.0002686311264216596,
    0.00025600478038822507,
    0.00024400039281412297,
    0.00023247037504881934,
    0.0002214636033332648,
    0.00021076585342544047,
    0.00020051965040699884,
    0.0001907834070387966,
    0.0001814553049147988,
    0.00017260319537213062,
    0.0001642384801909765,
    0.0001562588353412151,
    0.00014883674127705274,
    0.00014202201096324727,
    0.00013565526636642166,
    0.00012958579488345527,
    0.00012388164205922163,
    0.00011837222466010372,
    0.00011318279220633344,
    0.0001083242459220624,
    0.00010367315571719055,
    9.921115138795584e-05,
    9.497751630483632e-05,
    9.09057209103916e-05,
    8.703504419914908e-05,
    8.336631953632314e-05,
    7.98713478093573e-05,
    7.662839046296514e-05,
    7.37646725142012e-05,
    7.117486118575954e-05,
    6.881143496127375e-05,
    6.665584687578573e-05,
    6.453328609207405e-05,
    6.256117487150561e-05,
    6.059333458098714e-05,
    5.8678788335263086e-05,
    5.680794559184371e-05,
    5.493184767299083e-05,
    5.3070157179796913e-05,
    5.122293498955708e-05,
    4.941985277945384e-05,
    4.764132939605858e-05,
    4.586767290297165e-05,
    4.41187281681304e-05,
    4.242437880643448e-05,
    4.0774917217015216e-05,
    3.920039813201241e-05,
    3.7641330383458304e-05,
    3.6247521993497465e-05,
    3.496969594588923e-05,
    3.382837273096933e-05,
    3.2784036240039625e-05,
    3.180698367055191e-05,
    3.083717798757777e-05,
    2.9894788423558403e-05,
    2.897993349193304e-05,
    2.8072536320592888e-05,
    2.7162516614851984e-05,
    2.6320753820900973e-05,
    2.5517118891962352e-05,
    2.472130786453699e-05,
    2.3933354854034553e-05,
    2.314310794868953e-05,
    2.2350557116691848e-05,
    2.1555692267280825e-05,
    2.075850325187881e-05,
    1.995897986125701e-05,
    1.9157111827802857e-05,
    1.8352888821552135e-05,
    1.754630045359001e-05,
    1.6737336273783683e-05,
    1.5925985767948234e-05,
    1.5112238363514931e-05,
    1.4296083421595601e-05,
    1.3487877558884089e-05,
    1.2687656156528102e-05,
    1.1885056681231163e-05,
    1.1090482115491122e-05,
    1.0303968338135045e-05,
    9.619553593918193e-06,
    8.995854542985545e-06,
    8.412191950024645e-06,
    7.826779244370117e-06,
    7.281638200630928e-06,
    6.755904064728966e-06,
    6.239125455699308e-06,
    5.731342895864779e-06,
    5.23259715298689e-06,
    4.827624407072292e-06,
    4.463836216088021e-06,
    4.1414200674106694e-06,
    3.839294258441455e-06,
    3.5469000874602284e-06,
    3.2536144712902703e-06,
    2.9594333270336334e-06,
    2.6643525457180535e-06,
    2.3683679945642813e-06,
    2.082208549322551e-06,
    1.795169965969727e-06
  ],