{
  "x0": [
    0.39150416266673715,
    0.5170199357455101,
    0.09147590158775294,
    0.9681234961367685,
    0.16142909852515452,
    0.1959558345241205
  ],
  "x": [
    0.4485253399090977,
    0.5645317985606799,
    1.3584019971373103e-18,
    23.013381100217327,
    11.830322716214589,
    0.1959558345241205
  ],
  "SSE": 0.000551553118437944,
  "exp_data": [
    1.0,
    0.9454376629813418,
    0.8912033809379071,
    0.838164739316723,
    0.7869988477303574,
    0.7379578261978532,
    0.6912660778238313,
    0.647120400047448,
    0.6057235486662107,
    0.5671852319925156,
    0.5314863546765096,
    0.49848747954562656,
    0.46799580461889984,
    0.43975708329758206,
    0.41355552346914654,
    0.3892099562396832,
    0.3665316879086405,
    0.3453943971136856,
    0.325673776145938,
    0.30725654199654084,
    0.29004504765671085,
    0.2739512807041116,
    0.25888767260221546,
    0.24478130457155567,
    0.23155465101536693,
    0.2191380615092559,
    0.2074765395674832,
    0.19651652808458064,
    0.18620254702220604,
    0.1764925119522678,
    0.16733615765338938,
    0.15869187789461672,
    0.1505321285757355,
    0.1428217562944101,
    0.13553596642622914,
    0.12864614442295658,
    0.12213229878357781,
    0.11597344526417455,
    0.11014730074403072,
    0.10463261645648173,
    0.09941082770431978,
    0.09446710410248885,
    0.08979148057007816,
    0.08536835206367838,
    0.08118109230041366,
    0.07721310361502609,
    0.07344944779447901,
    0.06987891498733789,
    0.06649388952652463,
    0.06328465592697163,
    0.060244071035783206,
    0.057360136144885616,
    0.05462180272734135,
    0.0520201099443332,
    0.049546666701791725,
    0.04719341485574939,
    0.044955889703317216,
    0.04282532192141244,
    0.04079318310452983,
    0.038857278149057886,
    0.03701416019760319,
    0.03525940676666918,
    0.033587947955950145,
    0.03199579325369166,
    0.030477217053234796,
    0.0290282514226157,
    0.02764429686967545,
    0.02632236158773477,
    0.02505827867075011,
    0.023850758015386136,
    0.02269809860091433,
    0.021598743144603843,
    0.020549495678739184,
    0.019548447900156057,
    0.018594698914101974,
    0.017685884493804024,
    0.016820546141127123,
    0.01599653803225861,
    0.015210852570762509,
    0.014463527506561135,
    0.013752236836124749,
    0.013076104303649978,
    0.012433376764945034,
    0.011823602999856665,
    0.011245446258212007,
    0.01069605201794732,
    0.010173626351795185,
    0.009675479928644487,
    0.009201012998111012,
    0.008749251814328778,
    0.008319658433721226,
    0.007912583214123527,
    0.007526239026664048,
    0.007159220103929348,
    0.00681011370199143,
    0.006477795622160747,
    0.006161240519554955,
    0.005860542143470031,
    0.005575009406012814,
    0.005302812022920422,
    0.00504438488836313,
    0.004799534471028349,
    0.004567934729333711,
    0.004349187742560775,
    0.004142040826589727,
    0.003945939189504035,
    0.003760483887898964,
    0.0035848239095014776,
    0.0034175561256167466,
    0.003257880751681887,
    0.0031056140240479355,
    0.0029613872300700106,
    0.0028249556790423506,
    0.0026953531913845347,
    0.0025720627352549,
    0.0024548320813745864,
    0.0023432559725773293,
    0.002237105828239327,
    0.002135740255113163,
    0.0020391955522889096,
    0.0019471403646748493,
    0.001859187736347012,
    0.0017751016331328802,
    0.0016945187167815847,
    0.0016178853926854283,
    0.0015453614231480356,
    0.001476447383875871,
    0.001410722742872342,
    0.0013481455060531974,
    0.0012880108810824785,
    0.0012302738552431827,
    0.001174961982076685,
    0.001121729370795841,
    0.0010706753918914192,
    0.0010218359849328725,
    0.0009753753442500752,
    0.0009310371820122644,
    0.0008889490744031287,
    0.0008491106962611975,
    0.0008114297635781188,
    0.0007758595457072723,
    0.0007420949072756977,
    0.000709912191671362,
    0.0006791420263008238,
    0.00064963265548115,
    0.0006214725081215829,
    0.0005946205470596377,
    0.0005688775291660782,
    0.0005444339937879653,
    0.000521127405057461,
    0.0004988503437536509,
    0.00047746678786332207,
    0.0004568119213859318,
    0.0004370572957982187,
    0.0004180752027752562,
    0.00040002843767875264,
    0.00038282671368590926,
    0.00036620972508772667,
    0.00035024585432795984,
    0.000334890526052831,
    0.0003200610972695538,
    0.00030580705023608825,
    0.00029214020620376064,
    0.00027908194574862783,
    0.0002667868785979169,
    0.0002549439266915141,
    0.00024353586996038066,
    0.00023265995815261288,
    0.00022252869273248972,
    0.0002128387904192327,
    0.00020352496152035193,
    0.00019455995556249409,
    0.0001858202468257341,
    0.00017735489388021918,
    0.00016912647429704952,
    0.00016111666383184783,
    0.00015342302492725698,
    0.00014596943726511623,
    0.0001388538226375037,
    0.00013198052853302853,
    0.00012542831948731426,
    0.00011917906946273864,
    0.00011313657998685598,
    0.00010742859649401438,
    0.00010194901032365905,
    9.664005583186808e-05,
    9.156125615939024e-05,
    8.663506146193314e-05,
    8.195057181866447e-05,
    7.753833424766369e-05,
    7.330093660148545e-05,
    6.939704112078881e-05,
    6.572922001750603e-05,
    6.224898465447832e-05,
    5.8947220043946575e-05,
    5.587431640203769e-05,
    5.29616672187542e-05,
    5.026968272392217e-05,
    4.7819243074739066e-05,
    4.562136477898143e-05,
    4.357715969920622e-05,
    4.171732144727108e-05,
    4.003261673000539e-05,
    3.8383238186152186e-05,
    3.6889992186729896e-05,
    3.5503207807956324e-05,
    3.419309480536063e-05,
    3.2909494917106036e-05,
    3.162218520223259e-05,
    3.033114955531486e-05,
    2.9056655654078482e-05,
    2.7788618864731043e-05,
    2.65270673435671e-05,
    2.5302588091930787e-05,
    2.4074538929594467e-05,
    2.2863336158457666e-05,
    2.1679284569108143e-05,
    2.052250341980366e-05,
    1.9434156294354822e-05,
    1.837344076885085e-05,
    1.7381643088625315e-05,
    1.6448761510139627e-05,
    1.555441383840142e-05,
    1.4698770829578256e-05,
    1.3871652269933981e-05,
    1.3093919566964794e-05,
    1.2345027144007836e-05,
    1.1604307311004761e-05,
    1.0913450945310622e-05,
    1.0230964513605635e-05,
    9.57777485971875e-06,
    8.943553063549136e-06,
    8.34933621964064e-06,
    7.774320938686609e-06,
    7.21859371373129e-06,
    6.682241559305272e-06,
    6.186430139008673e-06,
    5.710232977453972e-06,
    5.274880766454292e-06,
    4.84879819792366e-06,
    4.432027406824729e-06,
    4.024610783194992e-06,
    3.6372261396357814e-06,
    3.280616297122277e-06,
    2.9335868184786897e-06,
    2.617549332572828e-06,
    2.332646003383129e-06,
    2.0790198683776496e-06,
    1.8782809077216667e-06,
    1.6876747582603132e-06
  ],