{
  "x0": [
    0.25671753466769176,
    0.46832846220727237,
    0.2749540031250358,
    0.9795960890464884,
    0.9795960890464884,
    0.8069032821105377
  ],
  "x": [
    0.8446589229401834,
    0.12434448673215827,
    0.030996941318465147,
    10.164677889864224,
    106.1831425350454,
    0.8069032821105377
  ],
  "SSE": 0.016330460099772022,
  "exp_data": [
    1.0,
    0.9155040767601186,
    0.8332938220646593,
    0.7560034456263759,
    0.6861792199683913,
    0.6244900796138467,
    0.5706622801374323,
    0.5237889072322974,
    0.48268399058913136,
    0.44635426924787336,
    0.4140404104456834,
    0.3852018857322029,
    0.35942039222712985,
    0.3363149397409099,
    0.3155583551785379,
    0.2968896263539482,
    0.2800500107197478,
    0.2648060179225062,
    0.2509849376963295,
    0.2384030136816175,
    0.22690079754538853,
    0.2163580481860561,
    0.20667506426927554,
    0.1977793993133561,
    0.18957393941262846,
    0.1819923663995976,
    0.17496961409903347,
    0.16845353570523205,
    0.1623760570089044,
    0.15669488689642366,
    0.1513683016088484,
    0.1463508261914052,
    0.14162268794554966,
    0.13715592780440136,
    0.13294482831416377,
    0.12894022757995177,
    0.12514666821109247,
    0.12155832650822508,
    0.11812383090077432,
    0.11483844754509051,
    0.11169434784108541,
    0.10869193618724407,
    0.10582529071039583,
    0.10309897155855298,
    0.10048883331053211,
    0.09797779279641075,
    0.095561491971937,
    0.09324583238551429,
    0.0910463971176347,
    0.08896730020570337,
    0.08698874360393767,
    0.08510313606753091,
    0.08328095683894765,
    0.08151457565104837,
    0.07979790301914554,
    0.07814067827633149,
    0.07656111340316987,
    0.07507798052866282,
    0.07366087472763018,
    0.07230428269434407,
    0.07099545256703103,
    0.0697461207178499,
    0.06857696180551948,
    0.06746835573024111,
    0.06641384215053549,
    0.06540096663982624,
    0.06439457684934141,
    0.06339007534019206,
    0.062414675539569774,
    0.06145558880262922,
    0.06049523521827004,
    0.05953993423760057,
    0.058574772911591175,
    0.05764660801558429,
    0.056744772696389334,
    0.05587186543943595,
    0.05501614325313462,
    0.05416647715629479,
    0.053335138521368265,
    0.05256101539534729,
    0.051830981017895454,
    0.051143402045707186,
    0.05049672024833796,
    0.04988192322439908,
    0.04931147794836198,
    0.04881855550821441,
    0.04838125974229742,
    0.04796381185614588,
    0.04755608254650764,
    0.047141354814129316,
    0.04669618888827681,
    0.04621802468649088,
    0.04573574293423297,
    0.04525565629750962,
    0.044772649468441866,
    0.04427786627973285,
    0.04376342106617111,
    0.04320115701202382,
    0.04260137341757093,
    0.04197930066884938,
    0.04134619862570547,
    0.04069951613557428,
    0.0400365082451878,
    0.03938200736345808,
    0.03873613094857763,
    0.03809651743316153,
    0.037439839887447895,
    0.03679450340065987,
    0.036166998752212624,
    0.03557971555323497,
    0.03502658977885878,
    0.034495722019449504,
    0.03399419514599352,
    0.03350881953404444,
    0.033035019174846615,
    0.03257250275621879,
    0.03212253814617126,
    0.03169861882012601,
    0.03129810654463865,
    0.03089351146396076,
    0.030492530501978782,
    0.030114254838114696,
    0.029772828053211912,
    0.029449506638114693,
    0.029161420209826722,
    0.0289074114308669,
    0.028683374882171802,
    0.02851039998165827,
    0.02837711740025603,
    0.02828296523709946,
    0.028214280108965453,
    0.028159725273994317,
    0.02808753657641968,
    0.02798559198734093,
    0.02784230517998334,
    0.02767395259487046,
    0.027500999788643517,
    0.027326903185231458,
    0.02713163132135861,
    0.026913314236854512,
    0.026701209023036857,
    0.02648090995090216,
    0.02628142895551937,
    0.02610880875949678,
    0.02599628960908433,
    0.025941758177254345,
    0.02594283073454778,
    0.025985014284432714,
    0.026073331468675263,
    0.026173458275316773,
    0.02625973580069182,
    0.026335648029149304,
    0.026381546762587766,
    0.026408015134461497,
    0.026442812238429442,
    0.026482367532513915,
    0.026496241335405006,
    0.02648455867370557,
    0.02647552415724571,
    0.026500418703186653,
    0.026582562788989572,
    0.026704976437133956,
    0.026859222761612022,
    0.027062598199792967,
    0.027289188702026224,
    0.027517736794175976,
    0.027740494394874953,
    0.027949404524464153,
    0.028131316751973327,
    0.028284155864992243,
    0.028400748742600433,
    0.028484139868832963,
    0.028534215766588687,
    0.02854992731796357,
    0.028528674722620887,
    0.02848322040760308,
    0.028427101478714793,
    0.028370310206558873,
    0.02832029334995922,
    0.028303830973861688,
    0.02830371492466338,
    0.028300880470260074,
    0.028308345716317802,
    0.028296823240700025,
    0.028276118917876736,
    0.028232527780353036,
    0.028184815968482907,
    0.028164260705271588,
    0.028150676790444626,
    0.028129920085039065,
    0.02810781241442425,
    0.028051846284032848,
    0.027960522072288312,
    0.02784695798530784,
    0.02771746232921112,
    0.027589853113637687,
    0.027489436150411075,
    0.027433708179235444,
    0.027431284517030932,
    0.027471447840410446,
    0.027529326765851823,
    0.027594154278714565,
    0.02765577119365064,
    0.02772102709139622,
    0.0277796582866113,
    0.02784608713165974,
    0.027884890270926124,
    0.027900472468963117,
    0.027883867729618792,
    0.02784506872412038,
    0.02773472120534514,
    0.027589251594260435,
    0.02741087798739737,
    0.02717996439641943,
    0.026916557332588013,
    0.026640150533589202,
    0.026375146804734073,
    0.02611719224366147,
    0.025882514413437075,
    0.025672525958989424,
    0.025494933087640146,
    0.02533690198087626,
    0.025196163105439415,
    0.02502819972715016,
    0.024860103930428232,
    0.024655558482057673,
    0.024455965658782133,
    0.024266751251954717,
    0.024072181521638356,
    0.02386648346233884,
    0.0236306856528853,
    0.023346668515785235,
    0.023027965820294434,
    0.022680408923880752,
    0.022317378787625377,
    0.021955211771524517,
    0.02159096855045213,
    0.021232829109413594,
    0.02088539047225452,
    0.02054792992293385,
    0.020222668553616714,
    0.019945802998334723,
    0.019722499706725124,
    0.01954025134595536,
    0.019361384966442328,
    0.019167028155019587,
    0.018972830533457778,
    0.018770972505202713,
    0.018559372775403492,
    0.018351743437406597
  ],