{
  "x0": [
    0.316439381469858,
    0.3257376523855062,
    0.3578229661446357,
    0.5666198997529236,
    0.4271387351615686,
    0.3496577431677777
  ],
  "x": [
    0.1741496831532954,
    0.8336697955871872,
    2.6187742055330514e-18,
    68.9017083241485,
    10.63994020157041,
    0.3496577431677777
  ],
  "SSE": 0.00900199538667798,
  "exp_data": [
    1.0,
    0.9337498989443821,
    0.8687363818339591,
    0.805878840765024,
    0.7460119334912756,
    0.6894191157690297,
    0.6364002046505394,
    0.5872618027764472,
    0.5423411031380688,
    0.5018104017416505,
    0.46559092473422586,
    0.4333759705249871,
    0.40472560954476755,
    0.37912835286389734,
    0.3561599656968768,
    0.33547253507020486,
    0.316749023679586,
    0.29975341609790634,
    0.2842938665936434,
    0.27019179749799926,
    0.2572968249637226,
    0.2454713367426683,
    0.23459963285928917,
    0.22457675355106185,
    0.21529312770291376,
    0.20666964137710944,
    0.19864507633242567,
    0.1911500889848213,
    0.18412077649585587,
    0.1775136045161969,
    0.17127121409962784,
    0.1653565157870033,
    0.15975882667885877,
    0.15444299194870892,
    0.1494043168149594,
    0.14462672930859816,
    0.1401056680315339,
    0.13582705905161926,
    0.1317630221018351,
    0.12789027450366033,
    0.12419887222330885,
    0.1206884198613765,
    0.1173558958220639,
    0.11417997164709447,
    0.11114015229009308,
    0.10822231643805512,
    0.10541202789589085,
    0.1027132808477837,
    0.10012100286338879,
    0.09763272364075683,
    0.09523827400154863,
    0.09293760518745743,
    0.0907119909259435,
    0.08855957030523423,
    0.0864594408219468,
    0.08440611678008593,
    0.08242443996876597,
    0.08048810605466447,
    0.07858236149735422,
    0.07672348085944693,
    0.07490682668242102,
    0.07314714366415838,
    0.07143627061120451,
    0.06978149880218128,
    0.0681835275850174,
    0.06663266995944817,
    0.06511352782349297,
    0.06363964937082418,
    0.06220579529638072,
    0.06081308146600918,
    0.05946895577680213,
    0.058164236127653056,
    0.05689695131561907,
    0.05566567542328486,
    0.05447286406827156,
    0.05331587629771972,
    0.05218431414151369,
    0.051093457439070344,
    0.05003218748948753,
    0.04899445443638384,
    0.04798553582685289,
    0.04700061955268344,
    0.04602923995823661,
    0.04507788447248735,
    0.044155800516742,
    0.04326704718690358,
    0.04240332343088465,
    0.041567418061598825,
    0.04076839124477544,
    0.03999440402624975,
    0.03923854177420196,
    0.03851976667578923,
    0.037836281479112305,
    0.03720410574458837,
    0.03662324069190864,
    0.03608642554706582,
    0.03559399376915738,
    0.035147222233778655,
    0.03474029572551527,
    0.03435420553255428,
    0.033983124402537646,
    0.033610710297785895,
    0.03322128461318143,
    0.03282991153221038,
    0.03242835361789093,
    0.03202332725442401,
    0.031619656398289106,
    0.031226153873227396,
    0.030837654879312622,
    0.030453308287186447,
    0.030080841665086115,
    0.029729712534730474,
    0.02938403258629614,
    0.0290510023626399,
    0.028717957133411597,
    0.028387494638544983,
    0.028051312044369354,
    0.027701964801387008,
    0.027340869272659257,
    0.02697133124489106,
    0.02658873206619873,
    0.026204899731560982,
    0.025848367482690576,
    0.02552119819789156,
    0.025219278812199663,
    0.024954241007739703,
    0.024711989287252656,
    0.024493062762888092,
    0.02428694188061504,
    0.024088816337860496,
    0.023878159051435026,
    0.02366092093824018,
    0.023431444841892295,
    0.023173364740395448,
    0.02290940835254408,
    0.022633943528489905,
    0.02235943696569724,
    0.02210258567689815,
    0.021863827149711648,
    0.021640887949551903,
    0.0214502877947611,
    0.02128633313716083,
    0.02114067731078611,
    0.02101986938238084,
    0.02091418474740724,
    0.0208229519718968,
    0.020758940191969773,
    0.02069340429651678,
    0.02061917454323716,
    0.02053415701915564,
    0.020431646955036957,
    0.020304994530402062,
    0.020169472422267368,
    0.020035475684231255,
    0.01990910411621713,
    0.019786784343111295,
    0.019670839673641954,
    0.019555371990760278,
    0.01946452283989166,
    0.019396408120067474,
    0.01934280675406648,
    0.019315792984483788,
    0.01929205643493139,
    0.019260657780886443,
    0.01922700338478966,
    0.019181142016048598,
    0.019123428950887457,
    0.019051219067123537,
    0.018972218617590138,
    0.01890738060445448,
    0.01885394642843278,
    0.018811974674536575,
    0.01877711236559361,
    0.018736906369547668,
    0.01870743903977767,
    0.018678136539718573,
    0.018635878553145687,
    0.018583702195588546,
    0.018543950218397855,
    0.018510416500016613,
    0.01847250574744554,
    0.018412295807102554,
    0.01833745674787679,
    0.018239762218128196,
    0.018117383833983664,
    0.017984169681795587,
    0.017833588456863402,
    0.017684622685002635,
    0.017548998297356476,
    0.017409024767465343,
    0.017265437674449186,
    0.017117083207204658,
    0.016945267050923273,
    0.016770296781684495,
    0.016594517926682838,
    0.016428111347014666,
    0.01627239635346052,
    0.01611032795397497,
    0.015934217206791914,
    0.015746137347656338,
    0.015539154541210309,
    0.015330789376913236,
    0.015127560801068073,
    0.014923151725530204,
    0.014722245040933718,
    0.014536849418969156,
    0.014375406437659038,
    0.014263437107104667,
    0.014194095571589342,
    0.014174379226616253,
    0.014186340038457054,
    0.014231003860128322,
    0.014306561954777036,
    0.014385011548648161,
    0.014453768478791432,
    0.014501502360759505,
    0.014537549634551238,
    0.014564583469768733,
    0.014593565416364057,
    0.01461100374383371,
    0.014607213469082737,
    0.014579923373874999,
    0.014542063164618441,
    0.014501794292951576,
    0.014460865795388479,
    0.014428086404479805,
    0.014404702641985654,
    0.01438547893108262,
    0.014378918161070267,
    0.014381518606943,
    0.014381831367416492,
    0.014366853071623902,
    0.01432906112546589,
    0.014283257634647764,
    0.01424114405613784,
    0.014207158011836672,
    0.014165711538021208,
    0.014121102661603727,
    0.014081749836934478,
    0.014032097013026405,
    0.013974826698865508,
    0.013892884505656308,
    0.013795984981103538,
    0.01370827034855234,
    0.013632412007312411,
    0.013579905971575922,
    0.01354832586418654,
    0.013535685871785464,
    0.013531986257887983,
    0.01354241077692629
  ],