{
  "success": true,
  "x0": [
    0.6462055179890024,
    0.09437338133348938,
    0.2594211006775083,
    0.7247671818256753,
    0.41834261546232887,
    0.17462221758160237
  ],
  "x": [
    0.1938069868433056,
    0.7709583599383724,
    0.03523465321832194,
    245.79358791048506,
    10.611129958583057,
    0.17462221758160237
  ],
  "SSE": 0.013324743039124249,
  "exp_data": [
    1.0,
    0.9233853939797307,
    0.8486242587122155,
    0.7785702079850678,
    0.7157300131099384,
    0.6606145101614856,
    0.6127068172509778,
    0.5709439247644519,
    0.5341867265345245,
    0.5014930043815939,
    0.47224333449900957,
    0.4459905598297305,
    0.42238963699050414,
    0.4011557597667585,
    0.38201453032274907,
    0.3647098608355296,
    0.34902468599401754,
    0.33477133005103116,
    0.3217881247676795,
    0.309935454528988,
    0.29911698224561156,
    0.28923745010442187,
    0.28019375357409343,
    0.2719044163337715,
    0.2642791092168144,
    0.2572406814666985,
    0.25073423670420203,
    0.2447092787254953,
    0.23911970669891544,
    0.23392950863385376,
    0.22910335235213072,
    0.22460303120775735,
    0.220381437234635,
    0.21641675302983512,
    0.2126820685874141,
    0.2091611549324831,
    0.20581317105420466,
    0.20262411238643885,
    0.19959447840342984,
    0.1967168869924084,
    0.19398472257282753,
    0.19138040429475311,
    0.18889379465050188,
    0.18650521646976667,
    0.1842148464792575,
    0.18201576307678966,
    0.17990180480254642,
    0.1778706529825028,
    0.1759293708595646,
    0.17406067470995137,
    0.17224842200781101,
    0.17050537288946285,
    0.16882604616532987,
    0.16720762144844217,
    0.16563896858287702,
    0.1641166043245917,
    0.16263782423873982,
    0.1611996726916623,
    0.15978890703450424,
    0.15840196084532057,
    0.1570376304204507,
    0.15571591568355195,
    0.15443513835352,
    0.15320506002152234,
    0.1520149485420201,
    0.1508584462666441,
    0.14973077513993688,
    0.1486298654632399,
    0.1475563922657446,
    0.14650980536005598,
    0.14549337927862008,
    0.14450274616003647,
    0.14351874610394869,
    0.1425439648848957,
    0.14158266607503822,
    0.14064160284831956,
    0.13972500816675362,
    0.1388305915665522,
    0.13796169990392182,
    0.13711413740857403,
    0.1362885779588661,
    0.13548837691454219,
    0.13471729706418584,
    0.13395738398622822,
    0.133203165169187,
    0.13246041739869355,
    0.1317341693179953,
    0.13101897907062318,
    0.13030325414211671,
    0.12959064271896267,
    0.1288768095415554,
    0.12814936253845474,
    0.1274286197153789,
    0.12671622161325902,
    0.1260045775588415,
    0.12530084095821872,
    0.12459318908168097,
    0.12387616914799032,
    0.12316157749004014,
    0.12244989126679562,
    0.12175389111333511,
    0.1210787675227985,
    0.12041707861458172,
    0.11976274696004645,
    0.11910928849640182,
    0.11846231998188289,
    0.11782421435130445,
    0.11720572066445245,
    0.11659938430507485,
    0.11599690024298588,
    0.1154113274031748,
    0.11483621076454406,
    0.11427890574604549,
    0.11372725412058404,
    0.11317494911373793,
    0.1126238479127219,
    0.112066925213011,
    0.11151436358899575,
    0.11095739703761111,
    0.11040330429532122,
    0.10985468368089592,
    0.10931505220370909,
    0.10879694282253859,
    0.10831149837342961,
    0.10785629341982632,
    0.10742729351603146,
    0.10701865476779678,
    0.10662315959614319,
    0.1062340467624595,
    0.1058556425028022,
    0.10548211509652003,
    0.10512274431470175,
    0.10477603706515923,
    0.10444316834471684,
    0.10413899012676883,
    0.10387339650867446,
    0.10364062745023463,
    0.10342217780524499,
    0.10321249432928221,
    0.10301146508991633,
    0.10281124908212962,
    0.10260830677165843,
    0.10240964245273589,
    0.10221209876124268,
    0.10200720795886806,
    0.10179071295146985,
    0.10156383901362112,
    0.10132737656178083,
    0.10108672843692627,
    0.10084046963147211,
    0.10057968980575534,
    0.10030167396123572,
    0.1000182434835504,
    0.09972147907578517,
    0.09941840194501966,
    0.09912228028514204,
    0.09883310100093917,
    0.09855349343736246,
    0.098290505410085,
    0.09803859108179144,
    0.09779301352091173,
    0.09754760147580205,
    0.09730241531699423,
    0.09705258643254329,
    0.09680292867103078,
    0.0965585814880636,
    0.09633305475611832,
    0.09611374484053406,
    0.09590464567795891,
    0.09571696235727364,
    0.09554694803574228,
    0.09539400307626979,
    0.0952566990200212,
    0.09511861640206996,
    0.09497881039352155,
    0.09484432503367839,
    0.09471019760844153,
    0.09457769859246308,
    0.09443296356971523,
    0.0942721611487896,
    0.09410306587143433,
    0.09392507034908215,
    0.09373864368913233,
    0.09354823701284906,
    0.0933521252751351,
    0.09313677592972208,
    0.09291203017542886,
    0.09268074458653178,
    0.09244107732636025,
    0.09219122709789639,
    0.09192246422935689,
    0.09163844983923215,
    0.09133119620967403,
    0.09100983961800217,
    0.09067190731467512,
    0.0903194805109,
    0.08995462806943656,
    0.08958442010759975,
    0.08922544769493768,
    0.08887843457061546,
    0.08854636614172054,
    0.08822430886373839,
    0.0878991698456929,
    0.08756511307419622,
    0.08723254932075246,
    0.08691910257820185,
    0.08662154354466758,
    0.08635046590392892,
    0.08610558765086974,
    0.08587948805978865,
    0.08566484899163654,
    0.08546826355342048,
    0.08528848615227583,
    0.0851255958706351,
    0.08497478917958648,
    0.08485319997591763,
    0.08476334621604481,
    0.08469424313918134,
    0.0846289103256979,
    0.08456430336033617,
    0.08449045079054207,
    0.08440005687957687,
    0.08429561354820225,
    0.08418732941205148,
    0.08409064975212525,
    0.08399645686850375,
    0.0838937800768532,
    0.08378659009249438,
    0.08368509930531452,
    0.08359567089081456,
    0.0835085576285158,
    0.08341494154420319,
    0.08331515928009241,
    0.08322400689227859,
    0.08314286266125616,
    0.08306473560835165,
    0.08299216455216094,
    0.08292783514301352,
    0.08287363281089821,
    0.08282295474725292,
    0.08277791301570103,
    0.0827446548996093,
    0.08272172474698847,
    0.08271806908205265,
    0.08274108225572138,
    0.08278828031176459,
    0.08284931279372122,
    0.08291217669453281,
    0.0829625039604098,
    0.08299281724752054
  ],