{
  "x0": [
    0.208190402750772,
    0.6058741752720197,
    0.18593542197720828,
    0.7181796690757899,
    0.6182332867526734,
    0.8277495009294267
  ],
  "x": [
    0.6316423568315441,
    0.3767425938311058,
    7.234274128396977e-20,
    9.479158238469333,
    21.70537300121829,
    0.8277495009294267
  ],
  "SSE": 0.00017942133493516598,
  "exp_data": [
    1.0,
    0.9296548106925804,
    0.8600929363682528,
    0.7933113754827158,
    0.7310463337352315,
    0.6738310049412156,
    0.621620648788838,
    0.5740770978762477,
    0.5307947385698987,
    0.49137923273945355,
    0.45547047231405924,
    0.4227323047559171,
    0.3928339384992218,
    0.36548224543918656,
    0.34041726031420827,
    0.31740660027785417,
    0.29624402951071077,
    0.27674712707453547,
    0.2587568285796957,
    0.24213272701405464,
    0.2267609491499525,
    0.2125314557331528,
    0.19933829621748694,
    0.1870932280265997,
    0.17571807565696282,
    0.165139290577448,
    0.15529148747699678,
    0.14611349823205172,
    0.13755374345542903,
    0.12956593581200446,
    0.12210342308286543,
    0.11512694702567798,
    0.10859964811928437,
    0.10248865820752119,
    0.09676352599237002,
    0.09139707528780878,
    0.08636530435774295,
    0.08164336074807485,
    0.07721059049031782,
    0.07304506860737939,
    0.06912975287836992,
    0.06544807667276126,
    0.06198287530113399,
    0.0587183356976904,
    0.05564098820740605,
    0.052738957197805456,
    0.05000153898628689,
    0.04741922888910342,
    0.04498259914951755,
    0.042683207477419105,
    0.04051316685829033,
    0.03846442655309139,
    0.036530071065936684,
    0.034703630522473036,
    0.032977861032380415,
    0.031347546564059595,
    0.02980617478794646,
    0.028348324577203616,
    0.026968928817123684,
    0.025664345488488657,
    0.024429617051003126,
    0.02326035479745833,
    0.022151847052281688,
    0.021100935004423883,
    0.02010457438601227,
    0.019160211277704037,
    0.018265477674023575,
    0.017416493356380736,
    0.016610599050786632,
    0.01584438300119051,
    0.01511653847114414,
    0.014424536552455205,
    0.013766188421535309,
    0.013139930832587752,
    0.012544205210885362,
    0.011977472000321322,
    0.011437723203564606,
    0.010923940131517177,
    0.010434519702784703,
    0.009968276237372332,
    0.009524404259465187,
    0.009101615979340585,
    0.0086989135082804,
    0.008314662551606152,
    0.007948619737077792,
    0.007599345160558469,
    0.0072657843908250554,
    0.006947309507537876,
    0.006643354520631429,
    0.00635303431344189,
    0.006075879597004115,
    0.005810908641157835,
    0.005557867658360239,
    0.005316083871148358,
    0.005085360893276322,
    0.004865593311688248,
    0.004655953708010176,
    0.004456292190729099,
    0.00426549302059698,
    0.004083103529390782,
    0.003908734292043703,
    0.003742172550071584,
    0.003582787464220513,
    0.003430254436994188,
    0.0032841783585086794,
    0.003144366643157521,
    0.0030108869816068222,
    0.002883015228220732,
    0.0027607731149465304,
    0.002643806790061355,
    0.00253188995997566,
    0.0024253832875960396,
    0.002324005410378487,
    0.0022275798421305263,
    0.002135524491291109,
    0.002047554341946169,
    0.0019635999843274775,
    0.0018834811972877755,
    0.0018068447235674884,
    0.0017336831873788333,
    0.0016636395435591605,
    0.0015964898615276688,
    0.0015319367585417349,
    0.001469966088387225,
    0.0014105058752532352,
    0.0013533596464782968,
    0.0012983859383885873,
    0.0012456122838545825,
    0.0011948558268372886,
    0.001146195313648893,
    0.0010994580140101327,
    0.0010547290195128845,
    0.0010118156269708152,
    0.0009707099935356059,
    0.0009312271299399729,
    0.0008933110716068274,
    0.0008568861673563319,
    0.0008218158316817741,
    0.00078792177075328,
    0.0007551595673855726,
    0.0007236866504023486,
    0.0006934979752104364,
    0.0006645688914831278,
    0.0006366350365976193,
    0.0006096381862207746,
    0.0005836377494090818,
    0.0005586212703706579,
    0.0005344778476699793,
    0.0005111858952226209,
    0.0004887807053446939,
    0.0004671617464239327,
    0.0004463246820734746,
    0.0004263310712119495,
    0.00040713714824534305,
    0.0003887474079959101,
    0.0003711839894452997,
    0.000354402952006512,
    0.0003383910928964417,
    0.0003231086420949891,
    0.0003085997265196047,
    0.0002948112284627774,
    0.00028162555901803914,
    0.0002689779136183995,
    0.00025680545809622434,
    0.0002450317806164112,
    0.00023360464526988908,
    0.00022262303710854402,
    0.00021204589968130982,
    0.00020191233789654785,
    0.00019226607495926882,
    0.00018303923101484085,
    0.00017428673196950918,
    0.00016594500771574395,
    0.0001579995642699395,
    0.0001504358511408706,
    0.00014322353652320926,
    0.00013626021634970904,
    0.00012951961176792392,
    0.00012300688245256512,
    0.00011673171861888652,
    0.00011067676000201679,
    0.0001049352980350431,
    9.947206764572348e-05,
    9.432864215802755e-05,
    8.939265284282033e-05,
    8.462387992970795e-05,
    8.000465229758799e-05,
    7.554223174056202e-05,
    7.123253266535975e-05,
    6.706006597131649e-05,
    6.311414849990621e-05,
    5.935894210870696e-05,
    5.5783593155404464e-05,
    5.2349766702827945e-05,
    4.9073906302830224e-05,
    4.5951901364943e-05,
    4.297503822609556e-05,
    4.015063791246229e-05,
    3.746766727351868e-05,
    3.494495194004047e-05,
    3.254613234367917e-05,
    3.0255446764379395e-05,
    2.8105520146274088e-05,
    2.603442090751108e-05,
    2.4030827641000776e-05,
    2.2097257973595487e-05,
    2.024550534072879e-05,
    1.8485091932797543e-05,
    1.67861198115739e-05,
    1.519059674769965e-05,
    1.3682555772015414e-05,
    1.2278559161791225e-05,
    1.0964939921512475e-05,
    9.748971297135314e-06,
    8.612268690392159e-06,
    7.548060765786548e-06,
    6.589327986876829e-06,
    5.703599483210706e-06,
    4.905166636488869e-06,
    4.173172362236565e-06,
    3.514868576961924e-06,
    2.968111669305231e-06,
    2.5450153874395154e-06,
    2.2294623672162843e-06,
    1.9840369288979084e-06,
    1.785339250564804e-06,
    1.6287852893415924e-06,
    1.490840844138915e-06,
    1.3620879570267176e-06,
    1.2449263142496931e-06,
    1.1417654982135057e-06,
    1.0550250375508053e-06,
    9.752412730133578e-07,
    8.97673592370422e-07,
    8.223288785383924e-07,
    7.516000731073398e-07,
    6.878900493055485e-07,
    6.24047709318991e-07,
    5.672530599399886e-07,
    5.175281013685269e-07,
    4.820903046954059e-07,
    4.5138052284826273e-07,
    4.3022049456202424e-07,
    4.090162447232914e-07,
    3.9017612895461487e-07,
    3.737075739357148e-07,
    3.5961803751323395e-07,
    3.4549893296520787e-07,
    3.3376877997806605e-07,
    3.22013958371885e-07
  ],