{
  "x0": [
    0.5805210210464706,
    0.13172701072436385,
    0.2877519682291655,
    0.8886150087328135,
    0.8886150087328135,
    0.37866667758267886
  ],
  "x": [
    0.4963316784380549,
    0.5114724271314239,
    5.630407585795302e-18,
    17.78775653357372,
    8.128631684526672,
    0.37866667758267886
  ],
  "SSE": 0.00016356167892406812,
  "exp_data": [
    1.0,
    0.9239962034102067,
    0.8489718336535571,
    0.7774151100207392,
    0.7114943373214784,
    0.6517607837357359,
    0.5979981809426275,
    0.5496074772265067,
    0.5059313765813649,
    0.4663873678115938,
    0.4305049738973121,
    0.39788889091257734,
    0.36818758078973357,
    0.34109807041496093,
    0.31635731515675636,
    0.2937202573111274,
    0.272973098771511,
    0.2539291064337808,
    0.23642154445563832,
    0.22029850659794664,
    0.20543833960796906,
    0.19171868455769933,
    0.17903197188589898,
    0.16728089483301561,
    0.15638479088167997,
    0.1462734693224583,
    0.13688211930913824,
    0.12814946015235237,
    0.12002369735529347,
    0.11246289935328138,
    0.10541958915768748,
    0.09885112629826584,
    0.09271655170455906,
    0.08698935052025686,
    0.08163813021324605,
    0.0766346930516056,
    0.0719588388329934,
    0.0675863243970513,
    0.06349410120761217,
    0.05966245047804782,
    0.05607405666597233,
    0.052714035720794666,
    0.049563968572277996,
    0.04661008298734383,
    0.043838762241736225,
    0.041238447615638364,
    0.03879841424474227,
    0.03651034436454413,
    0.03436349886633575,
    0.03234729936523683,
    0.030455179114314748,
    0.028678161819788384,
    0.027009887409439316,
    0.02544283541905951,
    0.023971424113535388,
    0.02258982301162402,
    0.021291390257411648,
    0.020070844681255626,
    0.018922584182858127,
    0.017845261114836898,
    0.016832893822445676,
    0.01588168715327056,
    0.014985811333679459,
    0.014143261715822973,
    0.0133504091534041,
    0.012605133199739502,
    0.011906292723267486,
    0.011250261206289061,
    0.010635315371898985,
    0.010058394417328479,
    0.009517111348481083,
    0.009008244743515819,
    0.00853001308009597,
    0.008080922712473083,
    0.0076597691498046004,
    0.007264496290933143,
    0.0068920943078003135,
    0.006540865114678457,
    0.006209769471133894,
    0.005898251223688509,
    0.005605326677411959,
    0.0053286690847705286,
    0.005067135823981343,
    0.004819543077321895,
    0.004584733731858577,
    0.004361850084624348,
    0.004150217373465858,
    0.003949152204953128,
    0.0037585774874162622,
    0.0035776697602623356,
    0.0034065733880480225,
    0.003243440090999658,
    0.003088166744544026,
    0.002940319137104998,
    0.002799879937614146,
    0.0026674568710574557,
    0.002542439778537437,
    0.0024246045648419787,
    0.00231274848127261,
    0.0022066996027737015,
    0.0021057578925091783,
    0.002009811585469106,
    0.0019183458828852626,
    0.0018311652444191846,
    0.0017480419034775357,
    0.001668362456588728,
    0.0015920984634473943,
    0.0015187157941171086,
    0.0014482476667496628,
    0.0013805501419542768,
    0.001315611833602431,
    0.001253579889559748,
    0.0011945448589123215,
    0.0011382354058628729,
    0.0010843155896672924,
    0.0010328747810404053,
    0.0009836904382564992,
    0.0009369601571371016,
    0.0008925439083343604,
    0.0008509209718932533,
    0.0008114467261041687,
    0.0007738838759652413,
    0.0007380967700961346,
    0.000704263524950463,
    0.0006721777390590986,
    0.000641760755735312,
    0.0006128242877656952,
    0.0005854561635361018,
    0.0005596156667171052,
    0.0005357005043084015,
    0.0005131221531776615,
    0.000492020060703075,
    0.00047223667979805895,
    0.0004535167655067638,
    0.00043559115532494755,
    0.0004183518251675833,
    0.00040183966245458655,
    0.0003859657449167255,
    0.0003706863454302464,
    0.00035589897818535433,
    0.000341676717978423,
    0.00032792984757083727,
    0.0003147837638054577,
    0.00030196569916047844,
    0.00028941117298640157,
    0.00027721259901731973,
    0.0002654103123899793,
    0.0002539332833528047,
    0.0002427627410747588,
    0.000231879843285245,
    0.00022127225456234977,
    0.00021093417735122474,
    0.00020101798042426467,
    0.00019150508016582454,
    0.00018250229387040338,
    0.0001739582051190553,
    0.00016588074844555865,
    0.00015821828377116464,
    0.00015090571450211503,
    0.0001439108714488455,
    0.00013712840093509283,
    0.0001306719369188307,
    0.00012457569503693296,
    0.00011882739519606766,
    0.00011336136963414191,
    0.00010806497898869243,
    0.00010299215885391654,
    9.819705367786865e-05,
    9.360684364772974e-05,
    8.922882483524785e-05,
    8.503008341572338e-05,
    8.099100339772295e-05,
    7.705829536687155e-05,
    7.32389960128478e-05,
    6.955363449039016e-05,
    6.609021092338344e-05,
    6.271446218910362e-05,
    5.939963635736387e-05,
    5.613915339324772e-05,
    5.299406235868659e-05,
    4.9876665080575934e-05,
    4.6861609516636454e-05,
    4.396955353734868e-05,
    4.1255196750576644e-05,
    3.8664673600165604e-05,
    3.6211961058224535e-05,
    3.38838424650733e-05,
    3.171478138978996e-05,
    2.968477238040575e-05,
    2.7760066025706643e-05,
    2.5982010130453977e-05,
    2.4262043384132562e-05,
    2.2634602373886337e-05,
    2.1120541386461436e-05,
    1.9713332166472556e-05,
    1.842016687349079e-05,
    1.7282666528481644e-05,
    1.6273749122662128e-05,
    1.533175566074609e-05,
    1.4491390022708553e-05,
    1.3697696590611886e-05,
    1.2923157614247384e-05,
    1.2188594888844624e-05,
    1.1473343658685727e-05,
    1.0777462093184066e-05,
    1.008018177112771e-05,
    9.416244760592198e-06,
    8.778795541571297e-06,
    8.147024411269735e-06,
    7.576710920363119e-06,
    7.061063967889642e-06,
    6.558343033930079e-06,
    6.075578826103373e-06,
    5.6198305468845646e-06,
    5.1631578295607165e-06,
    4.712570611649527e-06,
    4.275107326519487e-06,
    3.836753984710075e-06,
    3.4115762219246505e-06,
    2.9855316334217092e-06,
    2.5868117001285017e-06,
    2.1943329539772875e-06,
    1.836366329664149e-06,
    1.5625090375192836e-06,
    1.3659421899433613e-06,
    1.2256495648192403e-06,
    1.1063447246481214e-06,
    9.938938955400048e-07,
    8.812116868475615e-07,
    7.682973823947032e-07,
    6.551502650106529e-07,
    5.702838044130793e-07,
    4.995138228357215e-07,
    4.35740762275664e-07,
    3.7183566669626746e-07,
    3.149562207421912e-07,
    2.722898114666563e-07,
    2.2953478932587478e-07,
    2.0105171730438653e-07,
    1.8688514752300068e-07,
    1.7268906432396526e-07,
    1.5846337520120216e-07,
    1.4420798665394437e-07,
    1.2992280717080285e-07,
    1.1560774225632157e-07,
    1.0126269741504442e-07,
    8.688757914620441e-08,
    7.248229394903446e-08,
    5.804674434401148e-08,
    4.3580836830368427e-08
  ],