{
  "success": true,
  "x0": [
    0.2756722427363615,
    0.4007176525329657,
    0.3236101047306728,
    0.9229203019526719,
    0.2699883833339386,
    0.5588289875678829
  ],
  "x": [
    0.257077981354221,
    0.742922018645779,
    0.0,
    26.306511529846734,
    12.403334429724016,
    0.5588289875678829
  ],
  "SSE": 0.0011453976041492643,
  "exp_data": [
    1.0,
    0.9415828346878033,
    0.8835327909112272,
    0.8267108697615538,
    0.7718744622678271,
    0.7195211228889904,
    0.6700119795338312,
    0.6236171986886418,
    0.5805184202060661,
    0.5407748106107823,
    0.5042742884424365,
    0.4708075614930887,
    0.4400895858047852,
    0.4118354159878568,
    0.38579805744860657,
    0.36176019171498686,
    0.339520346614744,
    0.3189021713875798,
    0.2997532046844942,
    0.28194693509320845,
    0.2653747625132298,
    0.24994329702938328,
    0.23555343691220518,
    0.22212227014276745,
    0.20957813291410182,
    0.19784846491313338,
    0.18686892536792657,
    0.1765780162767509,
    0.1669292593901756,
    0.15787448989027567,
    0.14936886749776992,
    0.14137536967571818,
    0.1338617379831633,
    0.1267938809590298,
    0.12014459846358568,
    0.11388799626629291,
    0.10799912966112046,
    0.10244979055011812,
    0.09722166057090993,
    0.09229208638835776,
    0.08764053387184707,
    0.08324999186204253,
    0.07910120721986749,
    0.07517729610008658,
    0.07146354506011356,
    0.06794817998854583,
    0.06461829056912964,
    0.061462119886522705,
    0.058471995552635166,
    0.055641328767144074,
    0.05296107514882077,
    0.05042049356068275,
    0.048012319391880325,
    0.04572994321562941,
    0.043562585587033714,
    0.0415056914561094,
    0.039551966672414944,
    0.0376954029686925,
    0.03592994683835064,
    0.034251715084722224,
    0.03265764100525446,
    0.03114279742908966,
    0.02970311393434192,
    0.028332361214974906,
    0.027027966794297916,
    0.025786983972128967,
    0.024606029261530726,
    0.02347976238261758,
    0.02240563114531556,
    0.021379810084382462,
    0.020401143750604485,
    0.019467940308815077,
    0.018577522128321138,
    0.017726944650165943,
    0.016914461371871633,
    0.016138915166568003,
    0.015398702312178216,
    0.014692914587287702,
    0.01402029577013618,
    0.013378722481382777,
    0.012767506945366758,
    0.012186144117241341,
    0.011633972682706427,
    0.011108331517286517,
    0.010608889616713942,
    0.010132725227689683,
    0.009678617494810235,
    0.009245533568978361,
    0.00883221947152314,
    0.008437845711533607,
    0.008060876606627444,
    0.007700543286894184,
    0.007356099043764288,
    0.007026925508312444,
    0.0067127643162688995,
    0.006413143627723223,
    0.006126845328031048,
    0.005853648888726172,
    0.005592599600818285,
    0.005342507152547798,
    0.005102917896822527,
    0.004873150264041439,
    0.004652551656854625,
    0.004440542659645578,
    0.004236705607678861,
    0.004041321529175544,
    0.0038539274228566876,
    0.003673970115550289,
    0.003501210688145164,
    0.003335067449710496,
    0.003175685354209909,
    0.0030243135757177255,
    0.002880732944724801,
    0.002745079348598456,
    0.0026164524047698166,
    0.0024940948388837312,
    0.0023779985124553855,
    0.002267715162926706,
    0.002162488435268939,
    0.0020619617441316714,
    0.0019660330191300117,
    0.0018744333641971165,
    0.0017866750217534972,
    0.0017027686918349608,
    0.0016222243801615377,
    0.0015449486588768845,
    0.0014706805299756745,
    0.0013996086556481839,
    0.0013313489197066687,
    0.0012658060050759784,
    0.0012031101866662847,
    0.0011433146863923658,
    0.0010862982961104474,
    0.0010323536775671844,
    0.0009812302799291827,
    0.0009328387606840348,
    0.0008870245207447671,
    0.0008432684813415664,
    0.0008014333620849404,
    0.0007611209479696101,
    0.0007224658799091441,
    0.0006854011029919203,
    0.0006499964154221718,
    0.0006159232406388669,
    0.0005832900213896473,
    0.0005521073997865943,
    0.0005222287703779494,
    0.0004936053691337442,
    0.00046610945311871755,
    0.0004399545565458097,
    0.0004149800451250846,
    0.0003912814832322688,
    0.00036893502643741896,
    0.00034789836660033697,
    0.00032806299590778837,
    0.0003096504965905612,
    0.00029243999842720324,
    0.0002763621081414311,
    0.0002613935700464048,
    0.0002475641231502683,
    0.00023460473592147075,
    0.00022235171357113908,
    0.00021064738518683908,
    0.0001993667771847836,
    0.00018843110617674646,
    0.0001778413719803554,
    0.0001677121455566007,
    0.00015794446086939766,
    0.00014866654302950576,
    0.00013988651702579764,
    0.00013163265851376342,
    0.00012398705617552126,
    0.00011687757146970809,
    0.0001103394002743511,
    0.00010427995785638047,
    9.857260275040606e-05,
    9.317789246255231e-05,
    8.800896445099017e-05,
    8.304620488077203e-05,
    7.828345404769035e-05,
    7.375516081434613e-05,
    6.944167913875634e-05,
    6.542506716210775e-05,
    6.167903221705029e-05,
    5.817037934296634e-05,
    5.4777311512335466e-05,
    5.1506982887608554e-05,
    4.835975695799094e-05,
    4.530869603611766e-05,
    4.2319923446283815e-05,
    3.947569425422785e-05,
    3.6872281507830415e-05,
    3.444187451782838e-05,
    3.2171269600259754e-05,
    3.001974511803726e-05,
    2.8015149318729838e-05,
    2.6102880894615005e-05,
    2.4283216000208237e-05,
    2.252885678915803e-05,
    2.092280692816323e-05,
    1.9410250842546776e-05,
    1.800529824964494e-05,
    1.6729036823070592e-05,
    1.5526427017006112e-05,
    1.4411561280986525e-05,
    1.3356935074273192e-05,
    1.236967946462752e-05,
    1.1436085476016742e-05,
    1.0563278658662326e-05,
    9.758413328197252e-06,
    8.986808686404999e-06,
    8.276503189265964e-06,
    7.585734206913584e-06,
    6.921559664642211e-06,
    6.277054836957662e-06,
    5.63124137054814e-06,
    4.9981550355794446e-06,
    4.3708076533559904e-06,
    3.7421825771827005e-06,
    3.11931724971781e-06,
    2.5163263677107733e-06,
    2.0391068279822757e-06,
    1.6174149597992234e-06,
    1.2797019723100108e-06,
    9.979163154480976e-07,
    7.722300724017897e-07,
    6.240918963889329e-07,
    5.111454326456553e-07,
    4.050731144603438e-07,
    3.272377742776518e-07,
    2.706055443516489e-07,
    2.3524206918362546e-07,
    2.06941441031183e-07,
    1.7858227940919085e-07,
    1.5016440427893799e-07,
    1.216876306282683e-07,
    9.315177742378182e-08,
    6.455665965332244e-08,
    3.5902092304734094e-08,
    7.1878903658607194e-09,
    0.0,
    0.0,
    0.0,
    0.0,
    0.0,
    0.0,
    0.0,
    0.0,
    0.0,
    0.0
  ],