{
  "x0": [
    0.45592666686279604,
    0.22600583580415035,
    0.3180674973330536,
    0.6728171257878188,
    0.6204534855376196,
    0.7557370751926716
  ],
  "x": [
    0.22530292868488644,
    0.778107554465414,
    1.353849936408577e-18,
    43.11668053366116,
    8.320362680865431,
    0.7557370751926716
  ],
  "SSE": 0.0009592554367711484,
  "exp_data": [
    1.0,
    0.9155012073117607,
    0.8329763991209548,
    0.7554102880436462,
    0.6854472342547978,
    0.6236711469271948,
    0.5696259128372,
    0.5222889895968372,
    0.4805226687816629,
    0.4433736910630512,
    0.41016820955305244,
    0.3804067224381491,
    0.35368276146231675,
    0.32965865337043415,
    0.3080336409835511,
    0.2885263272189299,
    0.2708856536131958,
    0.25489461194228247,
    0.24036528150190598,
    0.22713145470395124,
    0.21505234761663616,
    0.20399731596374968,
    0.19384774309775119,
    0.18450571680785702,
    0.17587074542747483,
    0.16787590318847045,
    0.16045293733790067,
    0.153530625732805,
    0.14706396247544423,
    0.1410267804144511,
    0.13537477253617786,
    0.1300728087647245,
    0.12508207505385724,
    0.12038343867383093,
    0.11594184144958368,
    0.11172832763851262,
    0.10772731432654446,
    0.10394159478468781,
    0.10033648580973893,
    0.09690663980552229,
    0.09364418823720708,
    0.09053109751281821,
    0.08758245728034725,
    0.08479482426389301,
    0.08215340984646653,
    0.07966850086605,
    0.07732990975976083,
    0.07511953417956946,
    0.07303344822777573,
    0.07106252144346054,
    0.06919602897072792,
    0.0674258821162529,
    0.06572000196589958,
    0.064076427472751,
    0.062494303151543515,
    0.06099542710056719,
    0.059577466703652035,
    0.05824666113059544,
    0.05698196905815659,
    0.055789258412466576,
    0.05465672762405339,
    0.053566512689823584,
    0.052497359877851014,
    0.0514501150127248,
    0.05042364614879669,
    0.049418515664850386,
    0.04842889500756829,
    0.0474459730017598,
    0.04646569014300937,
    0.04549569910665611,
    0.044553105887811834,
    0.04362805895394634,
    0.04272008754913185,
    0.04182673630869333,
    0.04094195368278736,
    0.0400648750976562,
    0.03920091871727254,
    0.038370792355219445,
    0.03756358721630545,
    0.036777734177238834,
    0.03599763633727504,
    0.03523005539213837,
    0.03447020970781464,
    0.033730825473918605,
    0.03301552225172874,
    0.03231979149565714,
    0.03164051479425398,
    0.03097606671425779,
    0.030333407211305733,
    0.029714357770765854,
    0.029129380831727694,
    0.028574095131252187,
    0.0280644670731977,
    0.027609507112178924,
    0.027191122687590802,
    0.026773669828757368,
    0.026333889592614013,
    0.02587653929443893,
    0.02541121593202963,
    0.024936823609357547,
    0.02446197368090094,
    0.024002813773438342,
    0.023557582253700363,
    0.023115256311105576,
    0.02267603308673454,
    0.022228405149536393,
    0.021772517926271766,
    0.021301842495513635,
    0.02082659882892573,
    0.02034987859484822,
    0.01987072658305135,
    0.019399164035224306,
    0.01892971332277021,
    0.018465142678528314,
    0.018008074958883163,
    0.017569360242974955,
    0.017143750098235554,
    0.016740513394640184,
    0.01637086252780848,
    0.01602277806753616,
    0.015684715153008687,
    0.015339933160352913,
    0.014993685118950238,
    0.014655037032101425,
    0.014322290024438175,
    0.014010305458873846,
    0.013695215793728163,
    0.013374714901228844,
    0.013029681703927163,
    0.012652561462336809,
    0.012254625752265085,
    0.011840449795484688,
    0.011397483414493226,
    0.010941386374807304,
    0.010477229466799591,
    0.010015517923992473,
    0.009564609512227663,
    0.009147696412978901,
    0.008754273593178622,
    0.008375540797914395,
    0.00802554405196357,
    0.007698432811838341,
    0.0073929654177257555,
    0.007103666994385523,
    0.006834110577142722,
    0.006573120397080275,
    0.0063317885319256915,
    0.006097211164339018,
    0.005869772557408704,
    0.005665407669015464,
    0.005487868644332164,
    0.005342788765897441,
    0.005238343610450886,
    0.005172419804543394,
    0.00512304340017893,
    0.005093576266569356,
    0.0050840094105938614,
    0.005096483805276807,
    0.0051298468455669155,
    0.0051836423279555035,
    0.005223769626991507,
    0.005233093056007714,
    0.0052068551435853734,
    0.005135962592287585,
    0.005049818552960005,
    0.004954730276815461,
    0.004863981183850811,
    0.004787241023474231,
    0.0047323864163283874,
    0.004671265311078869,
    0.004610346129799422,
    0.004554092450574075,
    0.004503929804275994,
    0.004457131657819617,
    0.004397862071837571,
    0.0043241290496595685,
    0.0042410724652571655,
    0.004150774434068055,
    0.004060998525299682,
    0.00396605236855563,
    0.0038712212046632666,
    0.0037798063299622057,
    0.003702680936651529,
    0.0036401741242548017,
    0.0035853977422922447,
    0.00350868513129014,
    0.0033976037101714845,
    0.003244182543347227,
    0.003067798724124971,
    0.002864001182376586,
    0.002646379745400927,
    0.002410623470066754,
    0.0021724338059001583,
    0.001942548878258924,
    0.0017275051034469214,
    0.001532680493498655,
    0.001361049744457625,
    0.0012149103165621771,
    0.0011008378549504064,
    0.0010058170957220295,
    0.0009138086988290183,
    0.0008288344877201702,
    0.0007406427614400894,
    0.0006527670959253277,
    0.000580089645287224,
    0.0005233508727838369,
    0.0004692097572459739,
    0.00041886514590978115,
    0.0003737529668121831,
    0.0003249695350783907,
    0.0002670581730385381,
    0.00019483520510301996,
    0.00010895673601208215,
    1.4104190491025442e-05,
    -9.665828347883751e-05,
    -0.00020826938180648288,
    -0.0003239705582278448,
    -0.00044443053988399233,
    -0.0005695934813440648,
    -0.000699591190214339,
    -0.0008309826353061105,
    -0.0009332026280994811,
    -0.0010055256430060227,
    -0.001067636682021109,
    -0.0011319758789254542,
    -0.0012028112972026826,
    -0.0012791537136438338,
    -0.001364950686847497,
    -0.0014527808966261666,
    -0.0015298617942617408,
    -0.0015980048280195603,
    -0.0016735401666742727,
    -0.0017640910108389076,
    -0.0018552818139939886,
    -0.0019462559719151788,
    -0.0020282827082655336,
    -0.0020960046457030343,
    -0.002147989625097315,
    -0.002174944281311682,
    -0.0021933963676491128,
    -0.0021836482727150986,
    -0.0021412634613521826,
    -0.0020603359220273784,
    -0.0019555503788330282,
    -0.001844818032183984,
    -0.0017351162996889775,
    -0.001644955192861109,
    -0.0015673612686484169,
    -0.0015091260692082754,
    -0.001467007858814448
  ],