{
  "success": true,
  "x0": [
    0.30321535293933327,
    0.30549023979161116,
    0.3912944072690557,
    0.6728195197338145,
    0.48604425869341344,
    0.4616219122758906
  ],
  "x": [
    0.22617454510298082,
    0.7738254548970193,
    9.766289881842083e-19,
    53.59236543923028,
    8.173765883795808,
    0.4616219122758906
  ],
  "SSE": 0.0015927545305926645,
  "exp_data": [
    1.0,
    0.9148221272953191,
    0.8317066518837954,
    0.753830999032933,
    0.6839898712004401,
    0.6227623869527722,
    0.5695847747425433,
    0.5232819722614472,
    0.4825848672916278,
    0.44643237436847966,
    0.4141294443069416,
    0.385170325056798,
    0.3591650767771617,
    0.3358011051436333,
    0.31477131448591367,
    0.2957894707978835,
    0.27860917756355075,
    0.26302120727952527,
    0.24884610250455017,
    0.23592716199113414,
    0.22415584733363303,
    0.21342146062627412,
    0.2036089252861107,
    0.19463188053584654,
    0.1863967889243395,
    0.1788201473639099,
    0.17184004276303733,
    0.16539549662704978,
    0.15942823168974407,
    0.15390408933775887,
    0.14877944734983684,
    0.14400856999152548,
    0.13953804964914138,
    0.1353395785298314,
    0.1313872742827816,
    0.1276688439937522,
    0.12413849599178631,
    0.1207895772860324,
    0.11761995895656706,
    0.1146252822213938,
    0.11179636688189744,
    0.10911139825405379,
    0.10655671636590322,
    0.10410109093317695,
    0.1017364084966825,
    0.09945767913720531,
    0.09725698749701728,
    0.09513793350863224,
    0.09311292250893201,
    0.09116753426508062,
    0.08928272400125815,
    0.08747335412838732,
    0.0857299486731459,
    0.0840452616618147,
    0.08241339558432353,
    0.08083394556131292,
    0.07930993562001046,
    0.07782918893363201,
    0.07637946585036515,
    0.07495991238498495,
    0.07355851588923536,
    0.07220557746123417,
    0.07090523336792184,
    0.06966695680676081,
    0.0684682446246932,
    0.06730286147722413,
    0.06616272154342069,
    0.06504286228796537,
    0.06394424653051924,
    0.06286382074499323,
    0.06180753905928058,
    0.06077377869673196,
    0.05974267882366714,
    0.05872155817982322,
    0.057707762986201255,
    0.056708473601514826,
    0.05573265869838055,
    0.0547865561443987,
    0.05387321593470207,
    0.05299106102916668,
    0.05213577974559336,
    0.051304801900808404,
    0.05049455210015577,
    0.04968509286201791,
    0.04886869163493167,
    0.04805908419132572,
    0.04725330383774096,
    0.04644001739975503,
    0.04562372124144511,
    0.04481035877274661,
    0.04399442381303477,
    0.04317138057098155,
    0.04236696565642068,
    0.04158351887189553,
    0.040807119618995205,
    0.04005260419117433,
    0.03930399805454019,
    0.038557620199760674,
    0.03781729559929151,
    0.037074475279096894,
    0.036347995441179656,
    0.03565179948559886,
    0.03496573595054184,
    0.03428546418962744,
    0.03361000506826829,
    0.0329367417630294,
    0.03226355330581802,
    0.03161436407864876,
    0.03097800188011305,
    0.030345330073174567,
    0.02973737562498171,
    0.0291501023647395,
    0.028580779218434122,
    0.02801661867062637,
    0.027452720305143858,
    0.026893572296314814,
    0.026331153939061627,
    0.025777986089618385,
    0.025224022872633544,
    0.02467797181338079,
    0.02414288407570864,
    0.023617537487114128,
    0.023118736075072362,
    0.02264841486075147,
    0.022206653249906488,
    0.02178464400963222,
    0.021365374096094267,
    0.020944456676015466,
    0.02052283276437028,
    0.02011717183821761,
    0.01972104480102471,
    0.019347352018229153,
    0.019010918933666625,
    0.01871032445875343,
    0.018458492842368817,
    0.018259960103444696,
    0.018092415059575564,
    0.017930276575769996,
    0.017769148840441958,
    0.01761046061747296,
    0.017455414224553534,
    0.0173008001921349,
    0.017145589021399767,
    0.016984925668562644,
    0.01681795104923902,
    0.016646663573359408,
    0.016473054662610034,
    0.016292442831444078,
    0.016098697989225166,
    0.0158870842670102,
    0.015645862952159043,
    0.015375117751642001,
    0.01508581460407726,
    0.014771592332947543,
    0.014445477414935128,
    0.01413290707895615,
    0.013829786194921444,
    0.013534588346114424,
    0.013254035748207802,
    0.012985168101637882,
    0.01272446728617739,
    0.01246373768765922,
    0.01220323077132665,
    0.011939251778156768,
    0.011677268687932242,
    0.011413644101195147,
    0.011170268358017058,
    0.010937899962720899,
    0.010709895890042585,
    0.010506745357832274,
    0.010327536570022618,
    0.010178287492400124,
    0.010055253213705382,
    0.009942485541963654,
    0.009834745045823682,
    0.009726846770548284,
    0.009613510511329092,
    0.009483264691878015,
    0.00931772475737893,
    0.00912771599047424,
    0.008933246386111449,
    0.008730421548145661,
    0.008518024927916056,
    0.00830203908844259,
    0.008085612962619988,
    0.00785772895866558,
    0.007629221286668523,
    0.00740233209683476,
    0.00716415804171795,
    0.0069094015593986315,
    0.006633550088015503,
    0.006330467228999028,
    0.0059882477511816615,
    0.005627274398974996,
    0.005242666670419606,
    0.004842904762394609,
    0.0044291289930470075,
    0.004011725811447411,
    0.003610741822211979,
    0.003229448454222522,
    0.002863588829782139,
    0.0025045226329344535,
    0.0021458526418089183,
    0.0017848378753842755,
    0.0014363370522700032,
    0.001124144573746414,
    0.0008351508680985627,
    0.0005678251335467465,
    0.00032536822922262795,
    0.0001024773764781904,
    -0.00010507786385260787,
    -0.0002839106327888454,
    -0.00043602462654414857,
    -0.00056477773586441,
    -0.0006767036725297219,
    -0.0007547936374631722,
    -0.0007962831385634896,
    -0.0008207165669717897,
    -0.0008465605062806388,
    -0.0008764182869820818,
    -0.0009241490313952557,
    -0.0009897133762757115,
    -0.0010634918963929516,
    -0.0011391114365026378,
    -0.0012002820565918085,
    -0.001261908969514927,
    -0.0013399047555987,
    -0.001444627788521908,
    -0.001563163662636319,
    -0.0016832170356825588,
    -0.0018055922320682838,
    -0.0019288064817908034,
    -0.0020563213901187752,
    -0.0021874276044687047,
    -0.002320578093068437,
    -0.002461835371843446,
    -0.0026016729359539187,
    -0.002739336741844214,
    -0.0028690483170109014,
    -0.0029933160741565656,
    -0.0031010675404018065,
    -0.003193940726297231,
    -0.0032702617291003886,
    -0.003310703362686821,
    -0.00329744009102473,
    -0.0032422367828060837,
    -0.0031702946555330538,
    -0.0031036731804055294,
    -0.0030617656583973424,
    -0.003045885574859908
  ],