{
  "x0": [
    0.5595400820597761,
    0.19245357846194078,
    0.24800633947828307,
    0.4618851636486489,
    0.26272944672781423,
    0.9094160573402336
  ],
  "x": [
    0.07882134943279431,
    0.835910610617169,
    0.08526803956378974,
    378.1299051118358,
    2.497570338702008,
    0.9094160573402336
  ],
  "SSE": 0.013861118602711376,
  "exp_data": [
    1.0,
    0.6696174833397694,
    0.42277089500253606,
    0.2977726761615578,
    0.23164597463198203,
    0.1918061596140953,
    0.16639380586917565,
    0.1491380519407538,
    0.13673498745671353,
    0.1273239181544164,
    0.11989934159534493,
    0.11382304637690949,
    0.10867480893772889,
    0.10427136162592032,
    0.10047696819817743,
    0.09713527913905261,
    0.09418008105271847,
    0.09158982362171533,
    0.08925370868320687,
    0.08718093000639958,
    0.08535865208861075,
    0.08371988324105384,
    0.08215953376090647,
    0.08074194100645549,
    0.07944451021342196,
    0.07826002391140054,
    0.07718162469322103,
    0.07616924202413289,
    0.07523176147242629,
    0.07438501476427523,
    0.07359137953578472,
    0.07283958337463668,
    0.07211300554236481,
    0.07142680666741104,
    0.07077729086200954,
    0.0701621794573642,
    0.06959310936693835,
    0.06904606913715117,
    0.06851243631604646,
    0.06802586909559831,
    0.06756949856082532,
    0.06711992101908688,
    0.06668713727568229,
    0.06628121306799893,
    0.06588696997475486,
    0.06551674992289488,
    0.06517450248326105,
    0.06486621450589347,
    0.06456369379695157,
    0.06424904285667735,
    0.0639244377855932,
    0.06361781840682694,
    0.06334161400762386,
    0.06307757042721772,
    0.06281343382006886,
    0.06256311737855177,
    0.06233584166015307,
    0.06209980120015539,
    0.06183505195404808,
    0.061598506252930695,
    0.06135030437172648,
    0.061104494849009386,
    0.06083343427431193,
    0.06060177734290788,
    0.06037822393613036,
    0.060193020442646204,
    0.06003947198947027,
    0.059911519928784365,
    0.05972715973958565,
    0.059505065567076514,
    0.05931886489018239,
    0.0591290944765711,
    0.05892905469710636,
    0.05872762701783905,
    0.05855140191947398,
    0.05837993465449487,
    0.05822443377960633,
    0.05808941891701873,
    0.057969936184825814,
    0.05785179345460617,
    0.057712083589397264,
    0.05755380685973372,
    0.057396400407433414,
    0.05724013159983307,
    0.057073817301381044,
    0.05692633456779387,
    0.056793621841301094,
    0.05665473336776818,
    0.05652468272895646,
    0.05642305385379095,
    0.05632002588626629,
    0.056156166552926386,
    0.05598899997809096,
    0.05585146475492066,
    0.05570370006207603,
    0.055582549550879524,
    0.05548551765771818,
    0.05538408375598051,
    0.055287492471401994,
    0.05517592813122277,
    0.055037690818838324,
    0.05492672797781905,
    0.05482868281243692,
    0.05473252173810985,
    0.05464137217856511,
    0.05452821696856956,
    0.054413552335164546,
    0.05434316606004207,
    0.054294416785959664,
    0.05423347335481814,
    0.05416762145809066,
    0.05408670639787822,
    0.054020178883067434,
    0.05392347874641273,
    0.053824641534938295,
    0.053755228295392685,
    0.0536698287746948,
    0.053582186668902285,
    0.05350864238196151,
    0.053433894453126296,
    0.05336356575677719,
    0.053264233404919765,
    0.053174379601984186,
    0.05310340905289621,
    0.053018214403031526,
    0.052968717264253534,
    0.052904304070147276,
    0.05284597617951746,
    0.052777204707166236,
    0.052714100116186165,
    0.052630038114302356,
    0.05257476509617995,
    0.05251819994399118,
    0.052455349638566316,
    0.05238910067576308,
    0.052330044048171216,
    0.05226061013539634,
    0.052198291133510204,
    0.052126603862806646,
    0.052028965168525045,
    0.05194100231034039,
    0.05187276368712549,
    0.051809982773897326,
    0.05174565896356706,
    0.05169805270213114,
    0.051664747909150016,
    0.05164241007327221,
    0.05160311863537132,
    0.05157139814054844,
    0.05153334886210342,
    0.05146116476354597,
    0.05138537042019287,
    0.05131416655304921,
    0.051267929054805275,
    0.0512090303632678,
    0.05115160825418876,
    0.05109444140707075,
    0.051002166809562724,
    0.050901630118106875,
    0.05085116786593709,
    0.050826873784297635,
    0.05079013622731675,
    0.05074702446291805,
    0.050697936168147544,
    0.05064744543229618,
    0.050585057282720496,
    0.0505431623578244,
    0.05051674914148239,
    0.05047676832994663,
    0.050420790878545264,
    0.05034745490156076,
    0.050295490144485824,
    0.050291350191233986,
    0.05027016578240176,
    0.05021785638027551,
    0.05013847224414914,
    0.05005691426033148,
    0.05000552805647416,
    0.0499662514438098,
    0.04990883256291781,
    0.04986611285845829,
    0.04982252146054722,
    0.04976877471647402,
    0.04971925408893297,
    0.049692797938919016,
    0.04964281815974021,
    0.04961024202601037,
    0.04957960762602874,
    0.04955116366302583,
    0.04950284613899992,
    0.04946901378821214,
    0.049435974678590316,
    0.049409948417109904,
    0.049395385536208626,
    0.0493577955323681,
    0.04934329157105922,
    0.049330043103405205,
    0.04930610268853938,
    0.049306656668364014,
    0.04930309140706446,
    0.04927484746930823,
    0.04925732553822324,
    0.049242729782833776,
    0.04920442086439988,
    0.04915286633570943,
    0.04912423367515421,
    0.04906152063376329,
    0.04898494225077578,
    0.048920955801946345,
    0.04887434359634196,
    0.04883184390056041,
    0.04880137863377782,
    0.04875373700348507,
    0.04870525661629252,
    0.04863568131629669,
    0.04858552575097849,
    0.048537975912486736,
    0.04847321946212593,
    0.04841861669675012,
    0.0483910467600549,
    0.048324406147536546,
    0.04826089929237245,
    0.04820829308059427,
    0.04815986750824399,
    0.04814912894298365,
    0.04811390304024574,
    0.0480644277629962,
    0.04797175511144388,
    0.047880528174223336,
    0.04784011097339684,
    0.04784152551431735,
    0.047838878148124084,
    0.047838910350915226,
    0.04785523555546993,
    0.04785926871277744,
    0.047827110704883366,
    0.04778578246793464,
    0.04773096207647123,
    0.047700333349870276,
    0.04761201939312941,
    0.04754727142879366,
    0.047542123525880095,
    0.04750557082295328,
    0.047453673960575836,
    0.047395527739070485,
    0.04734839829501056,
    0.047280968153101365,
    0.0472270382681325,
    0.047188569677571325,
    0.04716934138042145
  ],