{
  "success": true,
  "x0": [
    0.5159013392996648,
    0.18614420025073197,
    0.2979544604496032,
    0.8629976860803478,
    0.8619976860803478,
    0.9159290269661603
  ],
  "x": [
    0.07591746098186562,
    0.8250586981361936,
    0.09902384088194076,
    389.96758521843276,
    2.3359172090357934,
    0.9159290269661603
  ],
  "SSE": 0.015683192217626877,
  "exp_data": [
    1.0,
    0.645215448302236,
    0.38922764348477634,
    0.27138098162369684,
    0.21257354741247783,
    0.17782935597661792,
    0.15593584289999718,
    0.1410405854453203,
    0.13019054093519034,
    0.12175168014544528,
    0.11502161324305607,
    0.10942478328530347,
    0.10460382368131867,
    0.10043461701966191,
    0.09681295998883999,
    0.09363380212747917,
    0.09076740440249399,
    0.08828179496038754,
    0.08600687062626028,
    0.08397908428521098,
    0.08221122130697786,
    0.08059447509925328,
    0.0790643041107978,
    0.07769637207745615,
    0.07645988646559641,
    0.07533856714955042,
    0.0743495947442205,
    0.07340038586187364,
    0.07247182812676022,
    0.07168910168288359,
    0.07095804370057619,
    0.07026728792775823,
    0.06956328649039246,
    0.06891901208278677,
    0.06831964303112165,
    0.06769841659033558,
    0.06712190189668013,
    0.06659400660866344,
    0.06610845686482948,
    0.0656254546510431,
    0.06514530501651382,
    0.0646562224665116,
    0.06421856406177619,
    0.0638600447695878,
    0.06349559244741668,
    0.06315110075368315,
    0.06282874775507216,
    0.0625515553930533,
    0.06223979085165675,
    0.06192031782569495,
    0.06160391495685303,
    0.0613453384495138,
    0.06110390803110868,
    0.060845232141298874,
    0.060539435863378656,
    0.06030505653246803,
    0.06008299127752684,
    0.059841402090060065,
    0.05954214433287507,
    0.05928876054285579,
    0.05907220771635894,
    0.058888234861585155,
    0.05865899190657461,
    0.05843998990898862,
    0.05828235064304776,
    0.058109699091738076,
    0.058012617668448604,
    0.05794016945118052,
    0.057751332927598056,
    0.05750097968117794,
    0.05731552315834589,
    0.05710497897362222,
    0.05687134883060212,
    0.056645905684528736,
    0.056462627051765295,
    0.056267662740820186,
    0.056058490617710226,
    0.055881786015365156,
    0.05576627900449148,
    0.055670949640908296,
    0.055522254511802246,
    0.055355241015072124,
    0.05515891372599138,
    0.05497319098047853,
    0.05479889708773346,
    0.05469084690482277,
    0.054557496712579166,
    0.05440456681659998,
    0.05424508084067564,
    0.054092597057962565,
    0.05397280552680057,
    0.053768928459438085,
    0.053535134782809315,
    0.05337992214006608,
    0.053257270067873494,
    0.053157063753047205,
    0.05308510443453978,
    0.05300062302648748,
    0.052908543849782656,
    0.05274755490249928,
    0.05257418995164935,
    0.05247774586746341,
    0.052408174546789296,
    0.05235446227273915,
    0.05226204483728569,
    0.05214630890230091,
    0.05203498454895133,
    0.05196340908490738,
    0.05195540125534451,
    0.051980450763809,
    0.051997881733500555,
    0.051987699529384264,
    0.05193572984364145,
    0.051823190208579645,
    0.05174384779140728,
    0.05169420113165717,
    0.05159029221900621,
    0.05147364046246298,
    0.051429296436327335,
    0.05140567415051261,
    0.05139494238102902,
    0.05131888749795443,
    0.05119348364322405,
    0.05106070486685174,
    0.050903701124130354,
    0.050842365157283013,
    0.05076329730337969,
    0.05072058477154786,
    0.05066960618574177,
    0.05056499726565272,
    0.05050284711585707,
    0.05049263888980898,
    0.050466696306990876,
    0.0504147189066161,
    0.050369916214792025,
    0.05033017419462064,
    0.05024569421711314,
    0.050242153514457454,
    0.05024192286336223,
    0.050187652068864726,
    0.05014390104406931,
    0.0501089512473368,
    0.050075272777628715,
    0.05000296578335671,
    0.04994677203027367,
    0.0498902862639589,
    0.049931036684803184,
    0.049938656846294185,
    0.049908115752044624,
    0.04987632778345699,
    0.04981298306576386,
    0.049714992269786484,
    0.049639479854813304,
    0.049629282045638275,
    0.0496280302224505,
    0.049623218067909924,
    0.04960612664076287,
    0.049550728196020875,
    0.04948789926320697,
    0.04949591903807453,
    0.049485804027555855,
    0.04945476367887487,
    0.04943620752562642,
    0.0494147705026443,
    0.049396110863785696,
    0.04934687324627405,
    0.049233296654138996,
    0.0491233762988933,
    0.049043071392959915,
    0.048956376421881095,
    0.048878047904837386,
    0.0488213052088535,
    0.04883134045428166,
    0.04886162199003123,
    0.04889002593604435,
    0.04886824565282578,
    0.048815846821650244,
    0.048756812367122065,
    0.04873361531564799,
    0.048688950959105706,
    0.04869164487363664,
    0.048690459004409055,
    0.048658011838891714,
    0.04863898474241069,
    0.0486522333462921,
    0.04868904381945806,
    0.04873376504362772,
    0.048726105212657154,
    0.048681244462781555,
    0.04858693785027973,
    0.048530881305664825,
    0.04849227276634934,
    0.04850934870467325,
    0.04855269259045136,
    0.04857572804260402,
    0.04859509481364529,
    0.04859325531986844,
    0.04855453804076875,
    0.04857586456154872,
    0.04858927871436626,
    0.04857458600460975,
    0.04857545912752088,
    0.04857312132755474,
    0.04854651619378686,
    0.04852251756931282,
    0.04853453692246992,
    0.04846032213730504,
    0.048390566186861696,
    0.04833267238979393,
    0.04832510611527568,
    0.04833151301978065,
    0.04834408185215796,
    0.04829268647442698,
    0.0482267899438762,
    0.04817445383140382,
    0.04817155580897264,
    0.0481621810261944,
    0.048087951388727554,
    0.04804945510680105,
    0.048032623280387585,
    0.047937958682076315,
    0.04785181871168548,
    0.0478091064653184,
    0.0477788482190041,
    0.047744024465219685,
    0.047709438053561405,
    0.047640734085153756,
    0.04756040977904505,
    0.047449799101947666,
    0.0473995593722245,
    0.047448983558121334,
    0.04748076950468144,
    0.047471941232587855,
    0.04750800404975007,
    0.04756089284004769,
    0.047592193368236314,
    0.04757416877367163,
    0.04749530154445498,
    0.047492504509787065,
    0.04738359583193756,
    0.04729216298584292,
    0.04729107602963278,
    0.047309360611579546,
    0.04729613071507477,
    0.04724242266632602,
    0.04717816763075485,
    0.0470798538541934,
    0.04701185003564189,
    0.046990885670683706,
    0.04702704938112766
  ],