{
  "x0": [
    0.40928767136174754,
    0.05119135200003701,
    0.5395209766382154,
    0.8558440431661835,
    0.8558440431661835,
    0.7353600714598739
  ],
  "x": [
    0.07838572778020704,
    0.8258724421456939,
    0.09574183007409905,
    366.42704472371395,
    2.2854404039947345,
    0.7353600714598739
  ],
  "SSE": 0.014240156744596664,
  "a1": 0.07838572778020704,
  "a2": 0.8258724421456939,
  "a3": 0.09574183007409905,
  "a": 366.42704472371395,
  "b": 2.2854404039947345,
  "c": 0.7353600714598739,
  "exp_data": [
    1.0,
    0.6420572971845099,
    0.38515743059172797,
    0.26873158749717974,
    0.21110792535097592,
    0.17730143713129565,
    0.15607666352134097,
    0.14149811246104188,
    0.13066956611826222,
    0.12210035920483156,
    0.11523844951869909,
    0.10957774205673479,
    0.10476132061318875,
    0.10068925923237282,
    0.09717253924110104,
    0.09404099000568941,
    0.09131139036716095,
    0.0889169774863888,
    0.08677423252501135,
    0.08486781152655604,
    0.08320241018763788,
    0.08170633981387336,
    0.08023922786233002,
    0.07889470061789818,
    0.07765969479301946,
    0.0765509392087428,
    0.07552673941162727,
    0.07457001312325959,
    0.07369954356350591,
    0.07288759283420053,
    0.07211750845186153,
    0.07139857890953533,
    0.07072333186997792,
    0.07006317997960172,
    0.06941724548228148,
    0.06886867197304009,
    0.06834045483952672,
    0.06781482396813203,
    0.06725493127890224,
    0.0667910680833454,
    0.06640993520990242,
    0.06604349616623198,
    0.06567323949294944,
    0.06526003361283235,
    0.0648825729228044,
    0.06454708868373234,
    0.06422942813454023,
    0.06393380230347993,
    0.0636246749629193,
    0.06333078257203081,
    0.06299597210195826,
    0.06268924336769631,
    0.06244710855376034,
    0.062232714845308866,
    0.06201128749017177,
    0.06175677788304619,
    0.06154629752301082,
    0.061307805967399646,
    0.06106719637777921,
    0.060854951380078695,
    0.06057231207520418,
    0.060281286639810444,
    0.059999088294776064,
    0.059799495098990095,
    0.05957009418320001,
    0.05938678694967622,
    0.05919786006597049,
    0.05906466573263303,
    0.05887526676929811,
    0.058669095912949165,
    0.05849443746236735,
    0.05833517572244762,
    0.058156828943105934,
    0.05798787585944265,
    0.057838688630837985,
    0.05771005588110923,
    0.05760820626339822,
    0.05751419090892846,
    0.05741481595918187,
    0.05727888722154545,
    0.05713631831227335,
    0.057011937299884796,
    0.05693809323692487,
    0.05680491644650779,
    0.05661591621584765,
    0.05641998883822366,
    0.056266503449696824,
    0.05610422180118345,
    0.05598332776107853,
    0.0559443900385569,
    0.05587507313348917,
    0.05571641383418256,
    0.055559641836372624,
    0.05543085650138519,
    0.0552634577140869,
    0.0551322913458335,
    0.05499648332136294,
    0.054872520417826955,
    0.05480198717738564,
    0.05472291756908667,
    0.054599626850565054,
    0.054481343947995586,
    0.05437076956543384,
    0.054255465397895525,
    0.05421524231045094,
    0.054104919286660516,
    0.05395076345859743,
    0.053841442648466714,
    0.05375678907001227,
    0.05362718062254383,
    0.05353611259437888,
    0.05341663775735112,
    0.053343540580767713,
    0.05327575118492137,
    0.05318188957168906,
    0.05314420931058312,
    0.053102765759429134,
    0.05303993824170069,
    0.052944537852419635,
    0.05282711280964639,
    0.052700912515200656,
    0.05253628128633859,
    0.05242961488964955,
    0.052377287126977715,
    0.05231477560288765,
    0.05225958316338418,
    0.05217941017251343,
    0.05206909436601776,
    0.051946145757985694,
    0.05189373400472903,
    0.051780492551623196,
    0.05169361046095489,
    0.05165637522940204,
    0.05160283236149347,
    0.05153830187848116,
    0.0514757985928917,
    0.05145443155749863,
    0.051416810340755965,
    0.05136518521735303,
    0.05128328623477803,
    0.05117527373911225,
    0.05105271515814443,
    0.05093146147857596,
    0.05082971648314704,
    0.05077976513032248,
    0.050789302504746815,
    0.05075102890553955,
    0.050696829278837174,
    0.050663274297287314,
    0.05064075529406583,
    0.050580805099299006,
    0.050543599629561814,
    0.05052380336942293,
    0.05047321671720567,
    0.05037387795791939,
    0.05025609845191394,
    0.05016537291751641,
    0.05004836552914026,
    0.04993899222009007,
    0.049908417926435,
    0.04991434578142628,
    0.04988729637054128,
    0.04984248821915619,
    0.04980408217687103,
    0.04975739269210699,
    0.04970478093351092,
    0.04971504461694117,
    0.04974211503579993,
    0.04973004519903781,
    0.04971589332051671,
    0.04964287649724428,
    0.049633761659139825,
    0.04966483823193533,
    0.04962104841577616,
    0.049456017239039425,
    0.04929655300092972,
    0.04920792532864497,
    0.049209661926480096,
    0.049208750743940564,
    0.04915592697997925,
    0.04909532566144718,
    0.049035565588871476,
    0.04898288920534896,
    0.04892139133275256,
    0.048851964500010385,
    0.04870805632671703,
    0.04858849212350989,
    0.048510922926096656,
    0.04847440227511165,
    0.04842406680761146,
    0.04840874493966094,
    0.04839476520673809,
    0.048315991851907034,
    0.04825283236165001,
    0.048151271885418664,
    0.048129236737858544,
    0.04809577813550351,
    0.04807499442196608,
    0.04806268712809078,
    0.04805597936883045,
    0.04803959429381266,
    0.048055768222935294,
    0.04806456882644869,
    0.0480080425142423,
    0.04793350859893585,
    0.047907024096751724,
    0.047856604744382907,
    0.04773805062510573,
    0.04766907437644255,
    0.04760390819495352,
    0.04754438820861231,
    0.04749324074474062,
    0.0474697338287945,
    0.04743233131005202,
    0.0473594192949879,
    0.04731754986789772,
    0.047312799018791284,
    0.047300565697555724,
    0.047276121127941426,
    0.04723826179633054,
    0.04715713286899219,
    0.04706359915112975,
    0.0469891596010671,
    0.04692096164220916,
    0.046936910382665314,
    0.04691054328293138,
    0.04686670467967481,
    0.046751224867574874,
    0.0466533942623883,
    0.04661348054843833,
    0.04658808730999163,
    0.0465851509618175,
    0.04663705486921506,
    0.04669916878455457,
    0.046708897894498,
    0.046668684337768856,
    0.04667546640061868,
    0.04666327069309857,
    0.04664807662362763,
    0.046585953851101376,
    0.0465605183061789,
    0.04656392670419069,
    0.04650166296819773,
    0.04642509713818816,
    0.046357220161997024,
    0.046317241808376576,
    0.04625783505376659,
    0.04620362660080917,
    0.04614560431059686,
    0.04610694475148706
  ],