{
  "success": true,
  "x0": [
    0.38687015069028713,
    0.4453681664939505,
    0.16776168281576234,
    0.8083964857280017,
    0.3209991473923721,
    0.2645300177906877
  ],
  "x": [
    0.08228982912334834,
    0.8774477484152672,
    0.04026242246138453,
    377.3357134651118,
    2.793693201432602,
    0.2645300177906877
  ],
  "SSE": 0.011783819923398735,
  "exp_data": [
    1.0,
    0.7215797045325626,
    0.4939276109311037,
    0.3532054593637967,
    0.27125645113249247,
    0.2202876857343723,
    0.18716891118618884,
    0.16487545791589925,
    0.1493448553166881,
    0.1381197151129724,
    0.12943796202427957,
    0.12246661378869023,
    0.11665928251867928,
    0.11169020862572629,
    0.1074454053645912,
    0.10373104528398923,
    0.10046144838850049,
    0.09757069841836968,
    0.09498002289834899,
    0.09269589420743178,
    0.09066232477121654,
    0.08885883481003484,
    0.08717506930959162,
    0.08563475032401213,
    0.08421394938165,
    0.08289056537590839,
    0.0816685399238153,
    0.08053732708726541,
    0.07952391272701276,
    0.07857834977574156,
    0.07769858645491644,
    0.07685288328661649,
    0.07605239826672405,
    0.07529822793984461,
    0.07459498407262546,
    0.0739194498087169,
    0.0733169713646082,
    0.07272937683465801,
    0.07217392080440765,
    0.07166108455240644,
    0.07115325545605972,
    0.0706600444245171,
    0.07016960827232126,
    0.06972356082157664,
    0.06928274455404351,
    0.06885206033126919,
    0.06846533156017075,
    0.0681132858211472,
    0.06782661557627863,
    0.06749602817230627,
    0.06717342629796831,
    0.0668188734032707,
    0.06647382543800258,
    0.06615476429504538,
    0.0658895781066562,
    0.06562751772014108,
    0.06537823617992154,
    0.06515019554300645,
    0.06489581515148994,
    0.06465180683585757,
    0.06440639332361632,
    0.06414396304563255,
    0.06384222262158512,
    0.0635658470207449,
    0.06328222698214331,
    0.0630825752865243,
    0.06290793823399173,
    0.0627297246025395,
    0.06255487952186081,
    0.06234512110710244,
    0.062146634049833914,
    0.061947128733643456,
    0.061758986317611016,
    0.06154909950954575,
    0.06135289007581867,
    0.061162085341555227,
    0.06100660445771056,
    0.06087227982676258,
    0.060728713590804076,
    0.0606055435013648,
    0.06047767794411621,
    0.060294242264244256,
    0.060092194259384,
    0.05994228737251291,
    0.05980663860056201,
    0.05966816796033515,
    0.0595568653616273,
    0.05945541148552112,
    0.059345639585115226,
    0.05923217446485339,
    0.059112198998509134,
    0.05898315736515851,
    0.05887222331509092,
    0.058743615623310694,
    0.05859037240426769,
    0.05845829355375786,
    0.05837496521725182,
    0.05827910782362709,
    0.05815194638703768,
    0.05805731192208237,
    0.05793925565430056,
    0.05782109411799813,
    0.0577071043250876,
    0.05758763754369487,
    0.057446829387958684,
    0.05733342271674726,
    0.05725490899794487,
    0.05722464644675209,
    0.057171060032522196,
    0.057092788678101566,
    0.05696887004639255,
    0.056855781906899286,
    0.05678126622479313,
    0.05667149484573714,
    0.05654818724171856,
    0.05642727444393776,
    0.05631642834564906,
    0.05623298130254318,
    0.05615209285713756,
    0.05606889639921988,
    0.055994842374101905,
    0.055937531430466265,
    0.05590004027307895,
    0.055872235164859174,
    0.05583616648207657,
    0.05580420347209341,
    0.05577020473454873,
    0.05574824940098677,
    0.055715862177771254,
    0.05568356907817674,
    0.05560677467542682,
    0.05553804593777596,
    0.05543152829558061,
    0.05534849764758939,
    0.055259083934016046,
    0.05518415935700129,
    0.05508170463157725,
    0.054935909545317206,
    0.054772703507704676,
    0.054615957201932394,
    0.054503832147839625,
    0.05445662465589524,
    0.05442321406548733,
    0.054404294624197436,
    0.05436762094579725,
    0.054314654958744324,
    0.0542451646294739,
    0.05417386978098258,
    0.054142804372313356,
    0.054082963508787454,
    0.05398970612557505,
    0.0538975193612303,
    0.0537792164349114,
    0.05370128840157186,
    0.05362518290943351,
    0.05357550824274243,
    0.05351182466293297,
    0.05340740670352704,
    0.053277998871023566,
    0.053149166633301735,
    0.05308047154391077,
    0.05302834863253407,
    0.05296237764397154,
    0.05287495582492729,
    0.05278883274099585,
    0.05270351766837653,
    0.05268114580239303,
    0.05268475608975392,
    0.05265718839784219,
    0.05259010289323802,
    0.05252144030260063,
    0.05243140356546415,
    0.052377871887484995,
    0.05232782694139789,
    0.05230752596574275,
    0.05225061807869195,
    0.05214697063069922,
    0.05205010987582031,
    0.05195638827184083,
    0.05188161974966845,
    0.051811368040291066,
    0.051741539788361136,
    0.05166542310518137,
    0.05159738619163567,
    0.051574195970454546,
    0.051531354333045565,
    0.051508468910893536,
    0.05150179473933242,
    0.05149784425118428,
    0.05149753375910857,
    0.05146741511931066,
    0.05142088606268353,
    0.05140450469474942,
    0.05138063165652452,
    0.05134638666908159,
    0.05130554316167382,
    0.05130109585484365,
    0.051288775602883314,
    0.05128141831545256,
    0.05126401613799665,
    0.05121036210950227,
    0.05114074926421355,
    0.05109049919449791,
    0.051058703885170476,
    0.051002572838879594,
    0.050931140006240966,
    0.050867635019601905,
    0.050826209940359926,
    0.050761120639602565,
    0.05069401647879672,
    0.05061963047328826,
    0.05056681330443489,
    0.050498790707233766,
    0.050456648594949326,
    0.05037317082249832,
    0.05026747157606512,
    0.05013894769247454,
    0.0500311413000945,
    0.04993027385550787,
    0.049902255203446565,
    0.04987812689154114,
    0.0498672800143021,
    0.049826613175397313,
    0.0497797926635187,
    0.049766451981065926,
    0.049721727784244434,
    0.04968584452416003,
    0.04960363068771172,
    0.04953839115833403,
    0.0495072929995277,
    0.049487505674839054,
    0.04945071397787332,
    0.04940773495094275,
    0.04935853383210516,
    0.04930801540378662,
    0.0492204544086449,
    0.04910771222951361,
    0.04903431399186015,
    0.04896041891619613,
    0.048866508496349305,
    0.04878913299435916,
    0.04877136784381681,
    0.04870568888908256,
    0.048639794028464585,
    0.04858694038888842,
    0.04854978544590024,
    0.04850521555134408,
    0.04846563816794646,
    0.04842921905143341,
    0.04837403000864963
  ],