{
  "x0": [
    0.3965298853510794,
    0.4173633511420056,
    0.18610676350691502,
    0.9057518314547873,
    0.19425128419874174,
    0.8127467054508533
  ],
  "x": [
    0.11226480791023886,
    0.8914984722057123,
    0.0,
    237.08531387303552,
    9.457908858363195,
    0.8127467054508533
  ],
  "SSE": 0.013876021048962732,
  "exp_data": [
    1.0,
    0.9225079882312169,
    0.8461201567085422,
    0.7724961176108889,
    0.7029353308260385,
    0.6381774933754426,
    0.5787753510768117,
    0.5251249933539897,
    0.47748520154570256,
    0.4357949663813084,
    0.3996932164553122,
    0.36850830424658326,
    0.34152735982405663,
    0.3180719616154529,
    0.2975680106672236,
    0.27954133834045625,
    0.2635983370395219,
    0.2494339355817466,
    0.2367644855456803,
    0.22536376201020242,
    0.2150806459045817,
    0.20577104808494123,
    0.1973106523519527,
    0.18959861899606814,
    0.1825665712708506,
    0.1761291143889774,
    0.17021349409697617,
    0.16475742956048406,
    0.1597185179265615,
    0.1550378916334216,
    0.15067552149643493,
    0.1465984418202076,
    0.14278859138706274,
    0.1392250712099202,
    0.13589394649666942,
    0.1327730569392516,
    0.12986642806648935,
    0.12714021459103644,
    0.12456857320710964,
    0.12216283224500096,
    0.1198979531135482,
    0.11776455995520141,
    0.11574292568777177,
    0.1138119603499037,
    0.11196083768390046,
    0.11018613928290477,
    0.10849160603350542,
    0.10688598035633926,
    0.1053526190854241,
    0.1038824023155079,
    0.10246970229314317,
    0.10110614464108396,
    0.09978917989532059,
    0.09851023578817558,
    0.09726057544138955,
    0.0960528031231311,
    0.09488740975242492,
    0.0937599388548138,
    0.09266800099433349,
    0.0916102251143063,
    0.09057548627736733,
    0.08957260926706175,
    0.08860161419898342,
    0.08765523159865045,
    0.08673270223149623,
    0.08584198465886773,
    0.08498313037913814,
    0.08414889795131031,
    0.0833411425031445,
    0.08255866484481283,
    0.08179999125497646,
    0.08106948144377013,
    0.08035525701305653,
    0.07965759916746915,
    0.07897288263678487,
    0.07829706695446072,
    0.07761274766785668,
    0.07692815247151731,
    0.0762301748861084,
    0.07552568632973775,
    0.07482589621043383,
    0.07413256805901985,
    0.07344886958601,
    0.07277470766723426,
    0.07212368904405822,
    0.07147917108916207,
    0.07084266077311399,
    0.07020782867089015,
    0.06957702409621205,
    0.06895749410716748,
    0.06834683436677272,
    0.06774957052186534,
    0.0671582497068929,
    0.0665905843760866,
    0.06604830682647554,
    0.06552235111616385,
    0.06501821277180758,
    0.0645364471778629,
    0.06408391143210616,
    0.06365014905994552,
    0.06323313103190506,
    0.06283132725264001,
    0.06244545263462365,
    0.062080604977916856,
    0.061749210206933455,
    0.0614383556485471,
    0.0611427480460903,
    0.060868120556099005,
    0.06061256455245825,
    0.06037837521439863,
    0.0601532762789148,
    0.05994909330842419,
    0.059765373082077834,
    0.059590922840092986,
    0.059427363888187264,
    0.05926943912944213,
    0.059112952519106365,
    0.05897396363488894,
    0.05884290826884256,
    0.05872747806628959,
    0.058619204191146745,
    0.058515520235152364,
    0.05842784504141491,
    0.05834946861093864,
    0.05828411306892702,
    0.058235333511830266,
    0.05818798756316025,
    0.05815019468842963,
    0.05811199796449852,
    0.058070740899232594,
    0.05803564769632415,
    0.05799542964324228,
    0.05795647367181097,
    0.057918100419368665,
    0.05788284738012392,
    0.05784268240706973,
    0.05780816579898792,
    0.05777051481706186,
    0.05772959658311969,
    0.05767836333459801,
    0.05762197113326924,
    0.05756079720726171,
    0.057488140739751524,
    0.057399813526467766,
    0.05730161984367227,
    0.05718842832723723,
    0.05706861948453782,
    0.056947080955338195,
    0.056805240404411886,
    0.056656400246248156,
    0.05651076720185916,
    0.05637304910297844,
    0.056241541033502575,
    0.05611206977667162,
    0.05597236636289002,
    0.05581779268336329,
    0.055650581501232324,
    0.05547310122041357,
    0.05529128747136004,
    0.05511236517523606,
    0.054942498943347934,
    0.05478334130450999,
    0.054638562852971244,
    0.05450248928131558,
    0.05437825814981498,
    0.05427448689548652,
    0.05419004353200611,
    0.05412962562274338,
    0.05409137775776354,
    0.05406284388637224,
    0.05404034319336225,
    0.05401502688859778,
    0.05398374720208494,
    0.053941263439308426,
    0.05388458330527806,
    0.053806173362970076,
    0.05371261303050557,
    0.053616307528906074,
    0.05352069846091024,
    0.05342484237945943,
    0.05332788171720205,
    0.0532371664388587,
    0.05316176875413099,
    0.05310067302578824,
    0.053058887205460245,
    0.053035115939421465,
    0.05302212072971936,
    0.053022247309265344,
    0.05301848572916977,
    0.0530041758190508,
    0.052989215729803384,
    0.052974990732373065,
    0.052963876178426204,
    0.05295092992954177,
    0.05293759387928988,
    0.052922805486945786,
    0.052913231111557255,
    0.052904170780078495,
    0.05289689771149146,
    0.05289046492804121,
    0.05288935606381856,
    0.05288529686618965,
    0.052869909269744476,
    0.052841713770508295,
    0.052796300202916285,
    0.05274176918168261,
    0.05267706031796031,
    0.05260320880406808,
    0.052523455363035126,
    0.052437413579449,
    0.05233940819058981,
    0.05222477841543045,
    0.05209293682386989,
    0.05193624480778433,
    0.051751055112391135,
    0.05153984806199225,
    0.051317626052575095,
    0.051083015110634386,
    0.05083524887268258,
    0.05058534842438627,
    0.05035682645229438,
    0.05015414478229783,
    0.049980436843294396,
    0.0498330788205115,
    0.04970985840259737,
    0.049613623789810914,
    0.049532366530074104,
    0.04945893952241049,
    0.04938757851757506,
    0.049312915115171135,
    0.04922310565245146,
    0.04912020046845795,
    0.04901814611426537,
    0.04891452672175225,
    0.04879771114696865,
    0.04868121511751818,
    0.04856249088264498,
    0.04846266515148048,
    0.04836654165361652,
    0.04826742759269547,
    0.048171909854764855,
    0.048077595564728515,
    0.0479859060481824,
    0.04789285894178367,
    0.047803988643056204,
    0.04772404200562613,
    0.047655868833634964,
    0.04760046763834079,
    0.0475460637449618,
    0.047491472556311885
  ],