{
  "x0": [
    0.49687365463443944,
    0.10067170433458378,
    0.4024546410309767,
    0.49806644933565947,
    0.16656890142384836,
    0.44972314994021684
  ],
  "x": [
    0.22489719120561244,
    0.7887496939590694,
    3.3154034325266717e-18,
    16.53442356290185,
    6.758655459749438,
    0.44972314994021684
  ],
  "SSE": 0.0005250991151367747,
  "exp_data": [
    1.0,
    0.8972255076774909,
    0.7962102793784155,
    0.7014810233907017,
    0.6168043704620116,
    0.5429004361278513,
    0.47910564863770727,
    0.42408864943065255,
    0.3764468114648189,
    0.33505645109880805,
    0.29901355006250335,
    0.2675379454351921,
    0.23998125268447107,
    0.21580834794735165,
    0.19454491425850542,
    0.17577453809285146,
    0.15916364698628066,
    0.14442099457199709,
    0.13129370523557343,
    0.11958794106644316,
    0.10912496736639474,
    0.09975227012016875,
    0.09132601080658204,
    0.08373238135994354,
    0.07687908786854272,
    0.0706844665030438,
    0.06506658477819914,
    0.05996500386081522,
    0.05532058766466926,
    0.0510781918622241,
    0.04719922005867525,
    0.0436467252356018,
    0.04038984849220063,
    0.037399374403730604,
    0.0346532860592249,
    0.03212785679075557,
    0.029805188141601317,
    0.027666477655819192,
    0.02569177008131429,
    0.02387313306954136,
    0.02219809641989612,
    0.020656224571840562,
    0.01923383706717375,
    0.017913315939022893,
    0.016689683780478453,
    0.015553320539468465,
    0.014497157735743213,
    0.013513770706097352,
    0.012600027539243148,
    0.011751471001173795,
    0.010959918006844887,
    0.010218893350878085,
    0.009528467475452874,
    0.008885426923709127,
    0.008285457347185742,
    0.007723105935026861,
    0.007194604173327138,
    0.00669775331369767,
    0.00623146618535277,
    0.0057926689695254364,
    0.005378163864922871,
    0.0049859420563133335,
    0.004615817130199491,
    0.004268166145024711,
    0.003942536102015383,
    0.003639917547359382,
    0.003358678344404277,
    0.003097525063610918,
    0.0028543379673302205,
    0.002628234519392881,
    0.0024185018289804862,
    0.002222207641599414,
    0.0020394798831966003,
    0.0018699869755882702,
    0.0017134751624620324,
    0.0015690373616005738,
    0.0014348225672414624,
    0.0013108521008714912,
    0.0011959501764933981,
    0.0010894307296051887,
    0.0009906683560464815,
    0.0008987782565698765,
    0.0008129033870261681,
    0.0007325358383951652,
    0.0006585641884474295,
    0.0005909797805294421,
    0.0005299673518353274,
    0.00047509924646588875,
    0.00042528316631993383,
    0.00038027893028010567,
    0.0003399261676606762,
    0.00030323652918924643,
    0.00026955780017745,
    0.00023911254739574216,
    0.00021166861067347843,
    0.000186878576810285,
    0.0001648502695860616,
    0.00014497306713791527,
    0.00012758223382719114,
    0.00011239221818483812,
    9.885361228271744e-05,
    8.652921396779692e-05,
    7.507828700446939e-05,
    6.470168162547845e-05,
    5.5815552157204785e-05,
    4.822746364074515e-05,
    4.159528003307274e-05,
    3.550895320931352e-05,
    2.9937415870705353e-05,
    2.471673630504293e-05,
    2.0064169236771898e-05,
    1.594861386228016e-05,
    1.222225053548723e-05,
    8.919908285504004e-06,
    6.427166086461103e-06,
    4.7304027458964986e-06,
    3.430987514926727e-06,
    2.5974743966086173e-06,
    1.946402149864052e-06,
    1.428069129332126e-06,
    1.0093411672927877e-06,
    6.569139561363253e-07,
    3.7104315368271017e-07,
    1.519857356688633e-07,
    1.6909065771602063e-08,
    0.0,
    0.0,
    0.0,
    0.0,
    0.0,
    0.0,
    0.0,
    0.0,
    0.0,
    0.0,
    0.0,
    0.0,
    0.0,
    0.0,
    0.0,
    0.0,
    0.0,
    0.0,
    0.0,
    0.0,
    0.0,
    0.0,
    0.0,
    0.0,
    0.0,
    0.0,
    0.0,
    0.0,
    0.0,
    0.0,
    0.0,
    0.0,
    0.0,
    0.0,
    0.0,
    0.0,
    0.0,
    0.0,
    0.0,
    0.0,
    0.0,
    0.0,
    0.0,
    0.0,
    0.0,
    0.0,
    0.0,
    0.0,
    0.0,
    0.0,
    0.0,
    0.0,
    0.0,
    0.0,
    0.0,
    0.0,
    0.0,
    0.0,
    0.0,
    0.0,
    0.0,
    0.0,
    0.0,
    0.0,
    0.0,
    0.0,
    0.0,
    0.0,
    0.0,
    0.0,
    0.0,
    0.0,
    0.0,
    0.0,
    0.0,
    0.0,
    0.0,
    0.0,
    0.0,
    0.0,
    0.0,
    0.0,
    0.0,
    0.0,
    0.0,
    0.0,
    0.0,
    0.0,
    0.0,
    0.0,
    0.0,
    0.0,
    0.0,
    0.0,
    0.0,
    0.0,
    0.0,
    0.0,
    0.0,
    0.0,
    0.0,
    0.0,
    0.0,
    0.0,
    0.0,
    0.0,
    0.0,
    0.0,
    0.0,
    0.0,
    0.0,
    0.0,
    0.0,
    0.0,
    0.0,
    0.0,
    0.0,
    0.0,
    0.0,
    0.0,
    0.0,
    0.0,
    0.0,
    0.0,
    0.0
  ],