{
  "x0": [
    0.4277002015644387,
    0.27088612707608434,
    0.30141367135947694,
    0.5802163606075883,
    0.34763323563227033,
    0.3547908589669692
  ],
  "x": [
    0.19747370310531911,
    0.8130546325284712,
    0.0,
    20.177099536235257,
    7.057989602324344,
    0.3547908589669692
  ],
  "SSE": 0.0003506334988716895,
  "exp_data": [
    1.0,
    0.8991910519614812,
    0.8001580925580831,
    0.7074716387582869,
    0.6248381595285808,
    0.5528941756459655,
    0.49085803671508366,
    0.43737192054184315,
    0.3909962177189164,
    0.35056221746135363,
    0.315146826397546,
    0.2840414785013651,
    0.2566172229028106,
    0.23236694824959378,
    0.21086451414108714,
    0.1917546224842982,
    0.17473358056264274,
    0.15954335202587863,
    0.14595638835670868,
    0.13375965702450923,
    0.12277430174024238,
    0.11285543381306451,
    0.10388875380747907,
    0.09577718557690988,
    0.08841946500288293,
    0.08173042054745469,
    0.07563857314413014,
    0.07008108929404132,
    0.0650026117902398,
    0.06035911402833548,
    0.05611701495200375,
    0.052234697010803306,
    0.04869039582577316,
    0.04544776308371622,
    0.04248455555075116,
    0.03976947725346882,
    0.037279774205760625,
    0.03499492844130288,
    0.03289049081798113,
    0.03095323699183231,
    0.029165059745756346,
    0.027508959014084372,
    0.02597157168742422,
    0.02454293254659648,
    0.023215865630168284,
    0.02198076731853961,
    0.02082649863650107,
    0.019746560095158554,
    0.01873628518179612,
    0.017790014062347786,
    0.016902307259954796,
    0.016068286966346563,
    0.01527966369219206,
    0.014534243497598897,
    0.013827681693485357,
    0.013159805672120843,
    0.012526042284796918,
    0.011925765800803147,
    0.011359204617714672,
    0.0108235457939012,
    0.01031549437008562,
    0.009833632042321828,
    0.00937783335380155,
    0.008945542352758627,
    0.008536529486993,
    0.008148725532295276,
    0.007777943099936416,
    0.007425330381505699,
    0.007089691216339307,
    0.006770139484760345,
    0.006466353919126549,
    0.006177426064616479,
    0.005902094440567774,
    0.00564045596717108,
    0.00538949447307387,
    0.005149010212106005,
    0.00491859545552233,
    0.004698526059996068,
    0.004490196621722529,
    0.00429197190218507,
    0.004102512719349011,
    0.003921082159564147,
    0.0037482550573855887,
    0.0035829227083753593,
    0.0034246624214495426,
    0.0032731782303290916,
    0.003126963736910735,
    0.0029865548514295954,
    0.0028516983133236853,
    0.002721848384999799,
    0.0025974285920234816,
    0.0024789618699915072,
    0.0023660805762894593,
    0.0022579112008189865,
    0.002154275925381928,
    0.0020554035461988634,
    0.0019609038304460734,
    0.0018704009419397538,
    0.0017835335308967887,
    0.0017007083649533293,
    0.0016217929863827836,
    0.001547031987743593,
    0.0014752406552161264,
    0.0014059691880649134,
    0.0013394743464943115,
    0.0012764928261338622,
    0.0012165751808612835,
    0.0011596171755919686,
    0.0011050170247443722,
    0.0010522694300524548,
    0.0010013980359527953,
    0.0009524266067497073,
    0.0009054955883524418,
    0.0008601125769199949,
    0.0008164170323790572,
    0.0007743819732391188,
    0.0007342982743142529,
    0.0006961398962810851,
    0.0006601491358877946,
    0.0006265863316469336,
    0.0005950907300924182,
    0.0005664451137983804,
    0.000539732864539412,
    0.0005142015183761633,
    0.0004899401859847065,
    0.0004666998202845099,
    0.00044417922885850756,
    0.00042219448354778046,
    0.00040069667662545215,
    0.0003795004968425352,
    0.0003587604867956127,
    0.00033830779623202545,
    0.00031816063269734526,
    0.00029830308373353473,
    0.0002788048028466882,
    0.0002600616995954108,
    0.00024205956468380745,
    0.00022533442353294268,
    0.00021023569830138942,
    0.0001968387700507062,
    0.0001846324050112263,
    0.00017317182634051285,
    0.0001624599856974447,
    0.00015267318501992086,
    0.00014371095672700994,
    0.00013547230095875852,
    0.00012790788934852486,
    0.00012054991842168586,
    0.0001136958399324987,
    0.0001072952509146005,
    0.00010131497483242981,
    9.566910215578621e-05,
    9.021863787125097e-05,
    8.494680124202697e-05,
    7.973118722301418e-05,
    7.453679688541306e-05,
    6.964589720903576e-05,
    6.50243934464511e-05,
    6.063800704864108e-05,
    5.650539764814168e-05,
    5.2521204055580485e-05,
    4.859725045502223e-05,
    4.5000477559632636e-05,
    4.178562871881666e-05,
    3.875815228320117e-05,
    3.6008074499579816e-05,
    3.348289930714741e-05,
    3.129095319778415e-05,
    2.9200570911607924e-05,
    2.7230119244259864e-05,
    2.534414192212522e-05,
    2.37409780540658e-05,
    2.2259577536280845e-05,
    2.086434534719741e-05,
    1.9501416746938752e-05,
    1.813472834431632e-05,
    1.6800511618071532e-05,
    1.555334709322159e-05,
    1.4320901552704624e-05,
    1.315783305756791e-05,
    1.2009758032728303e-05,
    1.0913238159956072e-05,
    9.813663915809784e-06,
    8.747623453059337e-06,
    7.678605223920354e-06,
    6.735058337340962e-06,
    5.899132622187025e-06,
    5.060862095767583e-06,
    4.2939528045915934e-06,
    3.5617960470131113e-06,
    2.919981349517157e-06,
    2.368890977103417e-06,
    1.871843153882448e-06,
    1.4661858266251945e-06,
    1.0965505324095224e-06,
    8.37538416114184e-07,
    6.523440780513702e-07,
    5.039527025928453e-07,
    3.5513855850799843e-07,
    2.4333617333433375e-07,
    1.312143516630355e-07,
    3.7543448059192493e-08,
    0.0,
    0.0,
    0.0,
    0.0,
    0.0,
    0.0,
    0.0,
    0.0,
    0.0,
    0.0,
    0.0,
    0.0,
    0.0,
    0.0,
    0.0,
    0.0,
    0.0,
    0.0,
    0.0,
    0.0,
    0.0,
    0.0,
    0.0,
    0.0,
    0.0,
    0.0,
    0.0,
    0.0,
    0.0,
    0.0,
    0.0,
    0.0,
    0.0,
    0.0,
    0.0,
    0.0,
    0.0,
    0.0,
    0.0,
    0.0,
    0.0,
    0.0,
    0.0,
    0.0,
    0.0,
    0.0,
    0.0,
    0.0
  ],