{
  "x0": [
    0.36745382137969823,
    0.28762711578942024,
    0.34491906283088153,
    0.5187330164600223,
    0.5187330164600223,
    0.8813981318539288
  ],
  "x": [
    0.09328526482882457,
    0.9280030270808767,
    0.0,
    25.826095875767084,
    9.439307317923552,
    0.8813981318539288
  ],
  "SSE": 0.0014037927273399498,
  "exp_data": [
    1.0,
    0.9225079882312169,
    0.8457289830546577,
    0.7712285460137845,
    0.7003053617400977,
    0.6337410261851182,
    0.5721076218720058,
    0.515781723355137,
    0.46498496040909343,
    0.4196439523393173,
    0.37943802554847345,
    0.343809246749406,
    0.31219483477218146,
    0.2840661573020684,
    0.2589516565536688,
    0.23646463036763155,
    0.2162791168939635,
    0.1981163889566409,
    0.18172185019726833,
    0.16688447438731588,
    0.15343887209373122,
    0.14123736680449187,
    0.13014504449524913,
    0.12004509291966119,
    0.11084473168607711,
    0.10244939163465504,
    0.09477183255904045,
    0.08774712528120525,
    0.08130998259278832,
    0.07540429321412381,
    0.06998159090797619,
    0.06500372577405752,
    0.060433445403204396,
    0.05623328011527077,
    0.05237189029744792,
    0.048816608209302406,
    0.04554529122378983,
    0.04252768134092952,
    0.03973984953747625,
    0.03716092549219354,
    0.034772184662545544,
    0.032558130041812565,
    0.03050594512479513,
    0.02860088565703911,
    0.026830207870923467,
    0.025184315840796296,
    0.023652278062248455,
    0.02222883413036755,
    0.020904448337740626,
    0.019674427928920643,
    0.018531603584675187,
    0.017466438478132458,
    0.016471486125280915,
    0.015542905415582687,
    0.014675890969008187,
    0.013864620845326962,
    0.013103960661484356,
    0.012392440616402423,
    0.01172531135960396,
    0.011099033523940347,
    0.010510004025864318,
    0.009956588804395707,
    0.00943680152192264,
    0.0089486149946885,
    0.0084886425267874,
    0.008054125484654921,
    0.007643471989050751,
    0.0072554920692545054,
    0.0068893369945604785,
    0.006542796014587512,
    0.006215465754913654,
    0.005906355257761314,
    0.005614389542400623,
    0.005338171102553418,
    0.005076152694727358,
    0.0048277020502938495,
    0.004590750664898239,
    0.004364559228035153,
    0.004148336943130445,
    0.00394248783023764,
    0.0037458497087209906,
    0.0035588568506853013,
    0.0033802453191377905,
    0.0032085040812789697,
    0.0030426292633699645,
    0.002882513660232395,
    0.0027286782081479485,
    0.002581727104066368,
    0.0024409747690434633,
    0.002307253099583227,
    0.0021797133728428167,
    0.002058086565330512,
    0.0019424108703539065,
    0.0018318629158053058,
    0.0017264617875655977,
    0.0016262429662749817,
    0.0015308504244590977,
    0.0014394851671990893,
    0.0013528494166034839,
    0.0012704203027088345,
    0.0011932961188045944,
    0.0011205114439637057,
    0.0010509315890450336,
    0.0009853588669051937,
    0.0009229676848378363,
    0.0008648263654489636,
    0.0008102899366723704,
    0.0007587929059998012,
    0.0007102805164297195,
    0.0006647143224711242,
    0.0006216736675074325,
    0.0005817335900839172,
    0.0005448226365931737,
    0.000510268772130063,
    0.0004782980144093158,
    0.00044823491181122206,
    0.0004200198179378243,
    0.00039362629748378414,
    0.0003684572827434627,
    0.0003449542984684954,
    0.00032302281835277943,
    0.0003024667670308838,
    0.00028305532984140505,
    0.0002648773626634928,
    0.0002477685434073128,
    0.00023159756363787452,
    0.0002162154835636544,
    0.00020148956737333279,
    0.0001873373815384119,
    0.00017371010230351902,
    0.00016066089723577873,
    0.00014839677731526052,
    0.00013690372407938045,
    0.00012599657118199408,
    0.00011583178157135108,
    0.0001063093532578818,
    9.736310998921596e-05,
    8.890933142593495e-05,
    8.082941828340488e-05,
    7.3124844409407e-05,
    6.569350112837928e-05,
    5.865748295655474e-05,
    5.205297570472679e-05,
    4.614169147588562e-05,
    4.0666035218427736e-05,
    3.552346159795783e-05,
    3.083711291507146e-05,
    2.6504253529228687e-05,
    2.2630985941080563e-05,
    1.9271561921261247e-05,
    1.6375551103489376e-05,
    1.3909772406452844e-05,
    1.1840867307264856e-05,
    1.0135298659589996e-05,
    8.812116655338011e-06,
    7.679121796348388e-06,
    6.66653561568063e-06,
    5.845484581867537e-06,
    5.1106398476438095e-06,
    4.586304603938373e-06,
    4.184673922153559e-06,
    3.7997119467853496e-06,
    3.467045881025499e-06,
    3.1334770580978375e-06,
    2.7990017974004343e-06,
    2.463616401325977e-06,
    2.1273171478219197e-06,
    1.790100297830336e-06,
    1.469887547113607e-06,
    1.1487987026020597e-06,
    8.268301623436449e-07,
    5.399767560861373e-07,
    3.7850293773479544e-07,
    3.068286079376111e-07,
    2.891776346362035e-07,
    2.7147796961769596e-07,
    2.537294098803649e-07,
    2.3593175242248672e-07,
    2.1808479530517388e-07,
    2.0018833127535776e-07,
    1.8224215520564224e-07,
    1.6424605878012237e-07,
    1.461998347457295e-07,
    1.2810327266088626e-07,
    1.0995616102117892e-07,
    9.17582883221939e-08,
    7.350944093384498e-08,
    5.5209404163209794e-08,
    3.685796438020217e-08,
    1.8454901577718455e-08,
    0.0,
    0.0,
    0.0,
    0.0,
    0.0,
    0.0,
    0.0,
    0.0,
    0.0,
    0.0,
    0.0,
    0.0,
    0.0,
    0.0,
    0.0,
    0.0,
    0.0,
    0.0,
    0.0,
    0.0,
    0.0,
    0.0,
    0.0,
    0.0,
    0.0,
    0.0,
    0.0,
    0.0,
    0.0,
    0.0,
    0.0,
    0.0,
    0.0,
    0.0,
    0.0,
    0.0,
    0.0,
    0.0,
    0.0,
    0.0,
    0.0,
    0.0,
    0.0,
    0.0,
    0.0,
    0.0,
    0.0,
    0.0,
    0.0,
    0.0,
    0.0,
    0.0,
    0.0,
    0.0,
    0.0,
    0.0,
    0.0,
    0.0,
    0.0,
    0.0
  ],