{
  "x0": [
    0.18303332875869904,
    0.10635557563403002,
    0.7106110956072709,
    0.7709884158336281,
    0.5780514693858759,
    0.9755774816476476
  ],
  "x": [
    0.18316295898629592,
    0.8297251568854204,
    2.8671182187928335e-19,
    29.894220850898588,
    6.111980226293801,
    0.9755774816476476
  ],
  "SSE": 0.0018930608178390907,
  "exp_data": [
    1.0,
    0.8887210527183732,
    0.780362893992027,
    0.6802703313968802,
    0.5927749239441114,
    0.5185513799578004,
    0.4564669470608469,
    0.4045754721475344,
    0.36073473807942624,
    0.3232571047984909,
    0.29095185406387,
    0.26299275473974804,
    0.23870650538978386,
    0.21755050649158575,
    0.19906023853930663,
    0.18285348380192604,
    0.16861869979696176,
    0.15606284651001728,
    0.14497277827725857,
    0.13513729168817945,
    0.1263518769129791,
    0.11849068256079197,
    0.11140067448378092,
    0.10496609002427147,
    0.09909130605737416,
    0.09368903562596258,
    0.08871434892723759,
    0.08415338493854559,
    0.0799151802518908,
    0.07599414489620472,
    0.0723461384903915,
    0.06898873795445211,
    0.06593608027312013,
    0.06317934659004025,
    0.06069890613618286,
    0.05844868109817728,
    0.056356714426712085,
    0.054349926723952474,
    0.05240940855560312,
    0.05051271401364474,
    0.04869494337472989,
    0.046954618655506666,
    0.04527654730071372,
    0.04367174702320934,
    0.04214108376380404,
    0.040709940583142847,
    0.039345729887698785,
    0.03802742770051334,
    0.03677637800042985,
    0.03557961016323996,
    0.034447079843721314,
    0.0333923210914817,
    0.032406863849278364,
    0.031482351965181635,
    0.030629308299206674,
    0.02980489387241952,
    0.028993696538189617,
    0.02818375328103052,
    0.0273997020730907,
    0.026671585415634972,
    0.025984532583578898,
    0.025318094841471114,
    0.024674990484903337,
    0.02403694261703632,
    0.023383057350062787,
    0.022720233680462654,
    0.022049533587818648,
    0.021375240935937432,
    0.02069965815782235,
    0.020031042356131436,
    0.01937660847262702,
    0.018737613391851465,
    0.018125710927375745,
    0.01755956438806981,
    0.01702536425866087,
    0.016488675247357403,
    0.015960210837959506,
    0.01544871266500207,
    0.014956691927993647,
    0.014462943336873065,
    0.013979719170473014,
    0.013523823602972978,
    0.013090027091641006,
    0.012711421343051576,
    0.012382688928634736,
    0.012096282587154656,
    0.011822606930261142,
    0.011554725150847078,
    0.011270111782322668,
    0.011002852698409945,
    0.01072216613934221,
    0.010408057408993532,
    0.010075585755049686,
    0.00974187732231341,
    0.009432661267087528,
    0.00916364663844627,
    0.008910825051369562,
    0.008642258229185113,
    0.008337732168279977,
    0.008024019214729792,
    0.0076936979628939,
    0.007355588744932154,
    0.007010424610411492,
    0.006663376605284318,
    0.0062902729927164355,
    0.005898212014323482,
    0.005517239745059219,
    0.005167855047743761,
    0.004842277085864095,
    0.004542006119264707,
    0.004255715880554727,
    0.003998145688172794,
    0.003768228498633372,
    0.0035481622890720893,
    0.0033271491314876825,
    0.0030978233613558155,
    0.002888567377066561,
    0.002709521188584543,
    0.0025286464514657748,
    0.002343617923994962,
    0.0021551809803482974,
    0.001955290164191276,
    0.001731353278450858,
    0.0014586524344027561,
    0.0011391082835376458,
    0.0008131140164785565,
    0.0004693604109081687,
    0.00013101326383214306,
    -0.0002071034752314546,
    -0.0005272546575148786,
    -0.0008552161643029847,
    -0.001164931791742827,
    -0.0014738320388418197,
    -0.001770432088142441,
    -0.002061264067233336,
    -0.0023329382151782937,
    -0.002572335918952715,
    -0.0027723064674028694,
    -0.002929159115996061,
    -0.0030278399649805677,
    -0.0030924757567969705,
    -0.003131156828517479,
    -0.0031834305454235385,
    -0.0032537323969193707,
    -0.0033196795425405323,
    -0.0033911154625183453,
    -0.003483218565223246,
    -0.0035885116940702227,
    -0.003714771104825804,
    -0.003856391008470459,
    -0.004012602418070438,
    -0.0041543599608247295,
    -0.00426750872034092,
    -0.004325641152364983,
    -0.004322342355040977,
    -0.004272257459541306,
    -0.004199201911070118,
    -0.004118522404519647,
    -0.0040274747631236915,
    -0.0039197815615039,
    -0.0038054555553844664,
    -0.00369313291401184,
    -0.0036196407598059963,
    -0.003582641229640729,
    -0.00358505790178819,
    -0.003609828240041217,
    -0.0036553268130836035,
    -0.0037273886744005275,
    -0.003821353976478846,
    -0.003891145381263544,
    -0.0039069212790446735,
    -0.0038670884489023383,
    -0.0037973023175485957,
    -0.0037317670939380383,
    -0.003644285093454029,
    -0.0035338664809793805,
    -0.0034263437784329775,
    -0.003340640632019805,
    -0.00325584357222353,
    -0.003144414243527351,
    -0.003006221561164899,
    -0.002855497066440558,
    -0.002722044460862552,
    -0.002591613395873154,
    -0.0024569744190193793,
    -0.0023214929035215636,
    -0.00217686832322456,
    -0.0020251545995728544,
    -0.0018520207246130861,
    -0.0016837983150494037,
    -0.0015279134386284204,
    -0.001384888168379092,
    -0.0012682996958213596,
    -0.0011642061991564234,
    -0.001075143197027492,
    -0.0009890325539170367,
    -0.0009180873416297801,
    -0.0008845003823992355,
    -0.0008669732156475585,
    -0.0008433626707824654,
    -0.0008016000776158152,
    -0.0007427472047250261,
    -0.000688000412952901,
    -0.000654854037358491,
    -0.0006284799340725014,
    -0.0006145759822847182,
    -0.000572874008506493,
    -0.0005435294350554553,
    -0.0005270353846579172,
    -0.0005060078866928851,
    -0.0005001593632414072,
    -0.0005164091093653295,
    -0.0005674429701358173,
    -0.0006460758538713894,
    -0.0007625631907588938,
    -0.000896475678799439,
    -0.0010290009593385359,
    -0.0011534952196777784,
    -0.0012462853871265285,
    -0.0013163136816995798,
    -0.0013521053066147474,
    -0.0013529970344627435,
    -0.0013416716630628395,
    -0.0013397479054252188,
    -0.0013286693968643571,
    -0.0013327718639552127,
    -0.0013735483561551547,
    -0.0014447057895849368,
    -0.0015154283838993729,
    -0.0015444201225598172,
    -0.0015636188651241005,
    -0.0015937002833611698,
    -0.0016126399863959128,
    -0.0016189980708531556,
    -0.0016153928773159755,
    -0.0016342981775352137,
    -0.0016744196056589391,
    -0.0017369673334278108,
    -0.001814735239574205,
    -0.0019242487606658204,
    -0.0020471299434866317,
    -0.0021601417992618403,
    -0.0022380130059198467,
    -0.0022635415422499823,
    -0.0022509060225323362,
    -0.0021938504863597817,
    -0.002110420409906444,
    -0.0020241618031899187,
    -0.0019273308074374766,
    -0.0018651335618939948
  ],