{
  "x0": [
    0.2743160420394953,
    0.2665026277170687,
    0.45918133024343616,
    0.597899368172302,
    0.18149673326113827,
    0.27200479057386184
  ],
  "x": [
    0.11933650271816372,
    0.9094539699915741,
    0.0,
    40.31032105783569,
    7.832157689213733,
    0.27200479057386184
  ],
  "SSE": 0.0033509518296115912,
  "exp_data": [
    1.0,
    0.9144596818025449,
    0.8301401432150693,
    0.7488765993404325,
    0.6721072393778109,
    0.6006518355726511,
    0.5351280030043486,
    0.4759841291347803,
    0.42352318805175704,
    0.3776992103302741,
    0.3381333547221903,
    0.30409927878913856,
    0.2748128730141995,
    0.24951949369874607,
    0.22756847942379166,
    0.20842481854352937,
    0.1916393110699342,
    0.17686262021571755,
    0.163772120046956,
    0.1521097784011687,
    0.14168905825801206,
    0.13234392931799155,
    0.12392713713730517,
    0.1163203516889922,
    0.1094374905468086,
    0.10319331926985487,
    0.09751581921932419,
    0.09233751962309553,
    0.08760743327380807,
    0.08326570814016407,
    0.07926162343115123,
    0.0755460916699607,
    0.07210337320346721,
    0.06891561761260334,
    0.06597400738937567,
    0.0632475476667332,
    0.06073960070232951,
    0.058413330892565674,
    0.05623954511904627,
    0.054226193434466136,
    0.052339056510308325,
    0.05057457891343571,
    0.048913927866651156,
    0.0473298335585692,
    0.04580911224068069,
    0.04434346514544718,
    0.042950605887829924,
    0.04164131826978048,
    0.04038036600549667,
    0.039162558113970715,
    0.037989665694614726,
    0.036845111269940896,
    0.035742232444218786,
    0.03466886438242934,
    0.03361619177845451,
    0.03260831992216227,
    0.031645922900039335,
    0.030725313829623423,
    0.02982589578503217,
    0.028946762669058025,
    0.02806632956275297,
    0.027202200768394,
    0.026354296380417124,
    0.025521670864967268,
    0.024701260437478747,
    0.02391866019832031,
    0.023166451433650134,
    0.022442622257468806,
    0.021755666101573753,
    0.021113611814367387,
    0.02052403831303705,
    0.019993372992890997,
    0.019492860839208086,
    0.01901148973176075,
    0.018558535265351873,
    0.018118264687131146,
    0.01765451361360032,
    0.017172089059447275,
    0.016666024315407552,
    0.016126441591602314,
    0.015565282560949061,
    0.01499169989325429,
    0.014420450973917346,
    0.013855692853016683,
    0.013311702865277974,
    0.012767693064876734,
    0.012246777639703018,
    0.011739154053726077,
    0.01124735085719466,
    0.010781052955767199,
    0.01032469039229891,
    0.009891298214285206,
    0.009473271444741103,
    0.00909389221933051,
    0.008738981896914749,
    0.008403053889833338,
    0.008084557659143725,
    0.007769903836155652,
    0.007465608441133642,
    0.007164224040994639,
    0.006874180507799305,
    0.006592275521534105,
    0.0063233859039276245,
    0.006085443303140968,
    0.005907460018773597,
    0.005770787271911666,
    0.005668831571790416,
    0.0056030576089169375,
    0.005569889938238531,
    0.005545684178874744,
    0.00551283661083164,
    0.005483522245836305,
    0.005437149438321784,
    0.0053660889737567104,
    0.005293133911403594,
    0.005214789725996314,
    0.005124292502326508,
    0.005054041821079045,
    0.0049970028960614555,
    0.004957491997487045,
    0.00492946716898077,
    0.004911764076243808,
    0.004910212486893052,
    0.004916579420684006,
    0.004937092349646795,
    0.004983935402897628,
    0.005032695990662235,
    0.0050896961523410255,
    0.005140052157081674,
    0.005187119683282305,
    0.005240009099419421,
    0.0052846921008904,
    0.00532502172301037,
    0.005360792095651255,
    0.005389716293540966,
    0.0053957496200206035,
    0.005388869105072316,
    0.00536555003740269,
    0.005323788865023404,
    0.005261914101442767,
    0.005204374242587077,
    0.0051513200055726995,
    0.005082093772096974,
    0.004999616312470121,
    0.004908184141789419,
    0.00479116716889171,
    0.00465610911682098,
    0.004521346347021016,
    0.004356967801371697,
    0.004171900582717622,
    0.003984331372269368,
    0.00380302963893431,
    0.0036155695079853724,
    0.0034372442359427214,
    0.003258440880060791,
    0.0030641289165281534,
    0.0028567182522845516,
    0.0026413219741988716,
    0.002435749549767857,
    0.0022435787337843536,
    0.0020696788832672494,
    0.0019195533043677069,
    0.001799402426372763,
    0.001693331107711363,
    0.0016026759153769945,
    0.0015364070781012844,
    0.001487934686837918,
    0.0014765384907267224,
    0.0014955636470839453,
    0.001542261936240645,
    0.0016039493776773084,
    0.001663560903404892,
    0.001717904612655641,
    0.00177476869357482,
    0.0018346623290023205,
    0.0018926634293788714,
    0.0019549659617895394,
    0.002025734710311063,
    0.0021154768274933337,
    0.0022155927777899025,
    0.0023128686961602315,
    0.0023988922850313506,
    0.0024813629670261232,
    0.0025594982326959926,
    0.0026366784501489497,
    0.0027075921059364254,
    0.002768845389065671,
    0.002831611246419294,
    0.0028926615121748155,
    0.002935080499140725,
    0.0029657051910745675,
    0.003001503114926034,
    0.0030584943041813426,
    0.0031289222122922802,
    0.003210853893541907,
    0.0032988938751262946,
    0.003404960064712341,
    0.0035125024039555533,
    0.0036132947142828377,
    0.003708795789014947,
    0.003780463835076473,
    0.0038356976942311902,
    0.0038669563584696268,
    0.003884797190606793,
    0.0038834186107317066,
    0.003867968650871792,
    0.0038450233476766747,
    0.003822994159883029,
    0.003796736042657323,
    0.0037636524019728206,
    0.0037215094404303125,
    0.0036689643424770452,
    0.003616350707756565,
    0.003544524603250803,
    0.0034580682102030038,
    0.003334229025871616,
    0.0031853367935685633,
    0.0030055980558021476,
    0.0027914153518625705,
    0.0025640336135166687,
    0.0023571556343681896,
    0.0021751170139278123,
    0.002002218919626119,
    0.0018402562230032747,
    0.001681371123970727,
    0.0015406194367113969,
    0.0013967423551880956,
    0.0012446898276120076,
    0.0010927236104124644,
    0.0009293603223460838,
    0.000741145618993231,
    0.0005362602237609344,
    0.00034398801192641183,
    0.0001554606522155095,
    -1.7908989755415154e-05,
    -0.00013861135599021083,
    -0.0002291600683760155,
    -0.0002690577532507632,
    -0.00027236218387170796,
    -0.0002515508460302438,
    -0.00019850390721138172,
    -0.00011544836211394381,
    -5.373168401659008e-06,
    0.0001279649544923967,
    0.0002810071764213303,
    0.00045793470950146865,
    0.0006487580266660379,
    0.0008481066106191274,
    0.0010289395187635557,
    0.001195065034297116
  ],