{
  "success": true,
  "x0": [
    0.7079020844103255,
    0.2137604400551547,
    0.07833747553451981,
    0.6412038725523478,
    0.5383685355604607,
    0.5868273405467987
  ],
  "x": [
    0.07395200262514766,
    0.8256935145692142,
    0.10035448280563809,
    901.4024166057255,
    2.6074301607076515,
    0.5868273405467987
  ],
  "SSE": 0.010829711681627224,
  "exp_data": [
    1.0,
    0.6689908659495988,
    0.42579481524572005,
    0.3025914787381246,
    0.23611510204218653,
    0.1950867387240324,
    0.16832275732003912,
    0.14971030799255666,
    0.13601270556550363,
    0.12553299089860287,
    0.11720751075105357,
    0.11034010140231408,
    0.10457241839013952,
    0.09974089366161264,
    0.09564538024580697,
    0.09214944621707315,
    0.0891221424877666,
    0.0864991047098977,
    0.08421566115517173,
    0.08229674694363123,
    0.08065036754916306,
    0.07917983869640481,
    0.07787256789582127,
    0.0767137570116708,
    0.07571084958086535,
    0.07477723329606847,
    0.07392352561173181,
    0.07316603797645978,
    0.07245514309079654,
    0.0718272945494106,
    0.07128197058090159,
    0.07075670224728034,
    0.07026783750952754,
    0.06978514346598873,
    0.06937041461751593,
    0.06896967308217113,
    0.06859980336509176,
    0.06829279655044197,
    0.06801927087795125,
    0.0677508417928631,
    0.06752524480796317,
    0.06736027862951657,
    0.06721067231467019,
    0.06708855460000526,
    0.06692317793444615,
    0.06678552485508062,
    0.06665980267015953,
    0.06652788796265788,
    0.06640482905148838,
    0.06622975236535486,
    0.06603660441652422,
    0.06589832520007853,
    0.06581608282300477,
    0.06572104994369582,
    0.06562027348986789,
    0.06545687918259283,
    0.0653435972992233,
    0.06518724434805839,
    0.0650064586939453,
    0.06490523985375693,
    0.06481221502784862,
    0.06474067503395944,
    0.06464310198960431,
    0.06448539481206896,
    0.0643789219211894,
    0.06430222849730512,
    0.06423390414413298,
    0.06417570804248897,
    0.06411492714946672,
    0.06407683551789857,
    0.06397903544218382,
    0.06386623578191623,
    0.0636983081720432,
    0.06357296930165963,
    0.06349396040476289,
    0.06344676366662995,
    0.06338813642121277,
    0.06337841784287833,
    0.06338008553648587,
    0.06337429938679906,
    0.06337287776721563,
    0.06337267785926864,
    0.06332788301805525,
    0.06325491413298946,
    0.06316761244755176,
    0.06307554026060366,
    0.0630160553897976,
    0.06297879136756407,
    0.06294217532783507,
    0.06293395142446495,
    0.06289760254893408,
    0.06280939911732715,
    0.06271229276946833,
    0.06264595467422492,
    0.06257771582157247,
    0.06253391502469197,
    0.06250552512902967,
    0.062497500083194164,
    0.06247599023046486,
    0.062461133384889,
    0.062457323148606726,
    0.062440278493302526,
    0.06239681085840806,
    0.06238738994372768,
    0.06240122757787482,
    0.06234423819934809,
    0.06227050445673783,
    0.06223922801547509,
    0.06220105519112923,
    0.06213407513906606,
    0.06203858456978872,
    0.06199091959098725,
    0.06195705421320173,
    0.061904749710964,
    0.06185530827259524,
    0.06178709757097916,
    0.06176060930696914,
    0.06179504296577801,
    0.061781162790218086,
    0.06174952214000872,
    0.06171336344635337,
    0.06173237727685626,
    0.06178568414998893,
    0.06183177510840862,
    0.061821089622044384,
    0.061826988012340336,
    0.06175613095689681,
    0.06171321589679641,
    0.06167007471183629,
    0.061622793290984995,
    0.06159868618187266,
    0.061608096137493545,
    0.061584369291029194,
    0.06158790245814579,
    0.06155290367489288,
    0.061546473756356884,
    0.061534228461655766,
    0.06152565483413219,
    0.061512337820440036,
    0.06150297737082808,
    0.06153645251431299,
    0.061497537734204806,
    0.061470371257424085,
    0.06147444974441009,
    0.06150481378396555,
    0.06151039526809226,
    0.061463954464335016,
    0.0614494263779639,
    0.061412357384756304,
    0.06135426623701069,
    0.06131707162794,
    0.06129772220698595,
    0.06128463603149861,
    0.06128318393407795,
    0.06127360259974303,
    0.061301332503566064,
    0.061307557916383704,
    0.061306073729285974,
    0.06125947124733299,
    0.061224580279375294,
    0.06117006705716908,
    0.061178355331403395,
    0.06115646693675887,
    0.06111333717637778,
    0.06105846928598773,
    0.06101248844666928,
    0.06102658893911597,
    0.061018359416317176,
    0.06098440725335692,
    0.0609636220470684,
    0.06097244035835127,
    0.060990974126748275,
    0.0609555601111814,
    0.06087699873140783,
    0.06079696102992931,
    0.06077796724911275,
    0.06076787779464571,
    0.06075043402328544,
    0.06074705723479967,
    0.06072706519776197,
    0.060747177383481656,
    0.06079204830453906,
    0.06083478154993042,
    0.06086731404198118,
    0.060893168587324104,
    0.060903352644072685,
    0.06094245631317464,
    0.06100689626890199,
    0.06105992642219277,
    0.061098954473550494,
    0.06105196923059244,
    0.06099029440503883,
    0.06095277028716211,
    0.06091427107718562,
    0.06085856874633066,
    0.060830941978924365,
    0.06079579015814738,
    0.06074917781379521,
    0.060722696812506395,
    0.0607235904058897,
    0.06069950331596696,
    0.060708588759527504,
    0.0606864941719281,
    0.06063946087239592,
    0.06061267240733948,
    0.06059489184499794,
    0.060606685365902656,
    0.06061325304538032,
    0.06063355093350706,
    0.06067204443685416,
    0.06071998830356358,
    0.06076368247576257,
    0.060797909534808646,
    0.060854085464363196,
    0.060884354946608966,
    0.06093029805750422,
    0.060915949252869715,
    0.060901718338022784,
    0.06087976891900224,
    0.06083492144651731,
    0.060805692109062455,
    0.06077751267099563,
    0.060758099771984535,
    0.06071946221788311,
    0.06072542280780628,
    0.06070913306172332,
    0.06066676697563992,
    0.060589323326207166,
    0.06053994873463265,
    0.06054468926407812,
    0.06055920413541136,
    0.06053581625350131,
    0.060462532482986324,
    0.06043267661580446,
    0.06039756545394051,
    0.06039058686519481,
    0.060365237185405665,
    0.06035304095580499,
    0.06035031481501796,
    0.060351039906777766,
    0.06035391842660957,
    0.06036969122112673,
    0.06037396581556303,
    0.060360663691329995,
    0.06036888124853069,
    0.06037184024470397,
    0.06036681328674291,
    0.06042764778312473,
    0.06051542856534847,
    0.06059588756945476
  ],