{
  "success": true,
  "x0": [
    0.3303369492754762,
    0.1345816964947928,
    0.535081354229731,
    0.8160286205460695,
    0.6546172610315367,
    0.7902022748397644
  ],
  "x": [
    0.07212988126298554,
    0.8188489519263406,
    0.10902116681067396,
    1111.2499421106213,
    2.355665382469879,
    0.7902022748397644
  ],
  "SSE": 0.010812430564204651,
  "exp_data": [
    1.0,
    0.6391070324713666,
    0.38503587681829265,
    0.2697951651077966,
    0.21171315918924327,
    0.1767627699689192,
    0.15423575142547405,
    0.13838684897481654,
    0.12644563171655582,
    0.11718227750866968,
    0.10978790983004391,
    0.10361257024957417,
    0.09843182071026922,
    0.09415162155464643,
    0.09049258195380715,
    0.08728523144913726,
    0.08453186737475549,
    0.08209699379306296,
    0.07998982022039532,
    0.07833179731549576,
    0.07692316622620637,
    0.07561481533270935,
    0.0744448947262843,
    0.07343309509839861,
    0.07264955064475964,
    0.07191172433771223,
    0.07120859686210494,
    0.07055018636104242,
    0.06990893553750664,
    0.06933618093991156,
    0.06887222044331587,
    0.06845698517731055,
    0.06806782985284963,
    0.06768649239974982,
    0.06733697767844478,
    0.06695254050891267,
    0.06655740103350465,
    0.0663111939876116,
    0.06612630125622525,
    0.06598814280215537,
    0.06588228507938505,
    0.06582753100213277,
    0.06583040793123421,
    0.06585376963693826,
    0.0657744367682715,
    0.065720929057848,
    0.06558567153398871,
    0.06542491342072072,
    0.06531067078163144,
    0.06515857242088058,
    0.06501556018228934,
    0.06490827076958894,
    0.06492347594841484,
    0.06498709554721206,
    0.065021625003596,
    0.06494669672713378,
    0.064909853815888,
    0.06480998321052348,
    0.06473567968741305,
    0.06470739076334753,
    0.06465143785741724,
    0.06464824306346102,
    0.06452207452149614,
    0.0642691885520699,
    0.06419502761219617,
    0.06415698548769908,
    0.06410787648280131,
    0.06404574322712443,
    0.06394518731047551,
    0.06380634109230936,
    0.0636101177979032,
    0.06341169195708683,
    0.0631817729493128,
    0.06303533968109186,
    0.06285240534522288,
    0.06273656790607308,
    0.06268541248255717,
    0.06271853321658147,
    0.06273863056923808,
    0.06280192797437276,
    0.06290488744038603,
    0.06295016466925221,
    0.06290189926008939,
    0.06283068153037506,
    0.06274922588573238,
    0.06266440441632663,
    0.06261472058215495,
    0.06262831339744976,
    0.06268440897521908,
    0.06271811954592876,
    0.0626933612623769,
    0.06265682194103504,
    0.06267937073558297,
    0.06275998390287314,
    0.06278081111535208,
    0.06280560761487838,
    0.06280761900346465,
    0.06285612544931586,
    0.06285856231606723,
    0.0628413197389915,
    0.06285974267721589,
    0.06286350033122971,
    0.06282492554406532,
    0.06276960428993697,
    0.0627261067250334,
    0.06266042463834513,
    0.06252909372893976,
    0.06245049895689113,
    0.06233757560878164,
    0.062245259024087306,
    0.062117533117641975,
    0.06208538514487481,
    0.06206079587067715,
    0.06203507727104345,
    0.06202859888416252,
    0.06199505207977913,
    0.0619379639566865,
    0.06194700256987068,
    0.061918617203055915,
    0.061861474126545794,
    0.06182768179351925,
    0.06188231314761695,
    0.061950429900777024,
    0.062017852261966586,
    0.06204702563540811,
    0.062089142445308575,
    0.062006250825439674,
    0.062021561300649924,
    0.06205492258607994,
    0.062010229736957315,
    0.062021881746670234,
    0.06205271064983413,
    0.062053542682084704,
    0.06206163898696316,
    0.061972311863978814,
    0.061976468457446095,
    0.06193820560067154,
    0.06191664358466061,
    0.061910262588978464,
    0.06188564715124082,
    0.061956755768553945,
    0.061913412381970095,
    0.06190288703179182,
    0.06199575214766777,
    0.06211697964351701,
    0.062132801797364995,
    0.06210111010056619,
    0.06208831655029522,
    0.06204490803798221,
    0.062035141369256704,
    0.06208279644782906,
    0.062073847160798695,
    0.06211872467945422,
    0.06212937293778942,
    0.06211320316830588,
    0.06220449294711175,
    0.06225457656625441,
    0.062263893997333494,
    0.06217620033217507,
    0.06214854346499986,
    0.062120203042267105,
    0.062140390144619195,
    0.062086045189800966,
    0.062045528967143,
    0.0620389863780419,
    0.06195508299018168,
    0.06189137324684654,
    0.061752785251116556,
    0.06170915908805205,
    0.06175093959111436,
    0.061864760249839286,
    0.06191597018289509,
    0.061879135738843426,
    0.06186366390118643,
    0.06176130101866985,
    0.06169447118121908,
    0.061654298832411004,
    0.06159903209931749,
    0.06159151732515321,
    0.06148769788812421,
    0.06144405723208959,
    0.06144398551456672,
    0.06146148252010124,
    0.06145089598631008,
    0.06146479063495094,
    0.06152715548392042,
    0.061623337555835773,
    0.06176152101508799,
    0.06178884382911218,
    0.061860223812321036,
    0.06182912612924884,
    0.061844904517403196,
    0.06189095286635213,
    0.061884328780353076,
    0.06186141370098595,
    0.06190930804389112,
    0.061909808401453596,
    0.06186017825389445,
    0.061782315008577025,
    0.06172803791813431,
    0.06169926183735272,
    0.06168417264824766,
    0.06159258487799862,
    0.06148786573475002,
    0.06143654174386824,
    0.06145110076077254,
    0.061487212552465476,
    0.06150336419848194,
    0.06158002015848831,
    0.06159907931921068,
    0.06163243933267545,
    0.06167522870999875,
    0.06168165104364254,
    0.061680073735095486,
    0.06169834301115996,
    0.06182102901022431,
    0.061882729368402126,
    0.06184824657484748,
    0.06178985165626774,
    0.06170109438124605,
    0.06166724636537521,
    0.06157454862627849,
    0.061504471795748736,
    0.061518792288062604,
    0.061625124672660105,
    0.06160028778503992,
    0.061493525712630566,
    0.06141270575600049,
    0.06134203666164721,
    0.0612884915634132,
    0.0612649535661294,
    0.061337735962393045,
    0.061332165499712626,
    0.06135749498929836,
    0.06132143560763316,
    0.06132699375397296,
    0.061344164653097985,
    0.06140083001345802,
    0.061354224511623305,
    0.061378144350022514,
    0.061379083338619585,
    0.061418215676187715,
    0.06145074467506665,
    0.06141218259770362,
    0.061418048982605,
    0.06139085573771677,
    0.061330482525383596,
    0.061363220323697815,
    0.06143487892113694,
    0.06148873319798896
  ],