{
  "success": true,
  "x0": [
    0.6640314181175697,
    0.16123801839179291,
    0.1747305634906372,
    0.7397700195000501,
    0.7387700195000501,
    0.7016434437733201
  ],
  "x": [
    0.0795367361963605,
    0.8290507832102686,
    0.09141248059337093,
    468.4028451007308,
    2.5232635639510903,
    0.7016434437733201
  ],
  "SSE": 0.01722464825198875,
  "exp_data": [
    1.0,
    0.6701068399559104,
    0.4227752651086843,
    0.2974858347604176,
    0.2317338951307483,
    0.1925634592095116,
    0.1679148099607755,
    0.1514431529319078,
    0.13979501402376723,
    0.1310268166905453,
    0.12405839577054305,
    0.11836612544270536,
    0.1134519899003955,
    0.10933436735551795,
    0.105754687591924,
    0.10255313783770786,
    0.09970369546075139,
    0.09711980574288027,
    0.09479745566464008,
    0.0927289765117965,
    0.0909170039134743,
    0.0892693021882053,
    0.08770959522956541,
    0.08623714209894756,
    0.08486067163955038,
    0.08363636180642538,
    0.08254206255772668,
    0.08148373636894964,
    0.08048235770056365,
    0.07957499981206786,
    0.07875775466941166,
    0.07795987585547796,
    0.07719897256354179,
    0.07646468200693765,
    0.07571929947436201,
    0.07500213977155817,
    0.07441350938512642,
    0.07389949454377091,
    0.07338079090662626,
    0.07285929275174154,
    0.07237585505498562,
    0.0719089127669894,
    0.0714254924973371,
    0.07102593618059239,
    0.07055132190803007,
    0.07008723919081242,
    0.06965985065586641,
    0.06932564683309086,
    0.0689616717248721,
    0.06859415849237738,
    0.0681893409949481,
    0.06780909240471276,
    0.06743687212762246,
    0.06716016833995875,
    0.0669178657668068,
    0.06665819419915453,
    0.06640907856872906,
    0.06614860945392614,
    0.06581527300270805,
    0.06553446000023978,
    0.06519484337133415,
    0.06485660610449205,
    0.0644962393092301,
    0.06417188388425137,
    0.06391306324027074,
    0.06377557094465354,
    0.06370278406219672,
    0.06358745872562188,
    0.06335547480464507,
    0.06310819585248684,
    0.06293402768648854,
    0.06270465012605808,
    0.06247419039811293,
    0.062233978550477846,
    0.06200520576130007,
    0.061750377215617075,
    0.061545602012585944,
    0.06129985231359904,
    0.061124584399078925,
    0.06098272651053338,
    0.06080020753099268,
    0.060614672733539834,
    0.06043237312212691,
    0.060186939360733695,
    0.059970274385629234,
    0.059772918610712544,
    0.0596371693227163,
    0.059492762956174484,
    0.059342856696251736,
    0.05918976091657844,
    0.05907673610775584,
    0.05898534010971183,
    0.05887979215592277,
    0.05874663328176128,
    0.05866352098442088,
    0.05858621784967079,
    0.058495934500062165,
    0.05844642003959253,
    0.0583884012661305,
    0.058239082755974655,
    0.057983849323017235,
    0.05784338527755467,
    0.05772532391713735,
    0.05754864062145038,
    0.05738702621999305,
    0.057255378740865455,
    0.05714316662985989,
    0.057057886989026,
    0.05702464583448831,
    0.05688681069409339,
    0.05669992217883267,
    0.05649742602848329,
    0.05640759374540872,
    0.05637203359142563,
    0.05630456933130524,
    0.05628003693392076,
    0.0562061839472974,
    0.0560766198598974,
    0.056017240804158056,
    0.05597483848611545,
    0.05593013226161909,
    0.05590518208687829,
    0.05588855148542544,
    0.055867780584668986,
    0.05582531305095001,
    0.05577642449519754,
    0.05567414194781147,
    0.05563848851598227,
    0.05556103795096072,
    0.05550415015463251,
    0.055434406076199955,
    0.05532852774678201,
    0.0552841757182734,
    0.055200665386459284,
    0.055113322265890934,
    0.05502071884462811,
    0.054916092120118935,
    0.054778849407975734,
    0.054664722358307466,
    0.05452727713426712,
    0.054407035011843824,
    0.05433643166462524,
    0.054268398500190586,
    0.054182093879150225,
    0.05413022102253996,
    0.05405189845990532,
    0.05399386292341863,
    0.05395388155730178,
    0.05394416167519925,
    0.05394643079957076,
    0.053872951278337855,
    0.05384836143225282,
    0.05373112530476031,
    0.05360829264701264,
    0.05351154394051725,
    0.05344469678091517,
    0.05342426300651166,
    0.053387973439540166,
    0.05329165259478202,
    0.053274306080429684,
    0.05328309693462809,
    0.053274438467353295,
    0.05328350854411995,
    0.05325409114268689,
    0.05322862930063941,
    0.0531586553807447,
    0.05307645344395606,
    0.05299366682688109,
    0.0529429763449588,
    0.052897335353836804,
    0.052828465246457346,
    0.05281371828119009,
    0.052810069298515436,
    0.05276556181677579,
    0.05269504975275399,
    0.05261299540490177,
    0.05252281677714472,
    0.05241655678338667,
    0.05237242041089446,
    0.05232526042419607,
    0.052276786508944274,
    0.05221476439586726,
    0.0521173436648323,
    0.05203105113411546,
    0.05198114621659134,
    0.051881875292437575,
    0.05180774000090739,
    0.051759690932468294,
    0.05174337333202837,
    0.051681324412447285,
    0.05163060853987017,
    0.05156887525940173,
    0.05148240878548325,
    0.05134701798779569,
    0.05126044052659057,
    0.05116232481882594,
    0.05106300181457837,
    0.05103625529564044,
    0.050999401086386585,
    0.0509221684464348,
    0.05085322514988428,
    0.05077013810511186,
    0.05071994776449371,
    0.05069443951577079,
    0.05066719581251154,
    0.0506212225529232,
    0.050637949161919764,
    0.05064563503319663,
    0.050630459566624514,
    0.05057171275955283,
    0.05047357481731182,
    0.05042718346925746,
    0.05040310898370918,
    0.05039816329636282,
    0.05033372937565637,
    0.05025627987140822,
    0.05018523305284076,
    0.05009319439281987,
    0.05004430158355418,
    0.04999278734332329,
    0.049869344831295195,
    0.04975706700043288,
    0.049689381844158796,
    0.049664069675266986,
    0.04966184927013451,
    0.049599053447733,
    0.04947731780599238,
    0.04934463988020757,
    0.04918881606486826,
    0.049112416585930595,
    0.049086940823134535,
    0.0490837706504761,
    0.04908782262777384,
    0.04912739127071715,
    0.04914115899569145,
    0.049066964130795886,
    0.04900647445561419,
    0.048927947682131566,
    0.048839871078970094,
    0.04868245984386196,
    0.04859852368484711,
    0.048539914994749696,
    0.048495419832459905,
    0.04842392557585307,
    0.04833904133544978,
    0.04823909326405578,
    0.048157060088089246,
    0.04809029784193869,
    0.048027963296952095,
    0.04796809453676676,
    0.0478695161167088,
    0.047780073509879416,
    0.047761217844968874,
    0.04776978064463081,
    0.047733255297166134,
    0.04771284388375844,
    0.047602045651722436,
    0.04745049970755746,
    0.04730869410185654,
    0.04717702895192682,
    0.04705413455158401,
    0.046941982489308816,
    0.04687718510782929,
    0.04681360727662373,
    0.046752574359118414,
    0.046800313100603994,
    0.04680087982852036,
    0.04679322057506823,
    0.046751240190167326,
    0.04669608410208194,
    0.0465736643772897,
    0.04653417331067494,
    0.046458550019258575,
    0.04640243315126645,
    0.04632531610288632,
    0.04625317109913625,
    0.04619967994041882,
    0.04608032596195663,
    0.04602707881369851,
    0.045979139204934245,
    0.04587344616730989,
    0.04581296394209735,
    0.045706649428962645,
    0.04560007216397444,
    0.0455875145393163,
    0.04557610262355904,
    0.04544966047804752,
    0.04537861073346463,
    0.045416960149458216,
    0.04548315119635116,
    0.045471417386012035,
    0.045456494395059624,
    0.045451674493026735,
    0.045387685396210714,
    0.04527779758139776,
    0.045141010994434905,
    0.045083941049365105,
    0.04506801706852836,
    0.045002204466608416,
    0.04493701823542088,
    0.044881186492818706,
    0.04483175377908639,
    0.04471330333672605,
