{
  "success": true,
  "x0": [
    0.6582668734402818,
    0.09708879751357508,
    0.2446443290461431,
    0.4991365671090161,
    0.30481749038589073,
    0.16620212244665175
  ],
  "x": [
    0.7046674022813088,
    0.2953325977186912,
    0.0,
    44745.74178896766,
    7.019280981608822,
    0.16620212244665175
  ],
  "SSE": 0.00033436794876635825,
  "exp_data": [
    1.0,
    0.9666215117806779,
    0.934161285889714,
    0.9036949404151905,
    0.8760481790992259,
    0.8516654500073411,
    0.8307190172322532,
    0.8129102777041552,
    0.7977279580040109,
    0.784701358575268,
    0.7735014315291334,
    0.7638885903853558,
    0.7556580920740389,
    0.7486161572052402,
    0.7425809037900875,
    0.7374044600029793,
    0.7329656462585034,
    0.7291444109122419,
    0.7258512657849063,
    0.7230095657646318,
    0.7205522418967587,
    0.7184278440684079,
    0.7165860845223045,
    0.7149813281885871,
    0.7135840327255163,
    0.7123712501889645,
    0.711322115908678,
    0.710412232768293,
    0.7096275024295432,
    0.7089502205054898,
    0.7083655558939994,
    0.7078555657240475,
    0.7074322039594281,
    0.7070865801792982,
    0.7068139670282527,
    0.7066005002301673,
    0.7064396176542906,
    0.7063163172961492,
    0.7062110734323941,
    0.7061207508722097,
    0.7060348515769944,
    0.7059411322040197,
    0.7058352955771975,
    0.7057347963843071,
    0.7056373537829767,
    0.7055420501635769,
    0.7054387817512326,
    0.7053323092789949,
    0.7052174564917991,
    0.7050893601680304,
    0.7049523893249607,
    0.7048246941920066,
    0.7047079302091207,
    0.7046053401886256,
    0.7045145921526506,
    0.7044243917101725,
    0.7043342977563696,
    0.7042475449900022,
    0.7041658147371098,
    0.704083402846318,
    0.7039954017857143,
    0.7039020823352815,
    0.7038097434585119,
    0.7037246756159292,
    0.7036332819920421,
    0.7035475076329745,
    0.7034574454387433,
    0.7033695811974079,
    0.7032793561095324,
    0.7031813027588214,
    0.7030780563654033,
    0.7029819506180851,
    0.7028979916807487,
    0.702822911174039,
    0.7027651170372302,
    0.7027262595918368,
    0.7026997023809524,
    0.7026831526189931,
    0.7026675208347004,
    0.7026455486542443,
    0.7026245655036208,
    0.7026045333157496,
    0.7025920811042864,
    0.7025835477789171,
    0.7025799893983568,
    0.702579356230297,
    0.7025857907332314,
    0.7026064886639811,
    0.7026328498065894,
    0.7026580780921207,
    0.702673419203747,
    0.7026738246037331,
    0.7026689413265306,
    0.7026563258581852,
    0.7026430457331447,
    0.7026311654579187,
    0.7026227936207595,
    0.7026124378109453,
    0.702605661400773,
    0.7025974769941254,
    0.7025969761904762,
    0.7025987632448639,
    0.702590707118968,
    0.7025593819437322,
    0.7025118442679085,
    0.7024541896758704,
    0.7024061739847454,
    0.7023632997212376,
    0.7023236727799228,
    0.7022858420525571,
    0.7022460843998617,
    0.7022120508644885,
    0.7021784360683049,
    0.7021506066821959,
    0.7021417427039075,
    0.7021351927437641,
    0.7021325062901873,
    0.7021240872335212,
    0.7021274633564766,
    0.7021319891812147,
    0.7021384799437016,
    0.7021433541292165,
    0.7021648859543818,
    0.7021995508081915,
    0.7022462833049886,
    0.7022971322094055,
    0.7023520123728934,
    0.7023958791893721,
    0.702434829456258,
    0.7024734479431002,
    0.7025128857858933,
    0.7025481259639181,
    0.7025733831560793,
    0.7025929165316921,
    0.7026240859594721,
    0.702661372584432,
    0.7026981111593573,
    0.7027349584949433,
    0.7027744825332268,
    0.70282395503656,
    0.7028869970845482,
    0.7029515716841298,
    0.7030055738424402,
    0.7030419045176419,
    0.7030509249743063,
    0.7030399889685603,
    0.703014433065645,
    0.7029698084658819,
    0.7029072500739426,
    0.7028267195081299,
    0.7027465306122449,
    0.7026720047581875,
    0.7026112468345003,
    0.702574722978771,
    0.7025643903715332,
    0.7025710578543344,
    0.7025862732593037,
    0.7026132634269178,
    0.7026498908050305,
    0.7027065902146441,
    0.7027798790627362,
    0.7028553443640907,
    0.7029308929519763,
    0.7029991525101661,
    0.7030749847700274,
    0.703138081251192,
    0.7031939960253765,
    0.7032351150591569,
    0.703272940003069,
    0.7033106883431338,
    0.7033620369657297,
    0.7034201111068246,
    0.7034748840445268,
    0.7035162374627271,
    0.7035270117172344,
    0.703512602526725,
    0.7034706846860882,
    0.7034081944823819,
    0.7033295488310267,
    0.7032385639860551,
    0.7031293916797489,
    0.703012347135386,
    0.7028883578914191,
    0.70275908104054,
    0.7026294929599747,
    0.7025008480285319,
    0.7023840903676646,
    0.7022819946692127,
    0.7022051857461735,
    0.7021658213187427,
    0.7021626530612245,
    0.7021795918367347,
    0.7022196448658203,
    0.7022806867125548,
    0.7023545615874809,
    0.7024381612446959,
    0.7025312722708131,
    0.7026155150728284,
    0.7026765224815026,
    0.7027079310766222,
    0.7027024734693877,
    0.7026636620179134,
    0.7025852348168183,
    0.7024790539153287,
    0.7023575625411455,
    0.7022372912801484,
    0.7021224655044204,
    0.7020102785941963,
    0.70190743736519,
    0.7018128143314353,
    0.7017295168679717,
    0.7016580067609866,
    0.7016083054533289,
    0.7015730377571974,
    0.7015280045351474,
    0.701463463075952,
    0.7013763408669252,
    0.7012792369121562,
    0.7011805402658989,
    0.7010821205821206,
    0.7009892049319728,
    0.7008988539048188,
    0.7008177824267783,
    0.7007550763701708,
    0.700712424969988,
    0.7006955703544576,
    0.7006839447171274,
    0.7006836389524097,
    0.7006965928744379,
    0.7007189436284068,
    0.7007414719930526,
    0.7007588007484443,
    0.7007626722483865,
    0.700746772713368,
    0.7007278838574056,
    0.7007015009874917,
    0.7006878254750176,
    0.7006823775730595,
    0.7006848705716052,
    0.7006874717782992,
    0.7006887311446318,
    0.7006740029345071,
    0.7006346003030033,
    0.7005827580047336,
    0.7005318027210884,
    0.7004791074231891,
    0.7004231816955857,
    0.700378852998153,
    0.7003554677623262,
    0.700359645232816,
    0.7003848662131519,
    0.7004180264533431,
    0.7004437955539359,
    0.7004546226544309,
    0.7004422760135445,
    0.7004150607658793,
    0.7003820003677147,
    0.700367061316626,
    0.7003513112937483,
    0.7003349391457263,
    0.7003098979591836,
    0.7002797080563433,
    0.7002478287205293,
    0.700219941157241,
    0.700209801535293,
    0.7002175697865353,
    0.7002431580927302,
    0.7002830277607579,
    0.7003374007936508,
    0.7003939154316019,
    0.7004360939724728,
    0.7004611055611055,
    0.7004747711234026,
    0.7004710270993644,
    0.7004499520935135,
    0.7004055222088835,
    0.7003426212938005,
    0.700249601968447,
    0.7001455411548506,
    0.700017019729507,
    0.6998837172011662,
    0.6997512639423311,
    0.6996279367249292,
    0.6995209416140556,
    0.6994217621664051,
    0.6993288222276862,
    0.6992501183081928,
    0.6991998171665761,
    0.6991612839310481,
    0.6991292963900889,
    0.6991027327028372,
    0.6990786537597924,
    0.69906174969988,
    0.699033420247706,
    0.6990026942796823,
    0.6989743864953388,
    0.6989391543746212,
    0.6988984757178306,
    0.6988709869022236,
    0.6988416713318744,
    0.6988272653061225,
    0.6988362487852284,
    0.698873392472567,
    0.6989406055621241,
    0.6990312770562771,
    0.6991360475329372,
    0.6992342898580752,
    0.6993251804538609,
    0.6994061901291129,
    0.6994963046088001,
    0.6995741601255887,
    0.6996245737369498,
    0.6996537607826636,
    0.6996736908716975,
    0.69966530083536,
    0.6996381871190035,
    0.6996045599489796,
    0.699581121116854,
    0.6995716743241799,
    0.6995885157212491,
