{
  "success": true,
  "x0": [
    0.4150804279909418,
    0.09441401585923168,
    0.49050555614982644,
    0.5222022208103526,
    0.3307025868906083,
    0.41525020109539157
  ],
  "x": [
    0.7601770004578604,
    0.22731528210703628,
    0.01250771743510328,
    10402.623406257515,
    12.451627734018388,
    0.41525020109539157
  ],
  "SSE": 0.0014725567823788198,
  "exp_data": [
    1.0,
    0.9798874806574991,
    0.96022251037951,
    0.9415991333118613,
    0.9246230354210649,
    0.9094913903978857,
    0.8961251926130683,
    0.8843262066731454,
    0.8738446679249735,
    0.8644658082046133,
    0.8560171487725525,
    0.8483805544859453,
    0.8414684088751779,
    0.8352134093812197,
    0.8295445945141905,
    0.8243935379115149,
    0.8196959810239886,
    0.8153944333223773,
    0.8114507211682327,
    0.8078194911444754,
    0.804457887154862,
    0.8013448017793273,
    0.7984521281078804,
    0.7957692852621108,
    0.7932844976452119,
    0.7909899229024944,
    0.7888695361230545,
    0.7869102040816327,
    0.7850958910349854,
    0.7834122631466893,
    0.7818450685348767,
    0.780372612183887,
    0.7789934895515093,
    0.7776950126977328,
    0.7764745020530734,
    0.7753307810342182,
    0.7742501044996312,
    0.773228112783575,
    0.7722586811763981,
    0.7713320726172466,
    0.7704432467532467,
    0.7695913536279458,
    0.7687766422678494,
    0.7679948839809897,
    0.7672445526381284,
    0.7665318710079452,
    0.7658515384135306,
    0.7652088758321093,
    0.764593104419682,
    0.7640065581993166,
    0.7634461821036107,
    0.7629124021257193,
    0.7623978615520283,
    0.7618995962527205,
    0.7614189960194604,
    0.7609513874386964,
    0.7604888040309291,
    0.7600349001809121,
    0.7595827929302562,
    0.7591357254290172,
    0.7586915051020409,
    0.7582532815943279,
    0.7578235461582752,
    0.7574080671515074,
    0.7570086445899115,
    0.7566347774385345,
    0.7562822378162621,
    0.7559498210658671,
    0.7556328952467063,
    0.7553314984313853,
    0.7550394946550049,
    0.7547541805911554,
    0.754472900688938,
    0.7541994336490577,
    0.7539361250570515,
    0.7536795624489796,
    0.7534311551543694,
    0.7531894060995185,
    0.7529518472340705,
    0.752719754181866,
    0.7524972448979592,
    0.7522827008670997,
    0.7520823360412126,
    0.7518988654781199,
    0.7517323515769945,
    0.7515780288700846,
    0.7514363092468258,
    0.7513162666045211,
    0.7512161597972522,
    0.7511393667123151,
    0.7510806423553028,
    0.7510317717234677,
    0.7509947334854995,
    0.750966681235921,
    0.7509509294807032,
    0.750940374430764,
    0.7509303622111096,
    0.7509132771516567,
    0.750886432978507,
    0.7508406295629733,
    0.7507739047619048,
    0.7506896289734591,
    0.7505884615384616,
    0.750485310908283,
    0.7503834543213258,
    0.7502824867089694,
    0.7501873909159623,
    0.750098991637127,
    0.7500189671814672,
    0.7499385717738872,
    0.7498564199239017,
    0.749758625827241,
    0.7496475565736499,
    0.74953057747801,
    0.7494180817719579,
    0.7493102215245072,
    0.7492178291864691,
    0.7491371337557321,
    0.7490735114664423,
    0.7490257297411219,
    0.74899148486981,
    0.7489615205667759,
    0.7489311100910953,
    0.7488932904184205,
    0.7488433638038549,
    0.7487862040816327,
    0.7487294531749982,
    0.7486725682943335,
    0.7486094441273012,
    0.7485445941599056,
    0.7484857071249552,
    0.7484373300814174,
    0.7484038840183961,
    0.7483774682359716,
    0.748366596956804,
    0.7483640780205888,
    0.74837120784484,
    0.7483854061695726,
    0.7484043939283899,
    0.7484245334497436,
    0.7484393804664723,
    0.7484478624365668,
    0.7484526003949967,
    0.748458769647895,
    0.7484706761121714,
    0.7484886045228902,
    0.7485085869004642,
    0.7485310071225597,
    0.7485591910677314,
    0.7485939775547242,
    0.7486277662337663,
    0.7486504962640794,
    0.7486706018173693,
    0.7486988657986047,
    0.7487308066083577,
    0.7487675454034824,
    0.7488052521008404,
    0.7488396925621077,
    0.7488648166277582,
    0.748879987928628,
    0.7488857785336357,
    0.7488886941047291,
    0.7488897541916395,
    0.7488824535400752,
    0.7488683939993908,
    0.7488406522983025,
    0.7488021707559428,
    0.7487577554849332,
    0.7487030420438853,
    0.7486415734655444,
    0.7485746014632269,
    0.7485044056942247,
    0.748428231292517,
    0.7483452193780739,
    0.748250077597579,
    0.7481570884353741,
    0.7480686127122604,
    0.7479836734693878,
    0.7479024865118461,
    0.7478266990481414,
    0.7477558477237048,
    0.7476837245881012,
    0.7476073004491371,
    0.7475257569178542,
    0.7474361177028951,
    0.7473420289280761,
    0.747242861113317,
    0.7471442057524764,
    0.747053977997449,
    0.746970298334598,
    0.746897018807523,
    0.7468298063429694,
    0.746766676040495,
    0.7467015135048102,
    0.7466330200855046,
    0.7465661911497272,
    0.746506887755102,
    0.7464597679230738,
    0.7464299333279129,
    0.7464164894700395,
    0.7464182693877551,
    0.7464261747985768,
    0.746437968199328,
    0.7464484498829713,
    0.7464592906517445,
    0.7464662791177077,
    0.7464733206642981,
    0.7464771329221344,
    0.7464770325203252,
    0.7464637599235213,
    0.746439521032903,
    0.7464094152998623,
    0.7463651806624289,
    0.7463068013242258,
    0.7462271604938272,
    0.7461293540921523,
    0.7460172626075223,
    0.7458966324417966,
    0.7457760055889576,
    0.7456500742500742,
    0.7455279209183674,
    0.7454038728643858,
    0.7452938007001964,
    0.7451990245154666,
    0.7451118804664723,
    0.745028820622986,
    0.7449549987083441,
    0.7448890538033395,
    0.7448343306814251,
    0.7447854673079423,
    0.7447380069474598,
    0.7446996954005483,
    0.7446556209663352,
    0.7446073897653279,
    0.7445588114215643,
    0.744506113671275,
    0.7444528457072485,
    0.7443966280248601,
    0.7443437715345879,
    0.7443005622205499,
    0.7442685847382431,
    0.7442499933306655,
    0.7442340789590945,
    0.7442248961729112,
    0.7442229054779806,
    0.7442254631083203,
    0.7442321810662591,
    0.7442360544217687,
    0.7442383962434531,
    0.7442396081270646,
    0.7442318140589569,
    0.7442190309531385,
    0.7442033482142857,
    0.7441794776971191,
    0.744152008785577,
    0.7441185186883742,
    0.7440802904945762,
    0.7440297784124936,
    0.7439666358851232,
    0.7438821463279189,
    0.7437897124304267,
    0.7436782762307657,
    0.7435584847637685,
    0.7434312520431513,
    0.7432984178992698,
    0.7431646305418719,
    0.743018061694724,
    0.7428569590422774,
    0.7426842781557067,
    0.7425029546853544,
    0.7423206169909824,
    0.7421423338566195,
    0.7419728590501621,
    0.7418080724561488,
    0.741655078087573,
    0.741507212484994,
    0.7413710050057759,
    0.7412439716312057,
    0.7411278750362704,
    0.7410270153667168,
    0.7409337414965986,
    0.7408459743802055,
    0.7407592715555121,
    0.7406669847795233,
    0.7405696477629513,
    0.7404695008605852,
    0.7403704426698215,
    0.7402707417107278,
    0.7401644739449178,
    0.7400484085605045,
    0.7399238377302141,
    0.7397941569781947,
    0.7396522408963585,
    0.7395068796068796,
    0.7393529053986126,
    0.7391951776266062,
    0.739043134976763,
    0.7388955385628196,
    0.7387557315463499,
    0.7386135121380223,
    0.7384702193877551,
    0.7383299677765843,
    0.7381857758178648,
    0.7380387086824655,
    0.7378820603999175,
    0.7377288762593645,
    0.7375682896508857,
    0.7374002908033442,
    0.7372340535193669,
    0.737082107625659,
    0.7369430298273155,
    0.736822779497403,
    0.7367136124552914,
    0.7366114222433159,
    0.7365074124986782,
    0.7364059263185794,
    0.7363057504251701,
    0.7362067885117494,
    0.7361077412116679,
