{
  "success": true,
  "x0": [
    0.4879024215822646,
    0.251772203024396,
    0.26032537539333933,
    0.42357998304803374,
    0.18184960727425775,
    0.8128595182718114
  ],
  "x": [
    0.7576383737860992,
    0.22964593828811886,
    0.012715687925781937,
    12105.139324329379,
    15.35787204419245,
    0.8128595182718114
  ],
  "SSE": 0.004147962640203133,
  "exp_data": [
    1.0,
    0.9842770488452892,
    0.9687307350447343,
    0.9535608672737388,
    0.9389668807178043,
    0.9250907208926736,
    0.9120383696994648,
    0.8998985010454398,
    0.8887397929692108,
    0.8785991169260757,
    0.8694526915113872,
    0.8612273599715649,
    0.8538283964167063,
    0.8471570715622494,
    0.8411148033557446,
    0.8356307135408908,
    0.8306399510681466,
    0.8260835539486658,
    0.8219067239212401,
    0.8180731996763463,
    0.8145399009603842,
    0.811280547624057,
    0.8082641502618747,
    0.8054625026376873,
    0.8028592561284869,
    0.8004381103552533,
    0.7981818900260401,
    0.7960744245989629,
    0.7941002824344023,
    0.7922479789531311,
    0.7905097380444716,
    0.7888792318721211,
    0.787340260295735,
    0.7858851635406786,
    0.784511500275786,
    0.7832081509897192,
    0.7819758052618638,
    0.7808098223904947,
    0.7797069455576793,
    0.7786602241501744,
    0.7776689857761286,
    0.7767281967111579,
    0.7758348582594132,
    0.7749829621346256,
    0.7741720321055251,
    0.7733964168873656,
    0.7726546838919054,
    0.7719495077663531,
    0.7712744553649681,
    0.770622075927145,
    0.7699899152276295,
    0.7693729945599195,
    0.7687721434870244,
    0.768183496829953,
    0.7676079326467429,
    0.7670434361651638,
    0.7664890100139434,
    0.7659384676421113,
    0.7653914520948566,
    0.7648529879970709,
    0.7643226785714285,
    0.7637978985021239,
    0.7632813127758941,
    0.7627707077179381,
    0.7622741721216788,
    0.7617875558412341,
    0.7613069239683256,
    0.7608421543024793,
    0.7603978623094808,
    0.7599768879976714,
    0.7595777842565598,
    0.7591939716427112,
    0.7588197744702977,
    0.7584532565179182,
    0.7580963878203039,
    0.7577487836734694,
    0.7574095336211407,
    0.757078523929636,
    0.7567578909377256,
    0.7564399815965034,
    0.7561218564845293,
    0.7558001450661039,
    0.7554734363648372,
    0.755144388582013,
    0.7548175655976677,
    0.7544903733200597,
    0.7541679252808615,
    0.7538501015414323,
    0.7535352941176471,
    0.7532299776211631,
    0.7529358146537304,
    0.7526557052377602,
    0.7523895005370569,
    0.7521363682210941,
    0.7518968310096316,
    0.7516692224658459,
    0.7514542776050818,
    0.7512494635665211,
    0.7510459081971659,
    0.750845485415464,
    0.750651850340136,
    0.750462519164594,
    0.7502803597024094,
    0.7501069975728986,
    0.7499428057800301,
    0.7497886606071,
    0.7496452655809799,
    0.7495085005334343,
    0.7493785852178709,
    0.7492568700576677,
    0.7491432791421654,
    0.7490365787741242,
    0.7489364847980008,
    0.7488387616034489,
    0.7487422964407606,
    0.7486511215768359,
    0.7485651523623148,
    0.7484799873980467,
    0.7483975524230311,
    0.7483191787558396,
    0.7482432828993666,
    0.7481640195974762,
    0.7480826954311136,
    0.7480014713684434,
    0.7479165816326531,
    0.7478259272404614,
    0.7477336948019626,
    0.7476392242760979,
    0.7475441558441558,
    0.7474476607455591,
    0.7473438166845686,
    0.7472322334206091,
    0.7471169948260995,
    0.7470008746355685,
    0.7468792673253046,
    0.7467616651616399,
    0.7466420140396585,
    0.7465206075325335,
    0.7463960890405984,
    0.7462664556731784,
    0.7461358782798834,
    0.7460031616224307,
    0.7458676139272914,
    0.7457313816729564,
    0.7455963808545001,
    0.7454607538150395,
    0.7453264643041332,
    0.7451880060523305,
    0.7450408422064478,
    0.7448860772621209,
    0.744724319109462,
    0.7445613360098138,
    0.7443969127066885,
    0.7442317539081446,
    0.7440697690065037,
    0.743905571990264,
    0.7437425082533013,
    0.7435834066223175,
    0.7434298742375179,
    0.7432859293070277,
    0.7431536659108088,
    0.7430333989625535,
    0.7429288786890221,
    0.7428409227378102,
    0.742764891105696,
    0.7427014876978829,
    0.7426477757395092,
    0.7426019833824712,
    0.7425568820009206,
    0.7425127868096391,
    0.7424751212938006,
    0.7424379730720265,
    0.7424006918676561,
    0.7423665569453588,
    0.7423322961123613,
    0.7423009135082604,
    0.742274813054993,
    0.7422506028797753,
    0.7422324106654156,
    0.7422243017744525,
    0.74222352433281,
    0.7422289253273564,
    0.742236833188874,
    0.7422476572060158,
    0.7422607894320519,
    0.7422714880126808,
    0.74228363376479,
    0.7422919043640848,
    0.7423003109056122,
    0.7423043611965334,
    0.742309443777511,
    0.7423128302794595,
    0.7423157922224007,
    0.7423187577989776,
    0.7423226990400903,
    0.7423272297433825,
    0.7423337747003563,
    0.7423499857994887,
    0.7423715383364501,
    0.7423980121389874,
    0.7424230612244898,
    0.7424468856079506,
    0.7424572248176379,
    0.7424583993758469,
    0.7424543861092824,
    0.7424457307771594,
    0.742436747087499,
    0.7424269155938238,
    0.7424164634146342,
    0.7424071532482647,
    0.7423997584339859,
    0.7423928550561328,
    0.7423873745399799,
    0.742381305787202,
    0.7423791173259428,
    0.7423732926572691,
    0.7423710996795413,
    0.7423799509866058,
    0.7423911550512321,
    0.7424104119818405,
    0.742438112244898,
    0.7424690937752971,
    0.7425055460677995,
    0.7425471313053523,
    0.74259220545361,
    0.7426395359828142,
    0.742691156462585,
    0.7427472753160461,
    0.7428044188861985,
    0.7428637679275532,
    0.7429259053408598,
    0.7429883251381576,
    0.7430505232862376,
    0.7431086876720709,
    0.7431649864237541,
    0.7432168926925609,
    0.7432703641801548,
    0.7433219464891788,
    0.7433714859969962,
    0.7434133427774581,
    0.7434567746228926,
    0.7435034235916589,
    0.7435529498262187,
    0.743595659357835,
    0.7436321652345148,
    0.7436624444942812,
    0.7436839656567473,
    0.7436999098977339,
    0.7437085605923786,
    0.7437126340558396,
    0.7437176281179139,
    0.7437214990227717,
    0.7437182944606414,
    0.7437064968269187,
    0.7436871099112291,
    0.7436597982114194,
    0.7436289667218239,
    0.743596019717142,
    0.743555743835996,
    0.743507876347818,
    0.7434590491651206,
    0.7434061828831761,
    0.743348355232504,
    0.7432866996684258,
    0.7432239327841228,
    0.7431637907576824,
    0.7431069218470798,
    0.743057651882924,
    0.7430160289115646,
    0.7429822292722194,
    0.7429542809682013,
    0.7429293611150753,
    0.7429093982452795,
    0.7428963293982699,
    0.7428924738909648,
    0.7428966914765907,
    0.7429136599922989,
    0.7429392676219424,
    0.7429751378276429,
    0.7430192980755247,
    0.7430739164237123,
    0.7431264624226779,
    0.7431781808417147,
    0.7432255322272794,
    0.743263476255887,
    0.7432919400049176,
    0.7433093512767426,
    0.7433125710332559,
    0.7433000445809391,
    0.7432729033219128,
    0.743233643603783,
    0.7431878199690635,
    0.743134093637455,
    0.7430747881462167,
    0.7430154820548909,
    0.7429562459057697,
    0.7428959234188725,
    0.7428341013824885,
    0.7427772311909838,
    0.7427175377881826,
    0.7426505969387756,
    0.7425767428776021,
    0.7424945954261102,
    0.7423991466611833,
    0.742296892393321,
    0.7421851666236114,
    0.7420682326737802,
    0.741945183569611,
    0.741821027696793,
    0.7416975625032621,
    0.7415784981684982,
    0.7414594459891926,
    0.741332332211235,
    0.7411991087908032,
    0.7410498836840436,
    0.740884139941691,
    0.7407056175595238,
    0.7405178611392338,
    0.7403200822737472,
