{
  "success": true,
  "x0": [
    0.666660496142994,
    0.2025189697855263,
    0.13082053407147962,
    0.36715258118270383,
    0.3233161175131351,
    0.09567411752910075
  ],
  "x": [
    0.20519969932947818,
    0.7867612901018401,
    0.008039010568681651,
    68.45013785036605,
    9.795186372485254,
    0.09567411752910075
  ],
  "SSE": 0.018693645315974863,
  "exp_data": [
    1.0,
    0.9243489880121567,
    0.8502584743277147,
    0.7798345233557469,
    0.7153364305392013,
    0.657552615643481,
    0.6063335462622019,
    0.5610874865218237,
    0.5209332692559542,
    0.48509420573073997,
    0.45293195258480334,
    0.42397254146847024,
    0.3978456609022616,
    0.3742303471181432,
    0.3528185886955967,
    0.33336836326495234,
    0.3156520281077742,
    0.29951616259548325,
    0.2848029965890133,
    0.2713494239025535,
    0.25902996054657346,
    0.24770682595695082,
    0.23725491874833565,
    0.2275788517638377,
    0.2186063257359329,
    0.21028300333007813,
    0.20252361284121695,
    0.1952317503104591,
    0.18839533761584526,
    0.18197122213634592,
    0.1759204753655444,
    0.17021182551747632,
    0.16484268452986717,
    0.1597986835451802,
    0.1550357357520135,
    0.15054517043747973,
    0.1463505030974725,
    0.14240589102977289,
    0.13869549285341773,
    0.1352262022279425,
    0.13195563547686867,
    0.12885139215979785,
    0.1259032217922356,
    0.12307767666517652,
    0.12037456253152114,
    0.11779791387326978,
    0.11530443229179659,
    0.11287456549047893,
    0.11051712867118778,
    0.10821426696578292,
    0.1059630651852737,
    0.10374470655383247,
    0.10158509232063644,
    0.09948502117686976,
    0.09751212129345205,
    0.09563821154442545,
    0.09381212707857293,
    0.09201801105356325,
    0.0902395944094152,
    0.08846762990736554,
    0.08671104774638642,
    0.08494644853496496,
    0.08319313017243135,
    0.08146961269135027,
    0.07977333528112494,
    0.07811814981039579,
    0.07651299076641328,
    0.07494501336560332,
    0.07341380632404902,
    0.07190838349015274,
    0.07042056347845702,
    0.06897038701064234,
    0.06754243249678547,
    0.06614969240384294,
    0.0648310803966737,
    0.06360983523411956,
    0.062490567424033944,
    0.061452749502889197,
    0.06046591749028034,
    0.0595376455298248,
    0.05866377324053653,
    0.05781468312923021,
    0.05701185939597126,
    0.0562183994313838,
    0.05541897116407392,
    0.05461852869988727,
    0.05382596577758368,
    0.05307063608026194,
    0.052323890216385116,
    0.05157743592683027,
    0.050840155569574455,
    0.05010223303171744,
    0.04935582422354341,
    0.04861565139953825,
    0.047883277924161194,
    0.047151681350898235,
    0.04643175664330494,
    0.04570279595144692,
    0.04497033359011962,
    0.04423612910930294,
    0.043525119468127704,
    0.042832252827114545,
    0.04212570616083515,
    0.04141168496330942,
    0.040725990354237955,
    0.040095195127759754,
    0.039510795160757825,
    0.038965899461895236,
    0.03841866613321339,
    0.03786093827548949,
    0.037298302881109906,
    0.03673538629230817,
    0.036178741610605206,
    0.0356079391028065,
    0.03499842117839678,
    0.03438491442502855,
    0.0337501709237261,
    0.033088532612314564,
    0.03241491352256342,
    0.03175029785639498,
    0.031090996070384725,
    0.030449600024814862,
    0.02979998615083267,
    0.029157160698914136,
    0.028556656730647723,
    0.027996676160489953,
    0.027462464945365427,
    0.026942731701586807,
    0.02642475309682128,
    0.02587733802182362,
    0.02533628437719581,
    0.02482711437853099,
    0.024345254869664473,
    0.023895327284971755,
    0.023466726310191262,
    0.023083481029526245,
    0.022727308276914483,
    0.02241605737151845,
    0.02217362604241353,
    0.021982393405766743,
    0.021844623792239865,
    0.021753543414177512,
    0.021676865820701795,
    0.021607165696297878,
    0.021518590924594804,
    0.021400692803963912,
    0.02127395943247668,
    0.021160090704411386,
    0.021057137643023006,
    0.020976592747420517,
    0.02093259303406279,
    0.02092446420770205,
    0.02092009052497962,
    0.020927755156878187,
    0.020891422925900422,
    0.020817270122885038,
    0.020733739886424116,
    0.020623791463893103,
    0.02048999159462058,
    0.020335097657581503,
    0.020144202200865456,
    0.01992155589910279,
    0.01967964043904733,
    0.019458556856432174,
    0.019251751113250164,
    0.019044085470942957,
    0.018820250828935195,
    0.018565258792699876,
    0.0182769552484282,
    0.01795934946854818,
    0.01762506699445409,
    0.017305847394683244,
    0.017007023591910312,
    0.016702483956173533,
    0.016447016900522856,
    0.01626047905444613,
    0.01608229755594939,
    0.015908465824021036,
    0.015740550745165744,
    0.015557017943078465,
    0.015340513189613856,
    0.01510471363062942,
    0.014849059310249862,
    0.014587027076191552,
    0.014339847349350976,
    0.014122093025197686,
    0.013937790336190175,
    0.013781311730303161,
    0.013651429621373173,
    0.013520281917993331,
    0.01338773977798581,
    0.013267022898383668,
    0.013162710504960408,
    0.013042966375341131,
    0.012904364784173637,
    0.012764999726758737,
    0.012582055973173016,
    0.012400446515166303,
    0.012223632626149622,
    0.012030665606001899,
    0.011817950466839236,
    0.011608384135651155,
    0.011385233091177433,
    0.011150252783295456,
    0.010916634219043233,
    0.010676974885562858,
    0.010415227266200585,
    0.010151099162302142,
    0.00988127278820525,
    0.009613688846953199,
    0.009353794225432137,
    0.009116196350236559,
    0.008910991613448539,
    0.008701257351883086,
    0.008496902216072398,
    0.008299842391802396,
    0.00812921498752665,
    0.007997041172064814,
    0.0079231167410719,
    0.007891393618489957,
    0.007887270058689798,
    0.007882547637944713,
    0.007883731205556226,
    0.007901858123388039,
    0.007934173664650285,
    0.008001622255126415,
    0.008088817456479888,
    0.008197029831495855,
    0.008324753325999244,
    0.008495674542401252,
    0.008729104081271939,
    0.008989667051045173,
    0.009262819882009438,
    0.00953217095362942,
    0.009803641272924423,
    0.010080906017840435,
    0.010340318365473328,
    0.010611548948276027,
    0.010874070434808493,
    0.01114139054345222,
    0.011418083079456813,
    0.011663743465646713,
    0.011846063035656768,
    0.011960019786907835,
    0.012070742576537083,
    0.01219042253728063,
    0.012337017636049804,
    0.012509612737294071,
    0.012704784812063583,
    0.012903567970416892,
    0.013085795857937165,
    0.013230329595484756,
    0.013329937765244288,
    0.01341056597153344,
    0.013473891177501737,
    0.013529918421158707,
    0.013555590283810455,
    0.013593781555667388,
    0.013643981895408165,
    0.013731789183758676,
    0.01384708241436318,
    0.01399540860650614,
    0.014176605291887797,
    0.014376836711446914,
    0.014575359592893454,
    0.014769600247247784,
    0.014946262060856474,
    0.01511844940036657,
    0.015264382914394456,
    0.015405929986169273,
    0.015512211636244649,
    0.01563280728852088,
    0.015740007177047648,
    0.015848397897499412,
    0.015935606239743837,
    0.016020238595573492,
    0.016083987660601946,
    0.016157734872952287,
    0.01624657621687465,
    0.016326501229445883,
    0.016431350811372064,
    0.016519486470690667,
    0.016632186833063826,
    0.01679011772698946,
    0.016943561693387735,
    0.017124561565025218,
    0.017329503557284034,
    0.017499047412545574,
    0.017650742800178258,
    0.01779662355797048,
    0.01793004059882181,
    0.01805945523800042,
    0.01815365406208438,
    0.018208764651615722,
    0.018225603761691658,
    0.018153708016530934,
    0.018017742944918938,
    0.01784957063402111,
    0.017623731305674628,
    0.017363223102830713,
