{
  "x0": [
    0.39115528811626255,
    0.39271114343523295,
    0.21613356844850454,
    0.6242864504729649,
    0.37198384173932686,
    0.8448070691163422
  ],
  "x": [
    0.19097910056708745,
    0.8169839831964834,
    0.0,
    1677.78506111231,
    7.392555771169822,
    0.8448070691163422
  ],
  "SSE": 0.0025713674840541862,
  "exp_data": [
    1.0,
    0.9107926589345026,
    0.8238825515621433,
    0.7423414377294073,
    0.6684870272856382,
    0.6036060914223802,
    0.5479971014113525,
    0.5006984184172026,
    0.4602980544987092,
    0.42549237287054703,
    0.39537986414084275,
    0.3693192860339648,
    0.34678631775935803,
    0.3272799569106353,
    0.3103900728799021,
    0.2957327253785522,
    0.2829817410578356,
    0.2718910025918319,
    0.26224408540458405,
    0.25383118524585,
    0.2464977318140782,
    0.24008689922392626,
    0.23447642843957606,
    0.22955357933603898,
    0.22522461332039212,
    0.22141280281961295,
    0.2180642123703928,
    0.21512408276254658,
    0.2125550823719229,
    0.21028995905306327,
    0.20828270681826977,
    0.20647503521942923,
    0.204844789201219,
    0.2033688064912972,
    0.20201441903994533,
    0.20077874170927976,
    0.19962234916168553,
    0.1985367999654799,
    0.1975015415535669,
    0.1965356382838108,
    0.19562730602904402,
    0.19476473355624516,
    0.19392751998150762,
    0.1931258597316354,
    0.19237394353978485,
    0.1916819060008788,
    0.1910430932049768,
    0.1904582694194245,
    0.18992852156391365,
    0.18947395082466853,
    0.18906685718694657,
    0.18868408678972357,
    0.18831488872255092,
    0.18794843579374063,
    0.1875929207609472,
    0.18723813192407254,
    0.1868913892038741,
    0.18655176589868527,
    0.18622270965109364,
    0.18589583195638434,
    0.18557911422737586,
    0.18525991975037184,
    0.18495774261378328,
    0.1846504681464842,
    0.18432635291428368,
    0.18398678165733806,
    0.18362918724573524,
    0.18324948936983687,
    0.1828670285476418,
    0.182509890782145,
    0.18218048507134105,
    0.18187106921761023,
    0.18158975633349,
    0.18133005099329166,
    0.18107945032432693,
    0.18083121979444516,
    0.1805741752067636,
    0.1803083717901816,
    0.18003718336461247,
    0.17975011474155023,
    0.17944969870817332,
    0.1791456769148579,
    0.17884993405500466,
    0.17857688899069113,
    0.17833998330563186,
    0.1781228899000747,
    0.1779194236143892,
    0.17774008230958296,
    0.1775811310159296,
    0.17743984547273303,
    0.17730831706161856,
    0.17719208686168286,
    0.17706953252765012,
    0.17692635865657275,
    0.17678499337460085,
    0.1766655194776082,
    0.1765638580649587,
    0.17649279258177442,
    0.17645466337479856,
    0.17644211649435548,
    0.17644725249554258,
    0.17644603357799754,
    0.17643403593851126,
    0.17640076819761222,
    0.17636063753489636,
    0.17632115790665026,
    0.17627315265901303,
    0.1762207676954359,
    0.17616563410510677,
    0.17611647570260827,
    0.1760546790473805,
    0.175974004537984,
    0.17585431711713415,
    0.17568822928294525,
    0.17547659993916712,
    0.17524583815767777,
    0.17499729980636677,
    0.17474049790283905,
    0.17447677266530895,
    0.1742048206140523,
    0.17394612771095178,
    0.1737006451595362,
    0.17345439675452426,
    0.17323331051327265,
    0.1730422699192534,
    0.17288618794274652,
    0.17277151160386134,
    0.1727040182760788,
    0.17267331525769938,
    0.17266931819948791,
    0.17268173490456226,
    0.1726882093796047,
    0.17268255401827884,
    0.17267054461166986,
    0.1726562636552433,
    0.1726292230144095,
    0.1725837665634415,
    0.17252893779886222,
    0.1724661013443743,
    0.17240144632919197,
    0.1723259001614547,
    0.1722370455647603,
    0.17214222881828056,
    0.1720489424640574,
    0.1719797823113903,
    0.17194037287174652,
    0.17194027456665498,
    0.17196514452108688,
    0.17199739959710547,
    0.17203703886527252,
    0.1720850411670916,
    0.1721472012521142,
    0.17220073366919747,
    0.17225105584540495,
    0.17231219547508975,
    0.17237984722919736,
    0.17245701909694755,
    0.1725325662243886,
    0.17260634158187063,
    0.17269036106891547,
    0.17276686812949524,
    0.17283158422793482,
    0.17288277195518054,
    0.1729105870911371,
    0.17293229324382964,
    0.17296645992229212,
    0.1730024659416411,
    0.17302752091965248,
    0.17304107542527955,
    0.17305173892801462,
    0.17305929896017716,
    0.17305383043388764,
    0.17302427310199875,
    0.17299542743165663,
    0.17296618606214928,
    0.17295938273040193,
    0.17297003860524063,
    0.1729917754161784,
    0.17299753684748506,
    0.17298047665680552,
    0.1729353566263997,
    0.17286239101030018,
    0.17276139845982103,
    0.17264451794013452,
    0.1725156161028043,
    0.17237254348995223,
    0.17221941275541583,
    0.17205884553753856,
    0.17191218931952354,
    0.17179160385838116,
    0.17169176214140733,
    0.17159193900046446,
    0.17150300963670911,
    0.17140671076269112,
    0.17131002638677745,
    0.1712169877380405,
    0.17111230007920564,
    0.17100819700620568,
    0.17091184255708716,
    0.17084655749979222,
    0.17079357368493742,
    0.1707580781950308,
    0.17072714742129055,
    0.17071255512901032,
    0.17069311156223577,
    0.1706659585219179,
    0.17063251846667177,
    0.17058794054481324,
    0.17053199616427292,
    0.17045104587472334,
    0.17035721360580924,
    0.17027440738716057,
    0.17018452364604858,
    0.17008520075227604,
    0.169971637669975,
    0.16984082356482122,
    0.1697040996351675,
    0.1695674052213952,
    0.16944514387976667,
    0.16933366696989974,
    0.16922933544766172,
    0.16911493226049515,
    0.1689879038959007,
    0.16885684491855577,
    0.1687281009920209,
    0.16859792531246467,
    0.16846781025370855,
    0.16833571336801284,
    0.16819891702512804,
    0.1680814441656972,
    0.16798018888980948,
    0.16790026044458378,
    0.1678362540802331,
    0.16777827575664656,
    0.16771618886248138,
    0.16765978614906032,
    0.16761189259637846,
    0.16756747608826875,
    0.16753818061217196,
    0.16754543372226371,
    0.16756718092820846,
    0.1676026574905148,
    0.16763564967036124,
    0.16766363784108487,
    0.16770440606187936,
    0.16775070745127085,
    0.16779641584536234,
    0.16783604619279643,
    0.16787065333913337,
    0.16788804748297395
  ],