{
  "success": true,
  "x0": [
    0.4200292039617409,
    0.12927804056054248,
    0.45069275547771664,
    0.7834640619320031,
    0.3943272415885234,
    0.9752062127608282
  ],
  "x": [
    0.06700334876809946,
    0.9329966512319007,
    0.0,
    28.951267222163576,
    9.073193180148538,
    0.9752062127608282
  ],
  "SSE": 0.000909769335862044,
  "exp_data": [
    1.0,
    0.912689861301365,
    0.826558043356183,
    0.7443025849222641,
    0.6680049139489304,
    0.598817906147849,
    0.537198583306883,
    0.4826222575199282,
    0.4342153417810132,
    0.3911685505975829,
    0.3528373755732718,
    0.31869472396812065,
    0.2882641828057654,
    0.2611131346188284,
    0.23684422283583764,
    0.21512601952840335,
    0.19565591834240423,
    0.178179184006802,
    0.16247391908909745,
    0.1483449157843016,
    0.13561766980754422,
    0.12414061157444391,
    0.1137851912050435,
    0.104434519243451,
    0.09598436296785016,
    0.0883407920304714,
    0.08141790962311425,
    0.0751353218827154,
    0.06942632616164206,
    0.06423493316091407,
    0.0595071792993213,
    0.0551989380705615,
    0.05126848912356769,
    0.04767602427196254,
    0.0443878277361219,
    0.04137454381102241,
    0.038610335548396636,
    0.03607058221011415,
    0.03373275276296328,
    0.031579916130553484,
    0.029595025181278527,
    0.0277634311364392,
    0.02607045161066689,
    0.024502647747795977,
    0.023048929709840665,
    0.021698921212418253,
    0.020445577231851555,
    0.01927908665190037,
    0.01819241306786656,
    0.01717781811993107,
    0.016229605308012183,
    0.01534340055025948,
    0.01451416234265464,
    0.013737793740476309,
    0.013011054363939003,
    0.01233135725348725,
    0.011695783341290955,
    0.011100845711364124,
    0.010544105371736435,
    0.01002382217804468,
    0.009537292277639182,
    0.009080785818325115,
    0.008651131226811737,
    0.008245655692290759,
    0.007862396617066954,
    0.007500514634390265,
    0.0071590067023269725,
    0.006836326156227091,
    0.0065307149478632445,
    0.0062408462000150934,
    0.0059659470878840664,
    0.0057049865370454944,
    0.005457373213401481,
    0.005221885340181914,
    0.0049980374061924645,
    0.0047851576914800815,
    0.0045822298631660405,
    0.0043885669292507866,
    0.0042035783994739985,
    0.004026612800188139,
    0.0038569980329400248,
    0.0036942447603550365,
    0.003537906986091006,
    0.0033877000694488906,
    0.0032431931198972303,
    0.003104089741486225,
    0.0029704059211118506,
    0.0028416891907734514,
    0.0027180726585956452,
    0.002599462073486622,
    0.002485625944189383,
    0.0023763318617423274,
    0.0022713876364609765,
    0.002170687255852424,
    0.002073959392586735,
    0.0019807574121855826,
    0.0018911561030713656,
    0.001805115700181286,
    0.0017224445241029408,
    0.0016430099717065782,
    0.0015665729288534041,
    0.001492884099060676,
    0.0014220256168697362,
    0.0013537564261446248,
    0.0012879825460921435,
    0.0012247717033534724,
    0.0011639740208085184,
    0.0011053926142589707,
    0.0010490202511153504,
    0.0009948171217013728,
    0.0009427897994518357,
    0.0008927678385065628,
    0.0008448879149193942,
    0.000799301264277888,
    0.000756141042589624,
    0.0007152789773458038,
    0.0006769093861793954,
    0.0006407539358725274,
    0.0006065425440957102,
    0.000574074483719863,
    0.000543491446278636,
    0.0005147333144491232,
    0.000487857512656956,
    0.0004626481534350601,
    0.0004393322535598461,
    0.00041764153093853447,
    0.0003974296039143514,
    0.00037843583186335965,
    0.0003604174639197666,
    0.0003432873497474032,
    0.0003270482365232759,
    0.00031178372227354197,
    0.0002974301849611057,
    0.0002839523299782447,
    0.0002712336260071777,
    0.0002591284088393477,
    0.0002476099080893318,
    0.0002365746838867917,
    0.00022596676492661114,
    0.00021581145940458767,
    0.0002060333842036808,
    0.00019676345037273187,
    0.00018795996037138584,
    0.00017963882108272013,
    0.00017180154615990681,
    0.00016435315607639227,
    0.00015722242323692488,
    0.00015045869862966585,
    0.00014400989680549264,
    0.00013786247540110923,
    0.0001319203787324124,
    0.00012626679906345867,
    0.00012093181304393979,
    0.00011581424948935805,
    0.00011093915229669315,
    0.00010638043171014274,
    0.00010219278635424539,
    9.825035098288939e-05,
    9.449520776759986e-05,
    9.094264409642645e-05,
    8.759330650055868e-05,
    8.444784426381087e-05,
    8.144304795121262e-05,
    7.860887392325252e-05,
    7.578833564376926e-05,
    7.299133323098651e-05,
    7.020314190058557e-05,
    6.752256494856507e-05,
    6.49845571023385e-05,
    6.265391941952642e-05,
    6.045700064241165e-05,
    5.8384312559631106e-05,
    5.6376672486232706e-05,
    5.444920307539942e-05,
    5.2612116224023756e-05,
    5.087566798808106e-05,
    4.920527714575553e-05,
    4.7596166146723064e-05,
    4.604353671206206e-05,
    4.4557579014283094e-05,
    4.313350192615964e-05,
    4.174142354355819e-05,
    4.04015262237878e-05,
    3.909890591790752e-05,
    3.7823623899579684e-05,
    3.6585841610758375e-05,
    3.538568213564542e-05,
    3.4213175226808425e-05,
    3.30785167855852e-05,
    3.19919474817986e-05,
    3.092830798106657e-05,
    2.9867397384194026e-05,
    2.8834598341103307e-05,
    2.7835084156195244e-05,
    2.6884222832015354e-05,
    2.598217564884997e-05,
    2.5098521512035816e-05,
    2.4243527180837407e-05,
    2.3407071007881298e-05,
    2.2578986413389263e-05,
    2.1769540973436723e-05,
    2.096342029503507e-05,
    2.015550424789376e-05,
    1.9356060744848475e-05,
    1.8565118154048143e-05,
    1.7782704969648013e-05,
    1.7008849813482317e-05,
    1.6238421468376837e-05,
    1.5502425979333708e-05,
    1.4785464627815014e-05,
    1.4077246851627495e-05,
    1.3393351712790755e-05,
    1.2713105291625447e-05,
    1.2036519929502963e-05,
    1.1394812438743267e-05,
    1.0767274598627496e-05,
    1.0148741993776022e-05,
    9.544463626051225e-06,
    8.95971230080177e-06,
    8.373633503411526e-06,
    7.796695100349864e-06,
    7.223686134185267e-06,
    6.654620031281617e-06,
    6.0895102793333104e-06,
    5.538890637752819e-06,
    5.018609136859543e-06,
    4.523497769536127e-06,
    4.0694775750569564e-06,
    3.651405687911195e-06,
    3.253535022782037e-06,
    2.8918243840421318e-06,
    2.5717010814201464e-06,
    2.2773830935102035e-06,
    2.0142744211016196e-06,
    1.7611997982556706e-06,
    1.5235210214495386e-06,
    1.317291034601982e-06,
    1.1372798198738693e-06,
    9.835786259140579e-07,
    9.044448253253981e-07,
    8.25126993061157e-07,
    7.509886913596737e-07,
    6.981594001566075e-07,
    6.452068201308158e-07,
    5.921305191809737e-07,
    5.443193639565678e-07,
    4.963962387339537e-07,
    4.483607493252125e-07,
    4.164373320230054e-07,
    3.844388896646603e-07
  ],