{
  "success": true,
  "x0": [
    0.19147337488647992,
    0.1766389063895858,
    0.6318877187239342,
    0.8712020529335585,
    0.4485891778768391,
    0.4380591382523008
  ],
  "x": [
    0.06017818958488324,
    0.9398218104151168,
    0.0,
    27.31502355442382,
    8.923607410913823,
    0.4380591382523008
  ],
  "SSE": 0.0008853783794863871,
  "exp_data": [
    1.0,
    0.9107926589345026,
    0.8227869612992664,
    0.7387988983984993,
    0.6610406921416133,
    0.5907896476418497,
    0.5284701237778883,
    0.47348610106958117,
    0.42491072978578315,
    0.38184368139143476,
    0.34358565415352676,
    0.30956810925797823,
    0.27929579078363825,
    0.25231819906927766,
    0.22824625944951746,
    0.20673197403341434,
    0.18746747621311086,
    0.17020319209623608,
    0.15472077790810165,
    0.1408154596333489,
    0.12831911376646116,
    0.11707852102434681,
    0.10695794030033481,
    0.09783162557083862,
    0.0895888870200329,
    0.08213366384934492,
    0.07539070186255065,
    0.06928563868711744,
    0.06375283096621262,
    0.058732125252754834,
    0.0541720919340094,
    0.050029186707132044,
    0.046262817228044185,
    0.04283030860417832,
    0.03969923886603818,
    0.03684208747919054,
    0.034228874554269005,
    0.03183459640015684,
    0.029638676225041002,
    0.027622318437397327,
    0.025771307841283494,
    0.024070196390250986,
    0.022502532544393404,
    0.021056789623381908,
    0.01972404156394831,
    0.018492747189261076,
    0.01735297405433357,
    0.016296441092248704,
    0.015313394700358115,
    0.014400690685417437,
    0.01355376419010755,
    0.012766873300514209,
    0.012034900517412963,
    0.011353721021590603,
    0.010719018011656223,
    0.010125496907319414,
    0.009570557238138452,
    0.009051323487647563,
    0.00856499312126579,
    0.008108226097655836,
    0.007678165759388619,
    0.007272738296855393,
    0.006890008401294152,
    0.0065279977513565055,
    0.006185778947992825,
    0.0058632980581004275,
    0.005557822681643406,
    0.005268608209596466,
    0.004994326700375019,
    0.004734726631820451,
    0.004488830774861309,
    0.004256755209302941,
    0.004037711032661018,
    0.0038311889325871582,
    0.0036372345055082143,
    0.003454198735330304,
    0.0032807546539418268,
    0.003116664638466507,
    0.002961370021028788,
    0.0028149869066581433,
    0.0026766605927675954,
    0.0025465142816603614,
    0.0024237211205117306,
    0.00230810797442696,
    0.0021986438575509995,
    0.0020947068388009605,
    0.0019959951742427534,
    0.00190199213867867,
    0.0018127071372802353,
    0.0017276983984352045,
    0.0016467368257359703,
    0.001569994288677188,
    0.001496916504971446,
    0.001427532695739036,
    0.001361601956467516,
    0.0012990566510635141,
    0.0012397921580134523,
    0.0011834645469383568,
    0.0011298802700893896,
    0.0010786654795983664,
    0.0010293434594598203,
    0.000982053655139138,
    0.0009364512769499854,
    0.000892730892807897,
    0.0008504216565502218,
    0.0008096250740426122,
    0.0007698914153666604,
    0.0007311728480949332,
    0.0006937000476553831,
    0.0006576302253666258,
    0.000622986250262101,
    0.0005894556285128963,
    0.0005574148461743092,
    0.0005269244541514244,
    0.0004980218826009744,
    0.00047044064222694044,
    0.0004439178432204168,
    0.0004185551541630333,
    0.0003942528882777312,
    0.00037101428844982985,
    0.00034894135048599577,
    0.0003278964456063948,
    0.00030778378567793125,
    0.0002885213393790688,
    0.0002701825374687275,
    0.0002528269339557635,
    0.00023632509325232598,
    0.00022073174060039505,
    0.00020600227409139552,
    0.00019227223596536214,
    0.00017965397558427973,
    0.0001680368086197622,
    0.00015715250750296882,
    0.00014702717136245885,
    0.0001376679272657798,
    0.00012875245846418203,
    0.00012031560550773998,
    0.0001123636443046779,
    0.00010490766672484302,
    9.78485292289627e-05,
    9.111547425380097e-05,
    8.485366739755382e-05,
    7.896838705634255e-05,
    7.334044125377341e-05,
    6.79368980229617e-05,
    6.276811224507984e-05,
    5.7873462419505275e-05,
    5.338435926367035e-05,
    4.922463786880677e-05,
    4.530327715905001e-05,
    4.1577376516348907e-05,
    3.809610865054851e-05,
    3.4879690128559195e-05,
    3.2016543216665185e-05,
    2.9444466790847157e-05,
    2.7130252648812644e-05,
    2.502590827488416e-05,
    2.30978967073546e-05,
    2.1278297638903102e-05,
    1.9587043742524154e-05,
    1.8009838719511763e-05,
    1.653232537163552e-05,
    1.5189209498032201e-05,
    1.3941580079433334e-05,
    1.2770051488139957e-05,
    1.1660083345067508e-05,
    1.0631607223721684e-05,
    9.709578897501695e-06,
    8.92894934039373e-06,
    8.285224829083562e-06,
    7.689662759666548e-06,
    7.152338689079833e-06,
    6.70323303275337e-06,
    6.302865574100265e-06,
    5.9364659658079025e-06,
    5.59916291163644e-06,
    5.286064028801371e-06,
    4.9972479876213655e-06,
    4.727796127975851e-06,
    4.4777715266223905e-06,
    4.277288741641393e-06,
    4.086397620328851e-06,
    3.900110060257174e-06,
    3.723466043332919e-06,
    3.5464363411291387e-06,
    3.3690196885646636e-06,
    3.1912148155403732e-06,
    3.013020446939195e-06,
    2.8344353009534568e-06,
    2.6554580913150856e-06,
    2.4760875250654056e-06,
    2.2963223042277925e-06,
    2.1161611241350185e-06,
    1.935602676217007e-06,
    1.7546456446555284e-06,
    1.5732887074993037e-06,
    1.3915305388942025e-06,
    1.2195754569542987e-06,
    1.0574560666517083e-06,
    9.000909645680766e-07,
    7.833348470481951e-07,
    7.021976970374397e-07,
    6.362735556632275e-07,
    5.702024262418715e-07,
    5.091265091269422e-07,
    4.530625469902991e-07,
    3.9687316228670987e-07,
    3.457179024259097e-07,
    3.151109579161815e-07,
    2.8960686243173535e-07,
    2.6404545414262924e-07,
    2.384265395789796e-07,
    2.1274992527090283e-07,
    1.8701541551831487e-07,
    1.6122281406358163e-07,
    1.353719240915189e-07,
    1.0946254822939241e-07,
    8.349448743181754e-08,
    5.746754265340973e-08,
    3.661176407120617e-08,
    1.570858648261554e-08,
    5.242152359440374e-09,
    0.0,
    0.0,
    0.0,
    0.0,
    0.0,
    0.0,
    0.0,
    0.0,
    0.0,
    0.0,
    0.0,
    0.0,
    0.0,
    0.0,
    0.0,
    0.0,
    0.0,
    0.0,
    0.0,
    0.0,
    0.0,
    0.0,
    0.0,
    0.0,
    0.0,
    0.0,
    0.0,
    0.0
  ],