{
  "x0": [
    0.44164868827643106,
    0.13382246750828655,
    0.42452884421528225,
    0.8883148657017214,
    0.8883148657017214,
    0.715364199396412
  ],
  "x": [
    1.0,
    0.0,
    7.063648205533071e-17,
    11.879286133614682,
    3.4708026991750063,
    0.715364199396412
  ],
  "SSE": 0.0026951466640434568,
  "a1": 1.0,
  "a2": 0.0,
  "a3": 7.063648205533071e-17,
  "a": 11.879286133614682,
  "b": 3.4708026991750063,
  "c": 0.715364199396412,
  "exp_data": [
    1.0,
    0.9308512132757112,
    0.8624235660636888,
    0.7960396946466345,
    0.7325213212558206,
    0.6721183834383808,
    0.6151935551345128,
    0.5621086748476923,
    0.5131398003710866,
    0.46838766575875523,
    0.42775368564217287,
    0.39096254478116604,
    0.35765076466327583,
    0.32744489851403263,
    0.3000154643101703,
    0.27508525465363526,
    0.2523952612952066,
    0.2317200293142912,
    0.212862991387067,
    0.1956556465830873,
    0.17994102950393692,
    0.16557977657918302,
    0.1524481987182156,
    0.14042866347136607,
    0.12942158389046024,
    0.11933863997662436,
    0.110098236152547,
    0.10162648165149177,
    0.0938578884028066,
    0.0867301785626416,
    0.080184273676588,
    0.07417293050851437,
    0.06864812485578184,
    0.06357034996392372,
    0.05889793652118476,
    0.05459234261717228,
    0.05062287156646972,
    0.04696228301793951,
    0.043587512120168266,
    0.04047490762929315,
    0.03760378066669229,
    0.03495352955191497,
    0.032507324754305615,
    0.030249009788497302,
    0.02816370220016907,
    0.026238900247437327,
    0.024459899457844506,
    0.022815313341871812,
    0.02129467573461082,
    0.01988821719283114,
    0.018586793709384385,
    0.0173821664289868,
    0.016267230203769273,
    0.015234544670739968,
    0.014279037449753099,
    0.0133929578598963,
    0.012570626422219759,
    0.011808131119096467,
    0.011100810843158447,
    0.010443313768557316,
    0.009832398617066909,
    0.009265020071898916,
    0.008736878115071114,
    0.008245571266843532,
    0.007788279583860475,
    0.007361041408571491,
    0.006962286179625739,
    0.006589674482871846,
    0.006241134664981474,
    0.0059149132943385006,
    0.005608256981192081,
    0.0053200540110518784,
    0.005048937332295969,
    0.004794238982458632,
    0.004555059349654679,
    0.004330063746640285,
    0.004117565783674767,
    0.003916732789670115,
    0.0037276531101553215,
    0.003549715909774477,
    0.003381937522575382,
    0.00322354295226409,
    0.0030734916274939602,
    0.002930602959369212,
    0.002794444568723603,
    0.002664977331177938,
    0.0025420892602929725,
    0.0024251948606867184,
    0.0023136061520708513,
    0.0022075303024550598,
    0.0021066415194387024,
    0.0020107679886158625,
    0.0019193029420109965,
    0.0018319620847572174,
    0.0017487760371094289,
    0.0016700002026368893,
    0.0015952255258136294,
    0.0015238575569919552,
    0.0014556167806478277,
    0.0013904757429971917,
    0.001328383841179636,
    0.0012690135218494801,
    0.001212276007306156,
    0.0011578141040725293,
    0.0011055467656077278,
    0.001055202748265626,
    0.0010068481204960592,
    0.0009603218405025238,
    0.0009154297020399673,
    0.0008722045502524581,
    0.0008305164591294076,
    0.0007904166821626403,
    0.0007519846632537455,
    0.0007148473195852675,
    0.0006790366299983332,
    0.0006446314834225468,
    0.0006115846545083045,
    0.000579876850980193,
    0.000549582548251986,
    0.0005205322763713197,
    0.0004926122963506138,
    0.0004659296190381106,
    0.00044053515489182244,
    0.00041621590846260256,
    0.00039317819459753855,
    0.00037131725842543163,
    0.00035060833939235865,
    0.00033076137503772895,
    0.0003117363604183905,
    0.00029348363485107794,
    0.00027611009484333223,
    0.00025944727278237893,
    0.00024343072881775505,
    0.00022803864244752125,
    0.00021335404354480791,
    0.00019937435657607863,
    0.0001861352347574724,
    0.0001737825319381757,
    0.00016234296175281736,
    0.00015184814387990306,
    0.00014235382897409823,
    0.00013367095283068706,
    0.00012579724662332642,
    0.00011842227892823229,
    0.00011142711660104993,
    0.00010486120250750593,
    9.862928581270925e-05,
    9.268406690751629e-05,
    8.703612961264765e-05,
    8.159919685923401e-05,
    7.633513201268173e-05,
    7.129303636401382e-05,
    6.642986691639855e-05,
    6.178511637721767e-05,
    5.732538125166377e-05,
    5.307075302418586e-05,
    4.916831949488826e-05,
    4.546772347408853e-05,
    4.199895713260288e-05,
    3.8694204913392426e-05,
    3.557359814622384e-05,
    3.26279107742141e-05,
    2.9921563729593845e-05,
    2.7406146660837288e-05,
    2.5097040279844402e-05,
    2.3039260202380297e-05,
    2.108067641177329e-05,
    1.924630160951769e-05,
    1.7492039183540057e-05,
    1.5828045999423273e-05,
    1.4254613247741336e-05,
    1.2772033373555971e-05,
    1.1380600082549667e-05,
    1.0040842633699435e-05,
    8.787761018565777e-06,
    7.626617809780436e-06,
    6.58763262514613e-06,
    5.631264465637054e-06,
    4.822751864424275e-06,
    4.122551662532914e-06,
    3.5109829135890806e-06,
    3.0234328405192285e-06,
    2.615131713841597e-06,
    2.2662391167035837e-06,
    1.966888807625415e-06,
    1.7172432193494697e-06,
    1.4720927744678484e-06,
    1.246593049496713e-06,
    1.0256512764958665e-06,
    8.244565123072397e-07,
    6.886460193095055e-07,
    6.133664432249396e-07,
    5.531452336820428e-07,
    5.131125206323382e-07,
    4.7299143477717593e-07,
    4.378732325602236e-07,
    4.026773351797192e-07,
    3.6740348504751803e-07,
    3.3205142178772484e-07,
    2.966208861395446e-07,
    2.6111161549688167e-07,
    2.3064887853196414e-07,
    2.0524953388707173e-07,
    1.7979355776373785e-07,
    1.5942345215013538e-07,
    1.3900782703152247e-07,
    1.288549228420831e-07,
    1.1867928008704215e-07,
    1.1364657476679984e-07,
    1.0860257348159451e-07,
    1.0354723664536926e-07,
    9.848052745981771e-08,
    9.340240633888297e-08,
    8.831283481160837e-08,
    8.32117749645873e-08,
    7.809918721176288e-08,
    7.297503252462835e-08,
    6.783927131712681e-08,
    6.26918645607515e-08,
    5.753277211189542e-08,
    5.2361954942051794e-08,
    4.717937235006356e-08,
    4.198498419232373e-08,
    3.677875088277543e-08,
    3.1560630605161394e-08,
    2.6330583215874647e-08,
    2.108856745620801e-08,
    1.5834543182554512e-08,
    1.0568468021106795e-08,
    5.290300713157679e-09,
    0.0,
    0.0,
    0.0,
    0.0,
    0.0,
    0.0,
    0.0,
    0.0,
    0.0,
    0.0,
    0.0,
    0.0,
    0.0,
    0.0,
    0.0,
    0.0,
    0.0,
    0.0,
    0.0,
    0.0
  ],