{
  "success": true,
  "x0": [
    0.32587998615737024,
    0.18088045703614836,
    0.49323955680648135,
    0.7916545529637605,
    0.7906545529637605,
    0.9197442994329762
  ],
  "x": [
    0.05736528229262605,
    0.942634717707374,
    5.79878755690294e-18,
    75.3009853513208,
    8.717996170908602,
    0.9197442994329762
  ],
  "SSE": 0.0061806994548955375,
  "exp_data": [
    1.0,
    0.9157383792507612,
    0.8333408388496942,
    0.7542739124193821,
    0.6794388488994881,
    0.6090667423200787,
    0.5436456573287375,
    0.4837207668616237,
    0.42975570599791635,
    0.38194955117589735,
    0.3401554883732717,
    0.3039057631108441,
    0.2725499902775181,
    0.24540119568432087,
    0.22185328695495088,
    0.20138806583423777,
    0.1835510968067238,
    0.16796269212341422,
    0.15429433411779353,
    0.14228574626444054,
    0.13169354662387608,
    0.12232268955810624,
    0.11399786005831962,
    0.10656632327800236,
    0.09989817557257398,
    0.09390446545179784,
    0.08849665774569845,
    0.08360092664748686,
    0.07916938607432633,
    0.07514576628502041,
    0.07147556027847382,
    0.06812472568613295,
    0.06506049111315163,
    0.06225165152321962,
    0.05966091169024514,
    0.05728005499828329,
    0.05507849562690671,
    0.05305060701627895,
    0.05119632461406094,
    0.04948962585352953,
    0.04791153575309127,
    0.04644546253153894,
    0.04505994484149488,
    0.04373189106200469,
    0.0424620386962545,
    0.041244304981383886,
    0.04007166245561982,
    0.038933041732673285,
    0.03784033010274951,
    0.036778459319088935,
    0.03575077950101395,
    0.034771203601783776,
    0.03384064083953013,
    0.032952356456579256,
    0.03211988632918609,
    0.031337695170150955,
    0.030602845705804477,
    0.029916281621156535,
    0.029268728047171233,
    0.02865620892260646,
    0.028073226582727415,
    0.027518893562950703,
    0.02699240011928806,
    0.02650100652755037,
    0.0260367063933718,
    0.02558241340318776,
    0.02513740721088732,
    0.024699562309277424,
    0.024272125920195373,
    0.023858161804447855,
    0.02345131473163049,
    0.023048937135179786,
    0.02265612716812355,
    0.022268451457625994,
    0.0218816727794728,
    0.021500608897574644,
    0.021115620423063818,
    0.020735099020287695,
    0.020361019179033636,
    0.020001934948727103,
    0.019656128889781046,
    0.019332638296621317,
    0.01902822506295789,
    0.018734056550433115,
    0.01843945818149484,
    0.01815461299340751,
    0.017876997100819414,
    0.017599708874544685,
    0.017314776317855933,
    0.017018011374476668,
    0.01672064765908499,
    0.016440947192946673,
    0.016179408174027896,
    0.015927888147721024,
    0.015689564920477433,
    0.01546696409520883,
    0.015238439140718364,
    0.015007963803150438,
    0.014784128342011114,
    0.01455732707553532,
    0.014355395507175465,
    0.01415146343717674,
    0.013947291470921467,
    0.013732769773258702,
    0.013514682874464447,
    0.013291885754404816,
    0.01306583853794674,
    0.012851210498627513,
    0.012648500306990204,
    0.012460792303972774,
    0.012279624492360322,
    0.012107668044448197,
    0.011940768153659628,
    0.011769365807876684,
    0.011583658208712681,
    0.011380084622190532,
    0.01117335828161258,
    0.010957626161526334,
    0.010751272206163384,
    0.01054593991498918,
    0.010351332480707954,
    0.010179997334934262,
    0.01001274978101219,
    0.009857573606389603,
    0.00970321278770011,
    0.00954944523682992,
    0.009395148643622852,
    0.009247944514294285,
    0.009109841913395752,
    0.008964220802407035,
    0.008811787289276661,
    0.008668629142270583,
    0.008546712618293888,
    0.008448739785289427,
    0.008368338885471232,
    0.008301631191546492,
    0.008246708073398192,
    0.008199868792065574,
    0.00816511336185025,
    0.008124793375915918,
    0.008080306873414626,
    0.008043608392531657,
    0.0080024316195946,
    0.00795936755850087,
    0.007896666896643372,
    0.007815167511870518,
    0.0077146042904950515,
    0.007595795104446083,
    0.007452943674812842,
    0.007296548634123809,
    0.00713567520848348,
    0.006984497422226723,
    0.0068507753606168505,
    0.006732589908521911,
    0.006627794225020145,
    0.006528653109797505,
    0.006443493904476393,
    0.006358422030123817,
    0.00627066010679313,
    0.006178600409312261,
    0.006088614702437121,
    0.005991979274842065,
    0.005888924273206957,
    0.005783791645114034,
    0.005683557391585919,
    0.005590951608996829,
    0.005500696485499055,
    0.005412402382388578,
    0.005339522508000915,
    0.005285737234036266,
    0.005256173661368394,
    0.005252269919894408,
    0.005269740455111117,
    0.00529022271420736,
    0.0053075779323001945,
    0.005327726539872821,
    0.005350477073423629,
    0.0053622964757553595,
    0.00536476910261785,
    0.0053616992384312515,
    0.005349327562554526,
    0.005329352788419743,
    0.005291602840005384,
    0.005239246461756891,
    0.005183496310239127,
    0.0051281827244563545,
    0.005076900933492887,
    0.005030580530823331,
    0.005002283912308317,
    0.0049823321468178226,
    0.004976145538591447,
    0.0049678080652225615,
    0.004964318905830715,
    0.004965217416431332,
    0.00496290761262428,
    0.0049734977196164145,
    0.004984465294305568,
    0.004985732089702354,
    0.004966216520613825,
    0.004928261126361611,
    0.004868853487127879,
    0.004783993443833717,
    0.004677210025449673,
    0.004546282843396111,
    0.004393844520627601,
    0.004242295190230107,
    0.004097635879051147,
    0.003969025772428011,
    0.0038689950543130004,
    0.0037987112611780373,
    0.003753807961133085,
    0.0037305180436399982,
    0.0037419907203609494,
    0.0037682323936391805,
    0.003794045324604874,
    0.0038083187611765313,
    0.0038139543896119903,
    0.0038124807972256744,
    0.0038075597895573777,
    0.0037984211985849334,
    0.0037759902029962707,
    0.003736963631336101,
    0.0036792958940413314,
    0.003613653680594899,
    0.0035326961804444455,
    0.0034457397833559857,
    0.0033630172349601592,
    0.0032985192892350163,
    0.0032617355338010563,
    0.0032474946148756127,
    0.0032475809612508375,
    0.003251447402421679,
    0.0032494361401036996,
    0.003237006402622948,
    0.003217772446287723,
    0.0031899125991909035,
    0.003163028062176907,
    0.0031286965887142508,
    0.0030885142053724028,
    0.003046184243207785,
    0.003001059370656076,
    0.0029541691429585573,
    0.0029049380422529977,
    0.0028559196415772195,
    0.0028025361630905337,
    0.0027401161736774027,
    0.0026742165522902904,
    0.002608188748543511,
    0.0025513575638988176,
    0.0025058931802122014
  ],