{
  "x0": [
    0.2042705757745355,
    0.34169155909818333,
    0.45403786512728117,
    0.3289212940899444,
    0.11897110947804133,
    0.9172594963667466
  ],
  "x": [
    0.10810031510901441,
    0.8692158994998957,
    0.022682842518949975,
    1800.4278958284744,
    1.9632218815305593,
    0.9172594963667466
  ],
  "SSE": 0.00759420389605332,
  "exp_data": [
    1.0,
    0.6500700958156099,
    0.39351594616929825,
    0.2742420689341544,
    0.21756108737454977,
    0.18754720062160646,
    0.17000938426450687,
    0.1579242825676761,
    0.14881989316097294,
    0.14171434865956767,
    0.1360312396471064,
    0.13139735784277698,
    0.1275503015080953,
    0.12422304124846814,
    0.12133794329940091,
    0.11889233810415155,
    0.11677692498250956,
    0.11492267866192653,
    0.11336468172921454,
    0.11197592163677945,
    0.11073605978795222,
    0.1096678539396782,
    0.10882632836729575,
    0.10812970041761479,
    0.10743241296827763,
    0.10679073269276902,
    0.10626487443619966,
    0.10578672359505314,
    0.10533296339603555,
    0.10491507909255468,
    0.10454956458325494,
    0.10416524952939621,
    0.10379821070384747,
    0.10354980947429658,
    0.10335185718134576,
    0.10311979630158699,
    0.10289523710437833,
    0.10271498872989797,
    0.10259011149966966,
    0.10250282676209392,
    0.10245333071251093,
    0.1023227699809757,
    0.10221452886796221,
    0.10212419246387164,
    0.10203298022430125,
    0.10194818164823756,
    0.10182612827661919,
    0.1017431417621562,
    0.10165702794537802,
    0.10148782062693269,
    0.10130817866104216,
    0.101229851288653,
    0.10119624433487925,
    0.10114972089653351,
    0.10111493894840629,
    0.10109374572735016,
    0.10102004324956865,
    0.10097407680775318,
    0.10089397247137594,
    0.10080427092423687,
    0.10080908720995578,
    0.10078533673592432,
    0.10075572141353144,
    0.10070895039810843,
    0.10059866556576416,
    0.10047861940106625,
    0.10042097501369143,
    0.10033588437248858,
    0.10030628186209233,
    0.10026252101003186,
    0.10022606855102759,
    0.10016968990093382,
    0.10009668565038134,
    0.09997700191374481,
    0.09992200373174324,
    0.09984352929939372,
    0.09978543699119992,
    0.09979623996233444,
    0.09980813942361962,
    0.0997778451782662,
    0.09975622996998453,
    0.09971359649050576,
    0.09973279753308019,
    0.09975126202170628,
    0.09976024049263411,
    0.09979383333616457,
    0.09977184997103718,
    0.09976406362636842,
    0.0997783661938103,
    0.09976076176785642,
    0.09970293037286351,
    0.09967516473586539,
    0.09970807372533638,
    0.09973786850089217,
    0.0996800338608748,
    0.09963303674108155,
    0.09962072415825862,
    0.09963087947747268,
    0.09961417882119845,
    0.09961892750618026,
    0.09965527997612222,
    0.09969888623783019,
    0.099678180813716,
    0.09964829419610712,
    0.0995817261625385,
    0.09947086053247878,
    0.09938653356447018,
    0.0993048515696069,
    0.099275510950249,
    0.0992920860867891,
    0.09935687514696459,
    0.09943620622393312,
    0.09949806662141623,
    0.09948979777592684,
    0.09947506145327495,
    0.09947270016436058,
    0.09942312623465231,
    0.09933131907037505,
    0.09926710985037532,
    0.0992311651713159,
    0.09922827805517961,
    0.09919098278886322,
    0.09916866214449829,
    0.09909014927776502,
    0.09901429503658754,
    0.09899278067788285,
    0.09898222127404871,
    0.09897365904186851,
    0.09892903143499733,
    0.09893688407681434,
    0.09896528067233726,
    0.09900021937889947,
    0.09895602481686412,
    0.09890405173351513,
    0.09893749475504986,
    0.09899346160696897,
    0.09901621385620743,
    0.09901439148967177,
    0.09902470915748568,
    0.09905525503554094,
    0.09913095340393131,
    0.09915213586440805,
    0.09911388034968828,
    0.09910496892902594,
    0.09908839907755622,
    0.09906933889639448,
    0.09903068198733533,
    0.09894377255667615,
    0.09885396265882247,
    0.09883006245460373,
    0.09876914740561704,
    0.09872590358306854,
    0.09866961551610137,
    0.09857557866966649,
    0.09852204053928199,
    0.0985155947086364,
    0.09849135134359775,
    0.09848393245431963,
    0.09845404622729664,
    0.09846535970628792,
    0.09850543825019342,
    0.09851859076674187,
    0.09849535794462456,
    0.09844103525088267,
    0.09843701108965885,
    0.09843506073731867,
    0.09840678407488425,
    0.09840521452019425,
    0.09838315893859512,
    0.09836315663526149,
    0.0983434462942234,
    0.0983639714091583,
    0.09843462532472744,
    0.09846902495146276,
    0.09845435279149334,
    0.09845488859627789,
    0.09843142212728447,
    0.09846562046709811,
    0.09854209101393756,
    0.09856863822556451,
    0.09854993403627105,
    0.09851918333307107,
    0.09845481644474324,
    0.0983901581808961,
    0.09837671350233843,
    0.0983549925099851,
    0.09836339796836434,
    0.09838421932769026,
    0.09836926690295038,
    0.09830643513709339,
    0.09821787535288305,
    0.09817067512559861,
    0.09811588004285185,
    0.09802533840396428,
    0.09795971716286159,
    0.09792100176403709,
    0.09796423758987294,
    0.09801413364441874,
    0.09804818586087838,
    0.09801334419793147,
    0.09795397388616214,
    0.09791706325705445,
    0.09791846233238302,
    0.09786912955086441,
    0.09781616146916426,
    0.09771100840053804,
    0.09766214918901411,
    0.09763263903356062,
    0.09762724816105046,
    0.09763419914640932,
    0.0975714313616304,
    0.09754156957329795,
    0.09755458693402928,
    0.09750485359500298,
    0.0974787712019325,
    0.09743593868775936,
    0.09744448055720065,
    0.09746293020068342,
    0.09744036123892356,
    0.09735149828712755,
    0.09722933336037502,
    0.09710072761175181,
    0.09705191904846705,
    0.09703926140516315,
    0.09707680722343742,
    0.0971386491564616,
    0.09722154381670539,
    0.09729067160734782,
    0.09731233338546996,
    0.0972867233318992,
    0.09727037442953654,
    0.09731753060576015,
    0.09732771855626302,
    0.09729784598186615,
    0.0972494980341245,
    0.09716705416788107,
    0.09712804801772268,
    0.09716779648118654,
    0.09712808831306198,
    0.09717053226920364,
    0.097165973195134,
    0.0971425247596401,
    0.09707745817066442,
    0.09700592876704572,
    0.09702063680072119,
    0.09707723026744858,
    0.09704738988897393,
    0.09706239101009467,
    0.09706531027605839,
    0.0970385843548688
  ],