{
  "x0": [
    0.09905966295086133,
    0.5111225466701368,
    0.3898177903790018,
    0.9066725268907748,
    0.8465414706933212,
    0.2960843412098237
  ],
  "x": [
    0.8699909322023568,
    0.10772387133058621,
    0.022283416382637096,
    1.9113600001516033,
    2042.5608043592108,
    0.2960843412098237
  ],
  "SSE": 0.007896749936965115,
  "exp_data": [
    1.0,
    0.6427589626943093,
    0.38395795221265683,
    0.26684233517316797,
    0.21242857186769967,
    0.1841607354239893,
    0.16777488911663294,
    0.15638249319656153,
    0.14776717341178153,
    0.14086505072763725,
    0.1352645546502018,
    0.1306663473070892,
    0.12686084514807497,
    0.12360781578316572,
    0.12085250511771299,
    0.1184600808967947,
    0.11632831094829278,
    0.11452168066249341,
    0.11300936434098428,
    0.11169016877198999,
    0.11059209756422757,
    0.10959229735942656,
    0.10874235314245456,
    0.10800038657183396,
    0.10732448426018487,
    0.10666646702040755,
    0.10606095086009404,
    0.10557480318131209,
    0.10519577318705826,
    0.10492765953385827,
    0.10461604362855251,
    0.10426294857386072,
    0.10392515445423148,
    0.10364808093751486,
    0.10338169829536963,
    0.10318113528184313,
    0.10297866625091359,
    0.10284988880357707,
    0.10265885953103658,
    0.10243969872132233,
    0.10223379871880091,
    0.10208620560671472,
    0.10195710476494646,
    0.10186505116898609,
    0.1017492143116154,
    0.10169817878167275,
    0.10160162733412614,
    0.10149795647546388,
    0.10143650925272724,
    0.10143607194410308,
    0.10144900979310928,
    0.10142202881701398,
    0.10135840847425949,
    0.10126038281473691,
    0.10114889149873521,
    0.1010347273584819,
    0.10096926552589518,
    0.10091102086577038,
    0.1008963725576755,
    0.1008495589202329,
    0.10078501522914989,
    0.10071107736833669,
    0.10073899779281997,
    0.10078394546889484,
    0.10080183301051229,
    0.10083911075046091,
    0.10084047367663612,
    0.10077725977429518,
    0.100737737530404,
    0.10073900609727522,
    0.10067974394666665,
    0.10057295263005193,
    0.1004553806693068,
    0.10038023263353239,
    0.10030213792063875,
    0.10021462936694608,
    0.10013736970940706,
    0.10006700538726813,
    0.10005730717191463,
    0.10004662373947656,
    0.10004616793443749,
    0.1000515114385894,
    0.10004382553913942,
    0.10004343370968644,
    0.10007577317434246,
    0.1000616600737872,
    0.09998175520290145,
    0.09989427764384866,
    0.09983004835631062,
    0.09977177777288208,
    0.09969691569361136,
    0.09974229230208473,
    0.09979309017821093,
    0.09976720651954123,
    0.09971937934682919,
    0.09968907417201303,
    0.09968119591727354,
    0.09962582363636005,
    0.0996051797698165,
    0.09961038629222073,
    0.0996754255530894,
    0.0996615259077997,
    0.09966529579652829,
    0.09962099673690707,
    0.09957168242790261,
    0.09956133629496529,
    0.09953690942399354,
    0.0995028647234794,
    0.09950306918276726,
    0.09953128691393903,
    0.09959994510961402,
    0.09967311707229376,
    0.09972492578230958,
    0.09966853359764959,
    0.09953975280567519,
    0.0994843671477253,
    0.09946985038917862,
    0.09946813923885442,
    0.09944443811888234,
    0.09935757298417004,
    0.09929266789109394,
    0.0992615021021088,
    0.09921266454185344,
    0.09920673813665015,
    0.09919166720366626,
    0.09915159861526027,
    0.09910998179183977,
    0.09915997377148224,
    0.09918774019483625,
    0.09914197703141411,
    0.09908527128868663,
    0.09901410621629814,
    0.09899955205899698,
    0.09905357911189623,
    0.09911664036569094,
    0.09916974392452309,
    0.09916455484458683,
    0.09912799355653527,
    0.09913577566359287,
    0.09922177151916108,
    0.09927506285901687,
    0.09931215073365553,
    0.0993160475571589,
    0.09929185771771658,
    0.09931775564145685,
    0.09933603283016362,
    0.0993376398157348,
    0.09929080636767934,
    0.09925165549661429,
    0.09922131247397172,
    0.09921604655176135,
    0.09928590720340963,
    0.09928327248122198,
    0.09925022123868957,
    0.09925960886409096,
    0.09926962989302755,
    0.09925009958061684,
    0.09915370995490237,
    0.09907020631475473,
    0.09903286470948965,
    0.09898174519192546,
    0.09896970220382353,
    0.0990113633424133,
    0.09903884466544337,
    0.09901203160591251,
    0.0990464582851829,
    0.09912975793649605,
    0.09921196547240545,
    0.09923748822156925,
    0.09926245233271733,
    0.09935859712562614,
    0.0994411255026359,
    0.0994377433589042,
    0.0994811598967886,
    0.0994317234582675,
    0.09938414473085709,
    0.09938610882532826,
    0.09938623019966177,
    0.09937942520432523,
    0.09939605752875069,
    0.09937660664336012,
    0.09926848702078098,
    0.09919024033272904,
    0.09915612903278671,
    0.09911751253608808,
    0.09911039017262405,
    0.09914777943753189,
    0.09911780372176558,
    0.09912434080229453,
    0.09914833241711485,
    0.09917610446466506,
    0.09911968641173512,
    0.09906647019770298,
    0.09903153149767147,
    0.099038274535612,
    0.09905699452119604,
    0.0990231546804705,
    0.09896830067353835,
    0.09895198801178565,
    0.09899667534139354,
    0.09898205021592443,
    0.09890359272099902,
    0.09882862236681535,
    0.09882410284790558,
    0.09886328550211189,
    0.0988929739097705,
    0.09887691499730228,
    0.09881893786544926,
    0.09882097906939297,
    0.09876218743643299,
    0.09868618984619829,
    0.09870695326521689,
    0.09872966373211553,
    0.09871688419014278,
    0.09868705184792713,
    0.09868144083184319,
    0.09868344285997453,
    0.0986814509310583,
    0.09873832250130907,
    0.09878315313487415,
    0.09878357862652805,
    0.09870193865186264,
    0.09866161647072719,
    0.0986248236239506,
    0.09863630221353102,
    0.0986553430878264,
    0.09868987331587462,
    0.09867912312512363,
    0.09864783567728778,
    0.09860973035553879,
    0.09857448164812314,
    0.09854607270300902,
    0.09850489705030029,
    0.0984318666095085,
    0.09835491028665848,
    0.09826587107977798,
    0.0982247914516819,
    0.09814199311440418,
    0.09813219685244383,
    0.09821461252958914,
    0.0982495445815634,
    0.0982565823628457,
    0.09824824565050871,
    0.09821342381015542,
    0.09827003039108508,
    0.09838340743932421,
    0.0984622836188809,
    0.098434437797155,
    0.09838443555751432,
    0.09836088672330269
  ],