{
  "x0": [
    0.36747390401531793,
    0.47218878390037644,
    0.16033731208430543,
    0.5702122860582718,
    0.22701654178923053,
    0.8615615209668829
  ],
  "x": [
    0.11199293292401812,
    0.8864386249263737,
    0.0015684421496081843,
    1252.7614057395222,
    2.4667896757968046,
    0.8615615209668829
  ],
  "SSE": 0.006727344615271271,
  "a1": 0.11199293292401812,
  "a2": 0.8864386249263737,
  "a3": 0.0015684421496081843,
  "a": 1252.7614057395222,
  "b": 2.4667896757968046,
  "c": 0.8615615209668829,
  "exp_data": [
    1.0,
    0.7198293033430941,
    0.49264180405788777,
    0.3544769391696638,
    0.27365567791313394,
    0.22507810957267538,
    0.1951858421669484,
    0.17615323396987187,
    0.16358427119995597,
    0.15481039982696007,
    0.14825094618713272,
    0.14296565340668835,
    0.1385203997396297,
    0.13467606263440893,
    0.1313526506797486,
    0.12849199408887962,
    0.12596067598086755,
    0.123766264650151,
    0.12182331019332215,
    0.1201488410204312,
    0.11864344553557822,
    0.11726788671894256,
    0.1160470818871944,
    0.11498482070241986,
    0.11403613793658346,
    0.11320416800334158,
    0.11241809853643157,
    0.11166708965480558,
    0.11101667424093918,
    0.11042125626210453,
    0.10989325861644055,
    0.10939811850064285,
    0.10896367968526302,
    0.10856211638059633,
    0.10817080744061977,
    0.10784541666910887,
    0.10750053737943767,
    0.10717352937638516,
    0.10689258770945545,
    0.10663511979994558,
    0.10639791841043249,
    0.10618019111913157,
    0.10594369811016661,
    0.10568361313472678,
    0.10540621186442789,
    0.1051679682304275,
    0.10496639924964232,
    0.10476690461638351,
    0.10456774636505507,
    0.10438811816540784,
    0.1042323202015434,
    0.10410640967375996,
    0.10396959049127379,
    0.10381735169298421,
    0.10364833364123847,
    0.10348645325074884,
    0.10334732242907109,
    0.10322314950896264,
    0.10309659561551747,
    0.10298322371395963,
    0.10284005346052685,
    0.10268424771097831,
    0.10255856274071011,
    0.10243472992400755,
    0.10237544309494788,
    0.10227807456175039,
    0.10218180652863018,
    0.10209535443003963,
    0.10200673909442742,
    0.10192868701936122,
    0.10184277076231632,
    0.10173904393009146,
    0.10167058831362372,
    0.10163219850559414,
    0.10160097049851283,
    0.10157588682194454,
    0.10150981012645179,
    0.10142788735165253,
    0.10135340790930975,
    0.1012705273272213,
    0.1011633814175952,
    0.10106746426671728,
    0.10102464035766577,
    0.10099338948885792,
    0.10093899516209912,
    0.10088444250012561,
    0.1008435221734842,
    0.10080955157121657,
    0.10079371033267699,
    0.10072844120237026,
    0.10063071606726104,
    0.10052006125541682,
    0.10041096396860837,
    0.10029590958321684,
    0.1001957831615707,
    0.1001590808049919,
    0.10011558242109395,
    0.10005646741326284,
    0.09999663850493,
    0.09989713939651276,
    0.09987740053866814,
    0.09984180487570819,
    0.09981073347707836,
    0.09975628624296644,
    0.0997061086063466,
    0.09964407165289481,
    0.09957118428990758,
    0.09947878628213878,
    0.09937856030242008,
    0.0992909421701544,
    0.09920940559360379,
    0.09916439223721764,
    0.09918222779890752,
    0.09923257460621633,
    0.09925664147129594,
    0.09922641963374924,
    0.09918326150385844,
    0.09906691334651192,
    0.09898444913673315,
    0.09889498037329068,
    0.09880037527698772,
    0.09875196514898738,
    0.09871587897991534,
    0.09870585688085852,
    0.0987102753296678,
    0.09867589921939417,
    0.09865610322356096,
    0.09862698148397304,
    0.09861774227199144,
    0.09857736315900605,
    0.09849217863697532,
    0.09839282429279314,
    0.09835046066511792,
    0.0983152490889568,
    0.09829688660610568,
    0.09828088934542377,
    0.0982637727072289,
    0.09823641232967127,
    0.0982303052304356,
    0.09820185355459558,
    0.0981298222160439,
    0.09806155688271405,
    0.09800086320108327,
    0.09799351052227777,
    0.09798218678924721,
    0.09799123646190061,
    0.0979737184223645,
    0.09796267424845263,
    0.09790836615046869,
    0.09783005772454012,
    0.09776563059525419,
    0.09770798874193388,
    0.097670289215064,
    0.09767300013724674,
    0.09767553383942645,
    0.09766315574868019,
    0.09765439071128773,
    0.09761296567451085,
    0.09756245919095889,
    0.09751178098779378,
    0.09742694212854745,
    0.09735394913525725,
    0.09730734251347774,
    0.09727303035887883,
    0.09724719678779267,
    0.0972620677942544,
    0.09729602894400047,
    0.09732481322947084,
    0.09733466222131276,
    0.09734673527415895,
    0.0973418713767967,
    0.09733428635465892,
    0.0973066921892948,
    0.0972560275727193,
    0.09719774003788281,
    0.09716529662624658,
    0.09716776263347243,
    0.09714466696063752,
    0.0971330561913059,
    0.097111620313809,
    0.09708365704389685,
    0.09705772334122643,
    0.09702786824124622,
    0.09698271693849335,
    0.09694313534797437,
    0.09691883565269499,
    0.0968998037067408,
    0.09689297590666014,
    0.09689868654410351,
    0.09688663707041012,
    0.09692065341240147,
    0.09693217289079244,
    0.09691221025772898,
    0.09688110753629643,
    0.09683133951526247,
    0.09682801882499391,
    0.09680638804464453,
    0.0967974262160732,
    0.09679670476945838,
    0.09677954852853039,
    0.09680714134165803,
    0.09683200405701495,
    0.0968526146197728,
    0.09685186385184855,
    0.09681081809076855,
    0.09679232499541121,
    0.09678033396526275,
    0.09678229944168248,
    0.0967465893070545,
    0.09672174470000824,
    0.09668344576965353,
    0.09664872069207672,
    0.09665703922098726,
    0.09667918128848668,
    0.09668728926491212,
    0.09666757737855813,
    0.09662440527610006,
    0.09659145502512836,
    0.09658880595329601,
    0.09659471606378142,
    0.0965645796686495,
    0.09650196555045606,
    0.09648637978475061,
    0.09653916827885885,
    0.0965601992559577,
    0.09654629798685946,
    0.09652386972699933,
    0.09650268862047731,
    0.09650960297578791,
    0.09650134221838719,
    0.09651560161311792,
    0.09651765530751824,
    0.09651117977057921,
    0.09646204013117302,
    0.09642622706279064,
    0.09635889811907358,
    0.09631504044923321,
    0.09630055150502755,
    0.09628252534073509,
    0.09625597456629326,
    0.09623905206355558,
    0.09622568659179191,
    0.09616409002739842,
    0.09611392150336072,
    0.09610984557398128,
    0.09609476852217896,
    0.09609099500955061,
    0.09604470552490844,
    0.09601999215941645,
    0.09598288603066472
  ],