{
  "success": true,
  "x0": [
    0.5470594187726922,
    0.23189978291268504,
    0.22104079831462267,
    0.7576679929752187,
    0.40574046119712237,
    0.9435322663173471
  ],
  "x": [
    0.616033354206696,
    0.3813819195632865,
    0.0025847262300174546,
    15111.960763407324,
    10.268994238088895,
    0.9435322663173471
  ],
  "SSE": 0.0019314774488194374,
  "exp_data": [
    1.0,
    0.967055179897424,
    0.9350932255423658,
    0.9046350833016134,
    0.8761331202595981,
    0.8499389370136544,
    0.8262066625497461,
    0.8048987395824131,
    0.7858650495458299,
    0.7689298699508748,
    0.7539028384107267,
    0.7405719567943287,
    0.728720223263724,
    0.7181689490934656,
    0.7087628785625038,
    0.7003639296886638,
    0.6928571408680431,
    0.6861338661965518,
    0.6800974155644662,
    0.6746650873565284,
    0.6697691266506602,
    0.6653475839820464,
    0.6613470561675998,
    0.6577228850772214,
    0.6544415801231734,
    0.6514626817838246,
    0.6487510183895516,
    0.6462748097158625,
    0.6440109137107224,
    0.6419394202986709,
    0.6400440592953599,
    0.6383167068322098,
    0.6367362652246528,
    0.6352848657304001,
    0.6339441860227574,
    0.6327024991049051,
    0.6315538285796246,
    0.6304861103415725,
    0.6294919785436833,
    0.6285625531301778,
    0.627694224902082,
    0.626879002405211,
    0.6261159316006039,
    0.6253974621812195,
    0.6247259395221504,
    0.6240892652022642,
    0.6234904845118475,
    0.6229283932868707,
    0.62239549371896,
    0.6218921126054108,
    0.6214095667189953,
    0.6209430217079127,
    0.6204963036449147,
    0.6200674604926978,
    0.6196579621322212,
    0.6192702979486369,
    0.6188954387966367,
    0.6185316765586484,
    0.6181797528980439,
    0.6178427287295573,
    0.6175244462159865,
    0.6172253329500815,
    0.6169480210265924,
    0.6166874678285758,
    0.6164391776836521,
    0.6161995854089667,
    0.6159733406296272,
    0.6157602852199332,
    0.6155567768879703,
    0.6153570544541113,
    0.6151597602850664,
    0.6149615738187166,
    0.6147700875254561,
    0.6145810174787619,
    0.6143935906631023,
    0.6142140234013606,
    0.6140411619134833,
    0.6138770716633363,
    0.613720120524094,
    0.6135732886391271,
    0.6134393471582181,
    0.6133186409943622,
    0.6132050690178984,
    0.6130968996350566,
    0.6129979437229438,
    0.6129061268735136,
    0.612819563916772,
    0.6127333877107124,
    0.6126451513938909,
    0.6125490597548349,
    0.6124396944351512,
    0.6123139036895546,
    0.6121698252327247,
    0.6120106871084513,
    0.6118484800520868,
    0.6116812233653792,
    0.6115091160967698,
    0.6113326665989779,
    0.6111504248875629,
    0.6109626291781272,
    0.6107778163265306,
    0.6105968984588827,
    0.6104303346756762,
    0.6102660992035004,
    0.6100986280418207,
    0.609924559538101,
    0.6097465276346229,
    0.6095687212490392,
    0.6093933420665564,
    0.6092215166269553,
    0.6090580272108843,
    0.6089008523613181,
    0.6087536107640336,
    0.6086178029644566,
    0.6084889519630378,
    0.6083688040002325,
    0.6082570718013233,
    0.6081496832008961,
    0.6080484465951329,
    0.6079490147177632,
    0.6078550609899133,
    0.6077669603938293,
    0.6076896546854036,
    0.6076272085263915,
    0.6075758857709751,
    0.6075426855959775,
    0.6075216016023134,
    0.6075121226151893,
    0.6075220707863564,
    0.6075433467958111,
    0.6075707339778017,
    0.6075938165775977,
    0.6076117023569991,
    0.6076205665334916,
    0.607622723011466,
    0.6076158942869182,
    0.607599384860327,
    0.6075747538091614,
    0.6075480245478975,
    0.6075217444553579,
    0.6074955879494656,
    0.6074714115342023,
    0.6074423780264794,
    0.6074094297683167,
    0.6073750256937308,
    0.6073456002941717,
    0.60732976006287,
    0.6073244947165123,
    0.6073242420881396,
    0.6073292949121573,
    0.6073432158317872,
    0.6073702241552358,
    0.6074106211827797,
    0.6074580544466416,
    0.6075041676011064,
    0.6075429981901017,
    0.6075750550220088,
    0.607601208955037,
    0.6076139468333458,
    0.6076206684522237,
    0.6076186621315193,
    0.6076083715118701,
    0.6075990238474572,
    0.60758608292479,
    0.6075643326733678,
    0.6075359844872529,
    0.6075022917781344,
    0.6074658421717656,
    0.607431150580533,
    0.607387306711762,
    0.6073401039661147,
    0.6072953576893896,
    0.6072454558338487,
    0.6071930281790135,
    0.6071334781821475,
    0.6070686789763524,
    0.606997069896661,
    0.6069218181345196,
    0.6068470651862278,
    0.6067717602204029,
    0.606697938252224,
    0.6066252709947176,
    0.6065588001996165,
    0.606506039553152,
    0.6064606206823814,
    0.6064336582788455,
    0.6064202030228434,
    0.6064221095065706,
    0.6064255859375001,
    0.6064275277234182,
    0.6064316700013338,
    0.6064366077275705,
    0.60644116047994,
    0.6064483288384387,
    0.6064581740205964,
    0.6064752394423115,
    0.6065004427167693,
    0.6065399034365236,
    0.6065999593462883,
    0.6066733023748422,
    0.6067464707482993,
    0.6068119681539951,
    0.606859355790509,
    0.6068890444709071,
    0.6069002016129031,
    0.6068944932316361,
    0.6068713170288358,
    0.6068370437830305,
    0.6067886966981915,
    0.6067333651994402,
    0.606676527835624,
    0.6066186427945411,
    0.6065657006245121,
    0.6065156141306626,
    0.6064744562022341,
    0.6064425275264745,
    0.606417933040985,
    0.6064043027562992,
    0.6064009357269878,
    0.6063996619853763,
    0.6064019742063492,
    0.6064072358797381,
    0.6064040659778556,
    0.6063873101441835,
    0.6063610915794889,
    0.606327641962048,
    0.6062882846809611,
    0.6062424055457277,
    0.6061937391905915,
    0.6061408798763667,
    0.6060797973657549,
    0.6060128192854967,
    0.6059469489505204,
    0.605882127926117,
    0.6058148594201629,
    0.6057422280740252,
    0.6056713567323481,
    0.6056002850384214,
    0.6055310274759255,
    0.6054712972390691,
    0.6054236320615203,
    0.6053946926918915,
    0.6053822327184148,
    0.6053883341520415,
    0.6054130713688984,
    0.6054537713986693,
    0.6055108019419221,
    0.6055744154615489,
    0.6056421994461502,
    0.6057070727182224,
    0.6057644081632653,
    0.6058093101828704,
    0.6058447415573371,
    0.6058750840828502,
    0.6059020240383148,
    0.6059235771612016,
    0.6059285698964271,
    0.6059234286942768,
    0.6059078231292517,
    0.6058860413099479,
    0.6058616202844774,
    0.6058446515736136,
    0.6058278181592271,
    0.6058111131866935,
    0.6057875834737564,
    0.6057574478067089,
    0.6057264381328568,
    0.6057059307787781,
    0.605692616213152,
    0.6056853907224142,
    0.6056832241733903,
    0.6056823525680669,
    0.6056783536779197,
    0.6056659545316956,
    0.6056513174283799,
    0.6056287891156462,
    0.605598610576306,
    0.6055651179620785,
    0.6055363607054196,
    0.6055155993989044,
    0.6055027745383869,
    0.6054983374734142,
    0.605494618038603,
    0.6054908187735526,
    0.6054884615384616,
    0.6054810392590771,
    0.6054729534325808,
    0.6054611042479946,
    0.6054489828941286,
    0.6054469967062251,
    0.6054475609756097,
    0.6054462618299153,
    0.6054472138855543,
    0.6054504939076367,
    0.6054583693575952,
    0.6054743361048124,
    0.6054936047686401,
    0.6055067520804848,
    0.6055097336447016,
    0.6055112999813392,
    0.6055206887755102,
    0.6055309464136531,
    0.6055455850681981,
    0.605559000325571,
    0.6055701229986944,
    0.6055789856195642,
    0.6055834973583342,
    0.6055878295338492,
    0.6055827085936416,
    0.6055575238791168,
    0.6055121943136229,
    0.6054534861759614,
    0.6053848762185287,
    0.6053000931638806,
    0.6052099344400973,
    0.6051136089760579,
    0.60501733276644,
    0.6049190902470648,
    0.6048252929444029,
