{
  "success": true,
  "x0": [
    0.3393930568903475,
    0.1557473618432286,
    0.5048595812664239,
    0.37505405224907284,
    0.1837091227965619,
    0.6620535714449834
  ],
  "x": [
    0.8262851664808323,
    0.1522782518011742,
    0.02143658171799359,
    46321.57618063559,
    13.807473301480552,
    0.6620535714449834
  ],
  "SSE": 0.0011241094120910695,
  "exp_data": [
    1.0,
    0.9804586523021226,
    0.9645179141570669,
    0.950274649371944,
    0.9381548176167018,
    0.9281454441344883,
    0.9199997912133153,
    0.9132132726683747,
    0.9072316415005308,
    0.9016991405534718,
    0.8965018929310855,
    0.8916306892568349,
    0.8870956721642145,
    0.8828952618602026,
    0.8790152555482834,
    0.875431768210934,
    0.8721208049886622,
    0.8690632234738698,
    0.8662345412651864,
    0.863608447960682,
    0.861165906362545,
    0.8589054161281596,
    0.8568054843176208,
    0.8548585807735206,
    0.8530519985508996,
    0.8513676795162509,
    0.8497974323260461,
    0.8483392576644327,
    0.8469919916180758,
    0.8457337571094011,
    0.8445582729211087,
    0.8434586925353101,
    0.8424373701576439,
    0.8414865098063213,
    0.8405991603848747,
    0.839768359674697,
    0.8389984878288664,
    0.8382875242404654,
    0.8376291448301375,
    0.8370267282101949,
    0.8364726994434137,
    0.8359622464463783,
    0.8354901060728243,
    0.8350509707079179,
    0.83463400012444,
    0.8342386477644493,
    0.8338602820944891,
    0.8334945494890146,
    0.8331427945411294,
    0.8328110943916737,
    0.8324913563579278,
    0.832192660608157,
    0.8319090828924163,
    0.8316320474403054,
    0.8313586181841157,
    0.8310848726467331,
    0.8308150557738624,
    0.830550280889961,
    0.8302904157924852,
    0.8300460504950811,
    0.8298088616071428,
    0.8295817316598001,
    0.8293565414880686,
    0.8291381059174062,
    0.8289193203696573,
    0.8287039595050618,
    0.8284981169123801,
    0.8283005577586485,
    0.828116901317489,
    0.8279487337882855,
    0.8277867962423064,
    0.8276333993056683,
    0.8274727934485896,
    0.8273115906649742,
    0.8271527515159418,
    0.8269988048979592,
    0.8268492575876505,
    0.8267091885871524,
    0.826579650895728,
    0.8264522757895428,
    0.8263285977616853,
    0.826203685997824,
    0.8260871276666006,
    0.8259705553534218,
    0.8258543831168831,
    0.8257452530280405,
    0.8256451239779299,
    0.8255532942703998,
    0.8254661197812458,
    0.8253786365610074,
    0.8252952994312479,
    0.8252146107704166,
    0.8251349389097744,
    0.8250614329422049,
    0.8249947430457332,
    0.8249310878731658,
    0.8248717157724017,
    0.8248124851930823,
    0.824755186792325,
    0.8246990016638935,
    0.8246430034013605,
    0.824589158802085,
    0.8245413384751894,
    0.8244984719515948,
    0.8244537666073141,
    0.824406911335963,
    0.8243579330722188,
    0.8243114258182194,
    0.8242724041643684,
    0.8242434890707552,
    0.8242227153234175,
    0.8242047053116662,
    0.8241860058309038,
    0.8241582832110698,
    0.8241268440481995,
    0.824084461887319,
    0.8240340089460442,
    0.8239790632548045,
    0.8239248123991865,
    0.8238713372440198,
    0.823819954257565,
    0.8237714285714286,
    0.8237234411411624,
    0.8236728044424009,
    0.8236160076530612,
    0.8235583602484472,
    0.8234994844627747,
    0.8234323859386686,
    0.8233562615955473,
    0.8232741627649308,
    0.8231873791621912,
    0.8230935690972346,
    0.8229980777522277,
    0.8228993197278912,
    0.8228018893776592,
    0.8227110312443562,
    0.8226192936749168,
    0.8225300467611556,
    0.8224402752560098,
    0.8223444759722071,
    0.822240779883382,
    0.8221349530867803,
    0.8220324775071319,
    0.8219282599934049,
    0.821824713698429,
    0.8217238867438867,
    0.8216215354011641,
    0.8215206037568734,
    0.8214229739721975,
    0.8213356679877033,
    0.8212585009276437,
    0.8211902122597673,
    0.8211279606733204,
    0.8210801365518785,
    0.8210442999177693,
    0.8210283430069275,
    0.8210270108043217,
    0.8210355846205886,
    0.8210537389863695,
    0.8210785846316345,
    0.8211069501133786,
    0.8211408125402294,
    0.8211724755329641,
    0.8212042146467525,
    0.8212394456289979,
    0.8212792866679383,
    0.8213229993120844,
    0.8213633035953594,
    0.8213949017953046,
    0.8214195280372035,
    0.8214436850211783,
    0.8214612013425407,
    0.8214761750154608,
    0.8214935793672308,
    0.8215228486071234,
    0.8215533372206025,
    0.821584826296931,
    0.8216118156631678,
    0.8216390022675737,
    0.8216675467115829,
    0.821694568288854,
    0.8217217411820219,
    0.8217493814514223,
    0.8217803023723996,
    0.8218053195696884,
    0.8218219219338221,
    0.8218365639641071,
    0.8218470024267017,
    0.8218503547512755,
    0.8218479092615519,
    0.8218418807523009,
    0.8218248346096788,
    0.8217967499598264,
    0.8217607615827396,
    0.8217221061547149,
    0.821675954738331,
    0.8216272918691286,
    0.8215803059195845,
    0.8215280226034637,
    0.8214738156340381,
    0.821418975510204,
    0.8213717271277249,
    0.8213337636259324,
    0.8213059294542767,
    0.8212813775510204,
    0.8212630426716141,
    0.821255213583409,
    0.8212524982406756,
    0.8212478762236602,
    0.8212401554511826,
    0.8212275801749271,
    0.8212142565001461,
    0.8212000585480094,
    0.8211858525751163,
    0.821165780633241,
    0.8211392888701873,
    0.821107227188396,
    0.8210641061393501,
    0.8210126725378948,
    0.8209555814841529,
    0.8209024829931972,
    0.8208550381321631,
    0.8208056015711724,
    0.820759213622556,
    0.8207197093122963,
    0.8206800773361976,
    0.8206443726857832,
    0.8206087155369547,
    0.820569076444137,
    0.8205281857966117,
    0.8204930829353018,
    0.8204596927896959,
    0.820428021978022,
    0.8203961456102784,
    0.8203656170622755,
    0.8203378582400702,
    0.8203165112596763,
    0.8202997663860361,
    0.8202861162646877,
    0.8202804860772943,
    0.8202816503992901,
    0.8202887732870926,
    0.8203041573834774,
    0.8203319519492699,
    0.8203692534908701,
    0.8204073289975331,
    0.8204494336060415,
    0.8204985403432896,
    0.820551887303594,
    0.8206062174759039,
    0.8206601587301587,
    0.8207149629562293,
    0.8207817328717201,
    0.8208542391453225,
    0.8209344239040908,
    0.8210135381793167,
    0.821085677514249,
    0.8211425438798544,
    0.8211913426909225,
    0.8212386505622657,
    0.8212839517625232,
    0.8213368741574079,
    0.821396733761998,
    0.8214516695465371,
    0.8215002059539412,
    0.8215484775979357,
    0.8215892269350137,
    0.8216253428854221,
    0.8216688114134543,
    0.8217184336379564,
    0.8217708970099667,
    0.8218312116454973,
    0.8218902155254625,
    0.8219467953926302,
    0.8219915684583693,
    0.8220306458583433,
    0.8220682710820177,
    0.8221,
    0.8221292146242383,
    0.8221612778127878,
    0.8221981729834791,
    0.8222349715065024,
    0.8222644370666927,
    0.8222938432927128,
    0.8223052590266876,
    0.8223130022129334,
    0.8223225968648329,
    0.8223353115580373,
    0.8223513027541114,
    0.8223692189284473,
    0.8223849477351917,
    0.822395748715134,
    0.8224115546218488,
    0.8224282254425112,
    0.822453473409068,
    0.8224839858906525,
    0.8225124368559305,
    0.8225390489694637,
    0.8225631688496294,
    0.822583393556924,
    0.8226022346938775,
    0.8226141885325559,
    0.8226223054045739,
    0.8226269932658202,
    0.8226194341372913,
    0.8226091552570395,
    0.8225958613902413,
    0.822575572519084,
    0.8225458819241982,
    0.8225121666057728,
    0.8224824542124543,
    0.8224548187398353,
    0.8224227698295813,
    0.8223901966988346,
    0.8223600031722533,
    0.8223347203816591,
    0.822317437287415,
    0.8223030106037192,
    0.8222867988032909,
