{
  "success": true,
  "x0": [
    0.36300374485691456,
    0.3804158019251915,
    0.2565804532178939,
    0.6344060651370405,
    0.5471836570318933,
    0.9233668006742509
  ],
  "x": [
    0.4729828026145016,
    0.4948912969464273,
    0.03212590043907114,
    261.39484315864655,
    10.906494028423909,
    0.9233668006742509
  ],
  "SSE": 0.008328899161403287,
  "exp_data": [
    1.0,
    0.9473897069373005,
    0.8963920443374078,
    0.8488925796113531,
    0.8061167722084859,
    0.7684551234345954,
    0.7357821256196002,
    0.7073647903133821,
    0.6823597511888068,
    0.66013736452532,
    0.6402950259099874,
    0.6225365800896364,
    0.6065880128592268,
    0.592204803324812,
    0.5791708030521315,
    0.5672971886446379,
    0.5564305881811799,
    0.5464381614771423,
    0.537206681021421,
    0.5286462222961062,
    0.5206785881830432,
    0.5132424622525017,
    0.506277727718214,
    0.49973863301854243,
    0.4935868261906031,
    0.4877791215115178,
    0.48228632181305814,
    0.47707982428858997,
    0.47213344560187187,
    0.4674251624130675,
    0.46293320162937474,
    0.4586413757723995,
    0.45453599601688943,
    0.450602259516896,
    0.4468256672190693,
    0.4431968419366279,
    0.43970888086485826,
    0.43634897564727537,
    0.43310564648181304,
    0.42996982203540784,
    0.4269342410558273,
    0.4239928310599031,
    0.4211418718746181,
    0.4183757455006673,
    0.4156861011302607,
    0.413070812259636,
    0.41052142294382776,
    0.4080341821562315,
    0.4056037197279773,
    0.4032278235421354,
    0.40090402548876897,
    0.3986323975930069,
    0.3964078866377714,
    0.39422859213936007,
    0.39209492084701214,
    0.3900008477542135,
    0.3879466207091972,
    0.38593099154432114,
    0.3839450170562778,
    0.3819874007935142,
    0.38005343621184867,
    0.37814425263708784,
    0.3762589367065358,
    0.3744001241693352,
    0.3725628791826827,
    0.3707459279487119,
    0.3689481077321658,
    0.36716772299550215,
    0.3654070045429651,
    0.36366673034393965,
    0.361943950676971,
    0.36023705301961406,
    0.3585461662027983,
    0.35687461175492674,
    0.3552248601963659,
    0.3535983573769948,
    0.35199157435860723,
    0.35040573728739455,
    0.34883764183976357,
    0.3472810165738718,
    0.34573760762170364,
    0.34421046768388935,
    0.342697642476443,
    0.34119447319590956,
    0.33970344628942634,
    0.3382239781750572,
    0.3367552010326293,
    0.33530148629454504,
    0.3338598075631016,
    0.33242905477060625,
    0.3310076011994086,
    0.32959102564334575,
    0.3281837764097971,
    0.3267875280539544,
    0.3254035114844889,
    0.32403329199488495,
    0.3226783377586797,
    0.3213353311004799,
    0.32000636478953076,
    0.31869379368970746,
    0.31739353390956726,
    0.3161023402061137,
    0.31482036975592687,
    0.31354671017103125,
    0.3122817137618433,
    0.3110243330395409,
    0.30977347335422817,
    0.3085295469483328,
    0.30729093754117826,
    0.30605738932401305,
    0.3048261849417282,
    0.3035987131177401,
    0.30237659193097294,
    0.30116089138943586,
    0.299949281265701,
    0.29874234636552527,
    0.29754300122524135,
    0.2963521502529766,
    0.2951711285059641,
    0.2939991210996285,
    0.29283459028545794,
    0.29167529381924906,
    0.29051908642166874,
    0.2893694367017049,
    0.288227271963477,
    0.28709657663233473,
    0.285974375918489,
    0.28486478884441246,
    0.2837671860185084,
    0.2826828457519627,
    0.28161100559922814,
    0.280550892399435,
    0.27949941126887784,
    0.2784561350727994,
    0.2774230950735228,
    0.2764007595926192,
    0.27539128380246247,
    0.2743925592398876,
    0.2734074979110544,
    0.2724341911337172,
    0.2714720579689063,
    0.2705179807933446,
    0.269569024889645,
    0.2686248254078702,
    0.2676816360902572,
    0.2667395935707328,
    0.2657984462644256,
    0.2648631415588471,
    0.26393753898482075,
    0.2630192638481637,
    0.2621072997235884,
    0.26120286448144525,
    0.2603041053485646,
    0.25941284240194923,
    0.25852596401885025,
    0.2576430692486874,
    0.25676185879620084,
    0.2558780935538696,
    0.25499258555620224,
    0.25410288982569146,
    0.2532115791932011,
    0.25232210357376605,
    0.2514353824163803,
    0.2505548707313095,
    0.24967785432571657,
    0.2488046304883058,
    0.24793584296422128,
    0.24707281804462283,
    0.2462160858428235,
    0.24536614343528912,
    0.24452366157558908,
    0.24369061720728483,
    0.24286711103990288,
    0.2420531908862945,
    0.24125082077469578,
    0.24045966789108264,
    0.23967751391128664,
    0.23890276690327852,
    0.2381341825847035,
    0.23737077006659732,
    0.2366114446693911,
    0.23585728863596317,
    0.23510887244365966,
    0.23436308239166703,
    0.23361925047122217,
    0.23287491439607516,
    0.23212995087960436,
    0.23138661026633744,
    0.2306428758074897,
    0.2299031249881716,
    0.22917079631075934,
    0.22844283791752057,
    0.22771756677440347,
    0.226991628756293,
    0.2262683822170885,
    0.22554771297127826,
    0.22483111157583377,
    0.22411864064374892,
    0.22340968510369127,
    0.22270236096977145,
    0.22199688662886902,
    0.2212926319193422,
    0.22058806679850537,
    0.21988706334320396,
    0.21919011982287315,
    0.2184985902154941,
    0.21781260775045574,
    0.2171291343294931,
    0.21644935706033308,
    0.21577624513851926,
    0.21511098769736078,
    0.21445223291580856,
    0.21379722024859674,
    0.21314814532728785,
    0.21250158069527525,
    0.21185686077259958,
    0.21121724709465836,
    0.21058286609997612,
    0.20995004361252445,
    0.20932073885473837,
    0.20869193732993807,
    0.20806454504554492,
    0.20743800624552913,
    0.206810795229251,
    0.20618405504436357,
    0.20555998788736024,
    0.20494139385995208,
    0.20432584923916816,
    0.20371657440857874,
    0.2031130663610823,
    0.20251333084499476,
    0.20191767541691555,
    0.20132251351113747,
    0.2007314523546716,
    0.20014450941456235,
    0.19955994930632345,
    0.1989781023483688,
    0.1983977028674528,
    0.19782378614573132,
    0.1972534394591446,
    0.19668593386921102,
    0.1961262184714522,
    0.19557712185947312,
    0.1950402939210799,
    0.19451503065999895,
    0.19399790524116534,
    0.19348726551913464,
    0.19298298598033387,
    0.19248305946047004,
    0.19199266037946391
  ],