{
  "success": true,
  "x0": [
    0.29738643775720475,
    0.27973272151844064,
    0.42288084072435456,
    0.9898903748117625,
    0.9108888000930719,
    0.27937751868389504
  ],
  "x": [
    0.5199608612115043,
    0.46073406469704786,
    0.019305074091447865,
    183.57320898687865,
    9.980971248834003,
    0.27937751868389504
  ],
  "SSE": 0.003193923433785827,
  "exp_data": [
    1.0,
    0.9492695466605044,
    0.9001619454307583,
    0.8546151354476239,
    0.8137402629348564,
    0.7778206549936547,
    0.7467167372268654,
    0.7196574633493796,
    0.6957440536095385,
    0.6743089474647093,
    0.6549430464594961,
    0.6373943066524063,
    0.6214513460238907,
    0.6069162297757982,
    0.593620362106485,
    0.5814026939611017,
    0.5701266941213299,
    0.559673889546298,
    0.5499485040034229,
    0.5408713843898005,
    0.5323798879832372,
    0.5244217009889757,
    0.5169350177465675,
    0.5098704544504358,
    0.5031961442467315,
    0.4968764598037366,
    0.49088133365526554,
    0.4851818879771931,
    0.4797587870153103,
    0.4745849359617606,
    0.4696333710616397,
    0.46488781936676576,
    0.46033114571723543,
    0.45595013990990546,
    0.4517373024808006,
    0.4476802297033988,
    0.4437791263344163,
    0.44002327324829016,
    0.43639720916555114,
    0.4328973538438439,
    0.42951451630807946,
    0.4262377752915752,
    0.42306703352529484,
    0.41999439064209876,
    0.4170107931476346,
    0.4141077703179605,
    0.41127596669411054,
    0.4085075095499197,
    0.4057993943870281,
    0.40314369087079627,
    0.4005395923084471,
    0.3979829017327024,
    0.3954708780267449,
    0.3930016870066905,
    0.39057454576237965,
    0.388185414913336,
    0.3858326949930681,
    0.38351372929837363,
    0.3812248530429867,
    0.3789620956374903,
    0.3767170679083091,
    0.3744926580080312,
    0.3722885599588567,
    0.37010384243700983,
    0.36793594186409573,
    0.36578548609254957,
    0.36364376680973537,
    0.36151173523829544,
    0.3593999028844737,
    0.35730982011507584,
    0.3552353263673459,
    0.35317570019188754,
    0.35113264863255245,
    0.34910776458772474,
    0.3471047022135544,
    0.34512225787339346,
    0.34315656455778815,
    0.3412106620308879,
    0.3392787517198677,
    0.3373540497858493,
    0.3354388770375887,
    0.33353383997206615,
    0.33163797156317376,
    0.3297462369420257,
    0.3278629753835642,
    0.32599327750409207,
    0.32413609179392394,
    0.322294249940388,
    0.32046328236391936,
    0.3186454775130363,
    0.3168357538829999,
    0.3150321131800884,
    0.3132363041955698,
    0.31145340258494836,
    0.30968787614835824,
    0.3079300086000423,
    0.30618195594287395,
    0.30444401442083935,
    0.30271371007806286,
    0.30099541357464626,
    0.2992872793867158,
    0.29758749535157586,
    0.29589938093654283,
    0.2942190940651756,
    0.2925481954802023,
    0.29088108236793375,
    0.2892170737459529,
    0.2875600140645939,
    0.285909936712852,
    0.2842665967073466,
    0.28262546393917237,
    0.28098989141286207,
    0.2793595062949657,
    0.27773447737454365,
    0.276117403044308,
    0.27450532456461957,
    0.2729029487883956,
    0.2713175498301139,
    0.2697448173927054,
    0.2681903964909678,
    0.26665343823730936,
    0.26512717110937845,
    0.2636075638799685,
    0.26209569227572566,
    0.2605963746818976,
    0.25911426845571206,
    0.2576475812174726,
    0.2561953223551705,
    0.25475115323393216,
    0.253314867986275,
    0.2518893338060711,
    0.2504725192475861,
    0.2490618950484663,
    0.24765714418852378,
    0.24626460075393958,
    0.2448918081829545,
    0.2435441132714673,
    0.2422166918018236,
    0.2409158145126981,
    0.23963704440416103,
    0.23837558197948489,
    0.23713502876600598,
    0.23590624892308032,
    0.2346913328934955,
    0.2334825535250486,
    0.2322733629959535,
    0.23106302938613385,
    0.22985760296583027,
    0.2286603992804321,
    0.22746628165287014,
    0.22627556714775904,
    0.22509386473416845,
    0.2239244709633564,
    0.22276740976688064,
    0.22162463186858686,
    0.22049610434291803,
    0.21937650093338232,
    0.21826566266437614,
    0.21715977883946763,
    0.2160608682327352,
    0.21496811377261743,
    0.21388550445284013,
    0.21281451179893682,
    0.21175748764538838,
    0.21070728230988567,
    0.20966203940289418,
    0.2086175728407423,
    0.2075746792605905,
    0.2065308848953115,
    0.20549039351643122,
    0.20445426636372752,
    0.20342988046126104,
    0.20241486432385283,
    0.20140898222830905,
    0.20041494742646598,
    0.19942969166550065,
    0.19845624823962876,
    0.19748893584321414,
    0.1965300090636784,
    0.19558102043511022,
    0.19464143814506488,
    0.19371222743283267,
    0.1927927761734168,
    0.19188110415430226,
    0.1909706599245548,
    0.19006235618498063,
    0.18915140093813368,
    0.18824056696023492,
    0.18732687188909217,
    0.18641750701525125,
    0.18551929255822838,
    0.18462585845945198,
    0.1837339419646913,
    0.1828424086453989,
    0.18195226630453384,
    0.1810596166590217,
    0.1801680709347749,
    0.17928496927970128,
    0.1784107990435624,
    0.17754436665631754,
    0.176678547131338,
    0.17581182453311475,
    0.17494473149320577,
    0.17407806174019147,
    0.17321214931825235,
    0.17234926804923068,
    0.17149211152253824,
    0.17064003218768659,
    0.16979459736388888,
    0.1689591824625092,
    0.16812973324115738,
    0.1673103212457547,
    0.16650028171111447,
    0.16569997614592485,
    0.16490725866693864,
    0.1641207353410391,
    0.16334062874993058,
    0.1625661866538619,
    0.16179457394697302,
    0.16102914722916958,
    0.16026638318414435,
    0.15950642534543416,
    0.15874871451904204,
    0.15798806560490183,
    0.15722795801945383,
    0.1564739821633699,
    0.15573244190228863,
    0.1549995655357208,
    0.15427919174958798,
    0.1535699929411757,
    0.15287131406524568,
    0.15218634936442782,
    0.15151170348670467,
    0.15084647290002273,
    0.1501916353003517,
    0.14954441262688187,
    0.14890799703555663,
    0.14827691859582454,
    0.14765354810714076,
    0.14703848345225967,
    0.1464337417646067,
    0.14584299431518025,
    0.1452710996126328,
    0.1447155784390958,
    0.1441743101153057,
    0.14364768099302688,
    0.14313272977237554,
    0.14262766283357795,
    0.14212491010437542,
    0.1416342296265127
  ],