{
  "x0": [
    0.22278747532110801,
    0.38501070048277974,
    0.39220182419611227,
    0.7505362346891129,
    0.7505362346891129,
    0.8196927947888937
  ],
  "x": [
    0.4795928328755981,
    0.49992358268824466,
    0.02048393402261368,
    8.285829492870258,
    230.27881158267505,
    0.8196927947888937
  ],
  "SSE": 0.002854039065266334,
  "exp_data": [
    1.0,
    0.9391090991369021,
    0.8803633866755722,
    0.8264816454151198,
    0.7794576059363725,
    0.7400168333212407,
    0.7076498132546317,
    0.6807235572650799,
    0.6575330297224642,
    0.6369794869044543,
    0.6185544691364327,
    0.6020054125538888,
    0.5871284295706155,
    0.5737305885839094,
    0.5616217549645511,
    0.5506202730487789,
    0.5405832624753567,
    0.5313868783960388,
    0.5229135607510728,
    0.5150756278137049,
    0.5077951666467426,
    0.5010135995866553,
    0.49467643298784336,
    0.48874452693796266,
    0.4831785965490081,
    0.4779311174025333,
    0.47297583825219425,
    0.4682891350437937,
    0.46384321192060146,
    0.4596228717375599,
    0.45560471378522266,
    0.4517772379474957,
    0.4481259072098734,
    0.4446323054587788,
    0.4412752000490538,
    0.4380534913500979,
    0.4349553552901011,
    0.4319681425229424,
    0.4290790509736279,
    0.4262729909692837,
    0.4235525556350292,
    0.42091471993945767,
    0.4183503889877235,
    0.4158558141977435,
    0.41342162916740505,
    0.41105692611905664,
    0.40874461873358675,
    0.4064869349715546,
    0.40427937347161585,
    0.4021248193367312,
    0.4000247340659466,
    0.3979797530389259,
    0.39598353163850836,
    0.3940316997338648,
    0.39212332985628146,
    0.390246960921754,
    0.3884081358092916,
    0.38660739874983685,
    0.3848258965131248,
    0.3830628279877281,
    0.38131864281230166,
    0.3795944957345678,
    0.3778906649509707,
    0.3762165382685255,
    0.37456478528186055,
    0.3729342518074398,
    0.3713282416756674,
    0.369743525087606,
    0.36817518492209694,
    0.3666219601008007,
    0.36507723087603944,
    0.3635423210911719,
    0.36201507083461837,
    0.3605032452555697,
    0.3590062714633656,
    0.35752880413896954,
    0.356069257492049,
    0.3546263427376828,
    0.35319602165443176,
    0.35177475891170096,
    0.35036401378375576,
    0.3489675164361662,
    0.3475833841130205,
    0.34620387226175764,
    0.34483455656705525,
    0.3434714649449634,
    0.34211335211437993,
    0.34076567171916267,
    0.3394253572322213,
    0.3380838855934222,
    0.336745122823474,
    0.33539972462576384,
    0.3340564449263373,
    0.33271351068795957,
    0.3313708756235693,
    0.3300375529169936,
    0.3287190241640849,
    0.32740824453618667,
    0.3261105274028864,
    0.3248239761782571,
    0.3235427986695337,
    0.3222647716001568,
    0.32099006501865407,
    0.3197181449450727,
    0.3184517083757089,
    0.3171935366701018,
    0.31594669829037825,
    0.3147051410929291,
    0.3134658374846321,
    0.31222796962354427,
    0.3109909199850312,
    0.30975174568744146,
    0.30851586159637384,
    0.30728315228297726,
    0.30604963065554797,
    0.30481978096758056,
    0.3035979345435002,
    0.3023787206075471,
    0.3011653407290052,
    0.29995657000838977,
    0.29874678249102654,
    0.2975362890593467,
    0.29632181782318734,
    0.2951073078272312,
    0.29389024884674825,
    0.2926710134309009,
    0.291444494566757,
    0.2902206428634399,
    0.2890080844950622,
    0.28780911432110784,
    0.2866227587937364,
    0.2854472547090584,
    0.28427747794135516,
    0.2831156803659199,
    0.28196211414041683,
    0.2808139290624384,
    0.27966925022789463,
    0.27852580516754977,
    0.27738728325125456,
    0.27625483175999777,
    0.2751320935784996,
    0.2740110809917904,
    0.2728924654211509,
    0.27177205544098015,
    0.2706446409159872,
    0.26951792427662197,
    0.2683929954021351,
    0.26727645463816324,
    0.26617259727100107,
    0.2650789987444198,
    0.26399156151338854,
    0.262913019231199,
    0.26183102955676296,
    0.2607521310504499,
    0.25966683056672973,
    0.2585756161897155,
    0.2574785428214839,
    0.2563643651412496,
    0.2552371540740876,
    0.25408616557364816,
    0.2529165865113023,
    0.25173406709160584,
    0.25053888963729787,
    0.2493397887398022,
    0.24813628688994716,
    0.24693382035895545,
    0.24573941146368078,
    0.24455442396400942,
    0.2433819174625289,
    0.2422235924478341,
    0.2410794110938982,
    0.23994787494567954,
    0.23883311736625243,
    0.23773790318336233,
    0.2366625453628422,
    0.23560702104354875,
    0.23456338637003152,
    0.23352984195100604,
    0.2325044003908978,
    0.2314833849460576,
    0.2304630972805131,
    0.2294449366742631,
    0.2284337784317064,
    0.22742175564616046,
    0.226412436637753,
    0.22539860449677576,
    0.22438769891213714,
    0.22338317181167025,
    0.2223815549179534,
    0.2213838881757869,
    0.22038958037987857,
    0.21939617110508536,
    0.21840294435450117,
    0.21740079657263334,
    0.21639944132169958,
    0.21539928811122608,
    0.21440182089984253,
    0.21339815048949023,
    0.2123839603423387,
    0.21135430282981432,
    0.21031735011017486,
    0.20927851030642314,
    0.20823424833550105,
    0.2071982975357291,
    0.2061738236150314,
    0.20515752179423133,
    0.2041475521133747,
    0.20313677477676415,
    0.20212670188522283,
    0.20112196501585788,
    0.20012851249130056,
    0.19914225502168936,
    0.1981550381543024,
    0.19717025488947246,
    0.19617914232524117,
    0.1951852027781674,
    0.19419720548714045,
    0.19321769133570232,
    0.19224134130999704,
    0.19127484415394327,
    0.19031625736757243,
    0.18936475103186642,
    0.18841838011826115,
    0.18747574670588413,
    0.18654210583811676,
    0.18562043132289482,
    0.18471243304922524,
    0.1838110485556493,
    0.1829221484001185,
    0.18204437396009251,
    0.1811706756759577,
    0.18029959786882957,
    0.1794248169698835,
    0.17855634520234925,
    0.17769304021468563,
    0.17683071667852673,
    0.17596537837883824,
    0.1751009972646192,
    0.17424917172813048,
    0.17340014376846433,
    0.1725542386743007,
    0.17171918334803005,
    0.17089806734561733,
    0.17009396053591272,
    0.16930472609773123,
    0.16851954660265636,
    0.16773691862217155,
    0.16695732189713886,
    0.16617972464626676,
    0.16540827118913304
  ],