{
  "success": true,
  "x0": [
    0.10669994576800418,
    0.5383711417360642,
    0.3549289124959318,
    0.4673084608052188,
    0.09942587491284569,
    0.3614449404579587
  ],
  "x": [
    0.4067669584217286,
    0.5445315025416808,
    0.048701539036590545,
    525.7401727703892,
    14.456541603991115,
    0.3614449404579587
  ],
  "SSE": 0.027721891861864214,
  "exp_data": [
    1.0,
    0.9537904750144952,
    0.9086508009058933,
    0.8655809579713162,
    0.8251524477542295,
    0.7875278819888907,
    0.7529798263773041,
    0.7217133503256865,
    0.6938021702344178,
    0.6691236592067966,
    0.6473875621340336,
    0.6282100210626145,
    0.6111842629831746,
    0.5959675916147287,
    0.5822702920853589,
    0.5698685989240332,
    0.558581807946853,
    0.5482537164890905,
    0.5387579783097676,
    0.5299916546848137,
    0.5218607099191498,
    0.5142920861818744,
    0.5072217324202316,
    0.5006009176672287,
    0.4943857377760698,
    0.4885297873282836,
    0.4830017935317148,
    0.4777684498447833,
    0.47279833786970393,
    0.468067679539882,
    0.46356152004126205,
    0.4592590700029372,
    0.4551509351235596,
    0.45122433318200394,
    0.4474644991273537,
    0.44385680475638706,
    0.44039216097005746,
    0.43705551117059355,
    0.4338406793062603,
    0.430739121293096,
    0.42773565122437335,
    0.42482599794867665,
    0.42200819311083615,
    0.4192770316621599,
    0.41662588107574255,
    0.4140477403418909,
    0.4115436834037861,
    0.40910810194722025,
    0.40673239132528816,
    0.40441496041887876,
    0.40214775009191334,
    0.39993453800739254,
    0.3977692502480611,
    0.3956523896775248,
    0.3935868869223754,
    0.3915701674275506,
    0.38959903132523216,
    0.38767184658475307,
    0.38578430161272215,
    0.3839372787553241,
    0.3821245979149353,
    0.38034560416866453,
    0.3785975852097802,
    0.37687999180247056,
    0.3751879104020921,
    0.37351804594614646,
    0.37187231471109466,
    0.3702479086606053,
    0.36864592582232464,
    0.36706841081594244,
    0.36551929478752754,
    0.3639931377757828,
    0.3624907791412244,
    0.3610128254214858,
    0.3595636069121779,
    0.35814401011862135,
    0.3567489010259846,
    0.3553802070936131,
    0.35403815214499124,
    0.3527142410240652,
    0.35140993204376675,
    0.35013004664343594,
    0.3488715717531351,
    0.34763331038394557,
    0.34641280691765985,
    0.3452071920761161,
    0.34401615918958406,
    0.3428445372240846,
    0.3416907830931643,
    0.3405578012053605,
    0.339441926891752,
    0.3383412391241851,
    0.33725858010748444,
    0.33619567088895547,
    0.33515178268153933,
    0.33413231446761915,
    0.3331340331690804,
    0.3321537343444138,
    0.3311948568876431,
    0.33026199131621925,
    0.3293505236724524,
    0.3284547536666086,
    0.32757166331258397,
    0.3267028915028456,
    0.32584523742961885,
    0.3249983800805873,
    0.3241566480263535,
    0.3233234856874754,
    0.3224970384260508,
    0.32167760164114834,
    0.32086217090098124,
    0.32005450225291704,
    0.3192544079015795,
    0.31846504451078667,
    0.3176808100972471,
    0.3169019335643759,
    0.31612812034382826,
    0.31536018032126895,
    0.31460322739618174,
    0.3138503967995281,
    0.313103550128038,
    0.3123624212890221,
    0.3116278775618506,
    0.31090531000215815,
    0.3101951923617852,
    0.3095044480103913,
    0.3088310519712375,
    0.308178401314627,
    0.30754232032653095,
    0.3069245549485052,
    0.30632092419787704,
    0.30573290324166047,
    0.3051588608168122,
    0.3045955806639547,
    0.3040425703262121,
    0.30349654153246497,
    0.3029604879080256,
    0.3024351807502895,
    0.3019193959692107,
    0.3014106972369928,
    0.30090849834873445,
    0.3004078326222376,
    0.2999083603247039,
    0.299411087889135,
    0.2989177138297359,
    0.29842749343962294,
    0.29793931400500795,
    0.2974553670725479,
    0.29697962040302905,
    0.29651251114720134,
    0.29605477050961776,
    0.2956017094789683,
    0.29515681552557427,
    0.2947189863885171,
    0.29428642962123414,
    0.29385748721342875,
    0.29343053263373636,
    0.2930042528559831,
    0.2925808237550515,
    0.2921616356706912,
    0.2917500372956835,
    0.2913467391768523,
    0.2909527458129064,
    0.290567335808738,
    0.29018999377731697,
    0.2898180317030678,
    0.2894505445882408,
    0.2890893509092685,
    0.2887354551706302,
    0.28838444434160215,
    0.2880373072691417,
    0.28769409621491393,
    0.2873533514296035,
    0.2870126872472122,
    0.2866749695347792,
    0.28634229096419855,
    0.28601290712419963,
    0.28568952291561545,
    0.2853681382995344,
    0.2850479048186242,
    0.28472979858259545,
    0.28441470180079376,
    0.28410006272585586,
    0.2837863873745385,
    0.2834746548513588,
    0.2831637825064692,
    0.2828507527885423,
    0.2825360920271072,
    0.28222020061542363,
    0.28190797977347676,
    0.2816035159941712,
    0.28130648418802445,
    0.281015814004018,
    0.28073168105084684,
    0.28045343902503206,
    0.28018423414358706,
    0.279923442892884,
    0.27967280216205537,
    0.27943429592517277,
    0.2792084134231826,
    0.2789947626450943,
    0.2787875609184888,
    0.27858522056680934,
    0.2783848307536914,
    0.27818438653533584,
    0.2779889808030203,
    0.2777981596154544,
    0.27761059602402877,
    0.2774267719318876,
    0.2772475879371907,
    0.2770747173596244,
    0.2769041224799818,
    0.27673634088037335,
    0.2765742049464663,
    0.27641834109364605,
    0.2762646441985922,
    0.27611390704690403,
    0.2759647203103642,
    0.2758142155806034,
    0.27565822518110233,
    0.2754931714380974,
    0.27532245875933425,
    0.2751469240992844,
    0.274968573376967,
    0.27478210127552016,
    0.2745855501758161,
    0.2743793066283426,
    0.27416693362613426,
    0.27394838307602987,
    0.27372483218197885,
    0.273498002793781,
    0.27326707901748937,
    0.2730310200768243,
    0.2727915389616429,
    0.2725488527286498,
    0.27230471861356187,
    0.2720609316307117,
    0.2718151927419148,
    0.27156863860192276,
    0.27132169115671,
    0.27106982116872574,
    0.2708164777511464,
    0.2705621986201694,
    0.27031134278823127,
    0.27006605576695997,
    0.26982648812781285,
    0.2695921481628569,
    0.26936397321028477,
    0.2691445436307679,
    0.2689354803227461
  ],