{
  "x0": [
    0.22527402590350876,
    0.1198090723391411,
    0.6549169017573501,
    0.6856784891820981,
    0.28204872615224863,
    0.49433979773663744
  ],
  "x": [
    0.5179893331518299,
    0.4886793978126864,
    0.0,
    103.8809959639133,
    8.771645968639717,
    0.49433979773663744
  ],
  "SSE": 0.013955242286921849,
  "exp_data": [
    1.0,
    0.9492695466605044,
    0.8994855378483582,
    0.8524129760059541,
    0.8091630886592243,
    0.7701276560401369,
    0.7353296932091035,
    0.7042681951292208,
    0.6763298003774052,
    0.651028713054729,
    0.6280202585387428,
    0.6070426240896255,
    0.5878610429706154,
    0.5702637393174336,
    0.5540631118118898,
    0.5390956212559523,
    0.5252183232298752,
    0.5123128186949334,
    0.5002791442147718,
    0.48903168271733033,
    0.47849624704570903,
    0.46860850201552867,
    0.45930217225178493,
    0.45052344217965257,
    0.4422246921791407,
    0.43436700533603667,
    0.42690990323149963,
    0.4198206934102485,
    0.41307024229720274,
    0.4066318037120372,
    0.40048229676690494,
    0.3945998037147348,
    0.3889651701334179,
    0.38355994403035454,
    0.3783685830469111,
    0.3733766343485254,
    0.36857454749983215,
    0.3639535333969348,
    0.3595019441636716,
    0.35520797849313474,
    0.35106075277794563,
    0.34704759505277094,
    0.34316160848442623,
    0.33939402348639064,
    0.3357344128389695,
    0.3321745624930679,
    0.3287084086034933,
    0.32532962216993966,
    0.3220332428893325,
    0.318813487851862,
    0.31566574967261046,
    0.31258501167610053,
    0.3095671143365088,
    0.30661032418734496,
    0.3037108563226411,
    0.3008659146002436,
    0.29807315856744415,
    0.29532957696603535,
    0.2926328317225668,
    0.2899809055808368,
    0.2873715072974787,
    0.28480378761342734,
    0.2822763778382158,
    0.27978766737022387,
    0.2773351893568943,
    0.2749179038485334,
    0.2725347137683705,
    0.2701856982308175,
    0.2678699674267923,
    0.26558566253727967,
    0.26333220533559537,
    0.2611070494887863,
    0.25890928022422716,
    0.2567389953947855,
    0.2545947356679511,
    0.25247464628504834,
    0.25037894907292907,
    0.24830629751027972,
    0.24625514291943998,
    0.24422418766901305,
    0.24221192791636229,
    0.24021760118220567,
    0.2382403179980974,
    0.23627967264169877,
    0.23433501646943403,
    0.2324057221008693,
    0.23049184310953927,
    0.2285920895144045,
    0.22670559711308783,
    0.22483212878481193,
    0.22297125474679913,
    0.22112262217670994,
    0.21928622617427002,
    0.21746143372485768,
    0.2156482972662416,
    0.2138457055001621,
    0.21205306684381756,
    0.21027056366456837,
    0.20849750776732118,
    0.20673455793182305,
    0.2049815301520624,
    0.20323789600106157,
    0.20150349311219032,
    0.19977852670823976,
    0.1980630085741675,
    0.19635660161142682,
    0.1946591660098782,
    0.19297200321071678,
    0.1912933781377007,
    0.1896230457469739,
    0.187961269827753,
    0.18630838280240267,
    0.18466516491296778,
    0.1830313970998756,
    0.18140722312086732,
    0.17979225941776905,
    0.17818628121143465,
    0.17658900688913737,
    0.17500009776415365,
    0.1734200123979045,
    0.1718486929149435,
    0.17028562711429002,
    0.1687306711030973,
    0.16718417163140123,
    0.16564574736255977,
    0.1641152898733598,
    0.16259253700475884,
    0.16107784373178946,
    0.15957157028385066,
    0.15807352782429768,
    0.15658333653233764,
    0.15510089495976542,
    0.15362637310925165,
    0.1521599902881684,
    0.1507017715010657,
    0.14925269354849877,
    0.1478130160859487,
    0.14638249854375832,
    0.14496174767280517,
    0.14355083768376511,
    0.14215037813474465,
    0.14076183920801164,
    0.13938321410801333,
    0.138013046056545,
    0.1366506397106174,
    0.13529622855274318,
    0.13394973071999802,
    0.13261144213639636,
    0.13128174201414194,
    0.12995961535339193,
    0.12864457924818526,
    0.12733630993856734,
    0.12603452381015345,
    0.1247392997842765,
    0.12345065917378462,
    0.12216849922060573,
    0.12089318897216592,
    0.1196247173887525,
    0.11836276221323495,
    0.1171066595384695,
    0.11585638320248369,
    0.11461229798937246,
    0.11337410794767455,
    0.1121412160394789,
    0.1109138239497141,
    0.10969166651454405,
    0.10847428543207911,
    0.10726155116105285,
    0.10605358065889509,
    0.10485024412188843,
    0.10365108841730665,
    0.10245623796880238,
    0.10126537658399262,
    0.10007885122330216,
    0.09889726256007378,
    0.0977204847711919,
    0.09654922625355546,
    0.09538244272027609,
    0.09422051776126578,
    0.09306277541458197,
    0.09190934110847991,
    0.09076022215833557,
    0.08961594719412132,
    0.08847649953226676,
    0.08734202801218965,
    0.08621291148135549,
    0.08508859016052744,
    0.08396889391707263,
    0.08285397158023278,
    0.08174444591011332,
    0.08064054065674982,
    0.07954254446488293,
    0.07845070853398234,
    0.07736473282147234,
    0.07628443615444049,
    0.07520952950471174,
    0.07414015198305368,
    0.07307606947424487,
    0.07201777795390074,
    0.07096582684221887,
    0.06992046603450823,
    0.06888179974843357,
    0.0678506791306973,
    0.06682772519214825,
    0.0658130467506157,
    0.06480704293961849,
    0.06381004505455316,
    0.06282198244312753,
    0.06184290134792241,
    0.06087255285692643,
    0.059911169660175276,
    0.05895897660043856,
    0.058015742074517894,
    0.05708167824327017,
    0.05615652684528019,
    0.05523951772584904,
    0.054330354332518344,
    0.0534295002820031,
    0.052537000508779685,
    0.05165385564633334,
    0.050779881093190996,
    0.049914461215917236,
    0.04905686381695373,
    0.04820702269679486,
    0.04736484939211347,
    0.04652994657547958,
    0.04570272278915767,
    0.04488315092851056,
    0.044071318707160995,
    0.04326767694283321,
    0.04247429887380547,
    0.04169203772654578,
    0.04092083599774099,
    0.04015988993277089,
    0.03940942841218827,
    0.03866950766409059,
    0.03794041569486278,
    0.037221264841312614,
    0.036511324714346455,
    0.03581133141988082,
    0.035121116428703705,
    0.03444136962820244,
    0.03377222818447725,
    0.033113592199545516,
    0.032465567796544546,
    0.03182837378095278,
    0.03120127225559893,
    0.030583315532729877,
    0.029975038643441754,
    0.029375779449381113
  ],