{
  "x0": [
    0.2514498899705322,
    0.2808826794344255,
    0.4676674305950423,
    0.7354496950904924,
    0.7354496950904924,
    0.4042527119061093
  ],
  "x": [
    0.6100834807901143,
    0.35910173797591216,
    0.030814780540020254,
    14.4355057093965,
    272.4706444087726,
    0.4042527119061093
  ],
  "SSE": 0.014161442123477336,
  "exp_data": [
    1.0,
    0.9537904750144952,
    0.9082669981826244,
    0.8644453280043477,
    0.8229630487147567,
    0.7840542471102147,
    0.7480045577248472,
    0.715000867951408,
    0.6850868103480175,
    0.658128438400177,
    0.633865030506827,
    0.6119742789266893,
    0.5921282287161382,
    0.5740551102977708,
    0.557522848886057,
    0.5423437580412245,
    0.5283617045707603,
    0.5154374259588167,
    0.5034542435846562,
    0.4923135495141451,
    0.48192270209661925,
    0.4722109384245835,
    0.46311013631857123,
    0.45456233828109943,
    0.44651685036583955,
    0.43892402365070043,
    0.4317473902525493,
    0.4249512982208855,
    0.4185033993280374,
    0.4123716908954279,
    0.4065345345615025,
    0.4009710302633798,
    0.3956610938833748,
    0.3905882091573009,
    0.38573284718811923,
    0.38108119308043453,
    0.3766191633055586,
    0.37233283606695744,
    0.36821126783748515,
    0.3642440289720668,
    0.36041823496126285,
    0.35672753138738555,
    0.3531644777178476,
    0.3497206409909373,
    0.34638860636097474,
    0.3431598668912381,
    0.3400289906424922,
    0.3369895300198403,
    0.33403822988384296,
    0.3311708437135561,
    0.32838070438589845,
    0.32566432902379555,
    0.3230180907044702,
    0.32043944518217543,
    0.31792585905714216,
    0.3154747184800597,
    0.3130834088146615,
    0.31074860942958565,
    0.308467824481376,
    0.30623843935815315,
    0.30405845385982505,
    0.30192638524769094,
    0.2998403020238384,
    0.29779690281924437,
    0.2957960113898586,
    0.2938378115622757,
    0.2919200802542097,
    0.2900422357474835,
    0.2882032406126743,
    0.2864028354121922,
    0.2846388145000155,
    0.28290886866790876,
    0.2812119622015902,
    0.27954683589768653,
    0.27791267862325786,
    0.2763080306523431,
    0.2747317875000742,
    0.27318318975224565,
    0.2716610373596574,
    0.2701651120146633,
    0.26869489952635806,
    0.26724925821458523,
    0.2658266614141341,
    0.26442615755214105,
    0.2630463905800468,
    0.2616865888495259,
    0.2603452483128995,
    0.25902235603558926,
    0.2577162218998363,
    0.2564273138989276,
    0.2551548798185979,
    0.25389832172063626,
    0.25265730640761996,
    0.251432174783374,
    0.25022161090001993,
    0.24902581224307024,
    0.24784427251850238,
    0.2466768697381141,
    0.2455231661523389,
    0.2443837246407825,
    0.24325902704055224,
    0.24214816971240027,
    0.24105131387811182,
    0.23996759211198995,
    0.23889618955130432,
    0.2378379103044725,
    0.23679268416743324,
    0.23576046055913863,
    0.2347413636293667,
    0.23373485356036908,
    0.23274036482972424,
    0.231757768367131,
    0.23078673923627585,
    0.2298268715707326,
    0.22887794191084132,
    0.2279399499582996,
    0.22701299145869838,
    0.2260966698351641,
    0.22519126062066083,
    0.22429616164538138,
    0.2234112063808453,
    0.22253573743482757,
    0.22166957785334,
    0.22081265474847228,
    0.21996467338420317,
    0.21912648325782258,
    0.21829810131761163,
    0.2174796980668126,
    0.21667129904814583,
    0.21587310792869877,
    0.21508482690205427,
    0.21430635169737716,
    0.21353675823516036,
    0.21277536693872445,
    0.21202197947435053,
    0.21127598604646386,
    0.21053721439217898,
    0.20980536128391905,
    0.2090807218630477,
    0.20836328212038327,
    0.2076527788336804,
    0.20694911957632903,
    0.20625235481275853,
    0.20556258842023611,
    0.20487901880022752,
    0.2042008743969061,
    0.20352771355843047,
    0.2028591506333098,
    0.20219497137840886,
    0.20153495257283396,
    0.20087917923329857,
    0.2002276706921152,
    0.1995801574334038,
    0.1989365383708859,
    0.19829662937409057,
    0.19766056844726698,
    0.19702865560725605,
    0.196400628143702,
    0.19577655435007432,
    0.1951569512493796,
    0.19454144822432817,
    0.19393017671343207,
    0.1933235059443192,
    0.19272129803350835,
    0.19212373160527593,
    0.19153110697793874,
    0.19094431467228326,
    0.1903627971962507,
    0.18978639272957235,
    0.1892153494411894,
    0.18864934192235142,
    0.1880885052621172,
    0.1875334286874742,
    0.18698436717492584,
    0.18644124838225876,
    0.18590366698205066,
    0.1853719454848713,
    0.18484646661950277,
    0.18432778339950168,
    0.18381590978447795,
    0.18331025058481093,
    0.18280942089795615,
    0.18231302258587445,
    0.1818209742281485,
    0.18133285020982054,
    0.18084827863282962,
    0.18036762634402423,
    0.17989074213558193,
    0.1794174657337931,
    0.17894763202308903,
    0.17848135275593255,
    0.17801847946467161,
    0.17755976973555912,
    0.17710517064850398,
    0.1766543634777968,
    0.1762071912871118,
    0.17576338927497598,
    0.17532294512902344,
    0.17488564010896232,
    0.17445182274918955,
    0.1740208478263277,
    0.17359292573475596,
    0.1731680130317699,
    0.1727455564449942,
    0.17232634519457632,
    0.17191049202313682,
    0.17149821403173848,
    0.17108913087836916,
    0.17068322964493332,
    0.17028022809985263,
    0.16988047763583983,
    0.16948389583850348,
    0.1690909530725477,
    0.1687018773304746,
    0.16831665311668678,
    0.16793502905945948,
    0.16755701512232615,
    0.16718215317171814,
    0.16680938344005422,
    0.16643894842527301,
    0.16607028427199413,
    0.16570339151253297,
    0.16533831903031612,
    0.16497515548543382,
    0.1646135186881874,
    0.16425373465713042,
    0.16389554386283398,
    0.163538866858534,
    0.16318342058209437,
    0.16282936332456227,
    0.16247650856613197,
    0.16212488627573485,
    0.16177460639210328,
    0.16142538848548538,
    0.16107726221368746,
    0.1607299637100411,
    0.16038367343686746,
    0.16003842989878636,
    0.1596942092831006,
    0.15935134941723605,
    0.1590094250310038,
    0.15866849693954627,
    0.15832827238926114,
    0.1579889685466074,
    0.15765049380136412,
    0.15731296728233107,
    0.15697641416574556,
    0.1566411342069769,
    0.1563070274445487,
    0.15597429559211673
  ],