{
  "success": true,
  "x0": [
    0.3433957515069489,
    0.4826305683264251,
    0.17397368016662595,
    0.8278240015029141,
    0.6643264913405535,
    0.8872357736510034
  ],
  "x": [
    0.437201160214431,
    0.5471091684931506,
    0.015689671292418505,
    168.56706921461208,
    9.234154140204376,
    0.8872357736510034
  ],
  "SSE": 0.0026070895696621386,
  "exp_data": [
    1.0,
    0.9398820842285719,
    0.8816077944155315,
    0.827335633910969,
    0.7784742727752039,
    0.7354806421531249,
    0.6982240308779061,
    0.6658721687257968,
    0.6374560438703613,
    0.6122466093772195,
    0.5897787418631936,
    0.5697137094515279,
    0.5517403289022735,
    0.5355795895223495,
    0.520983161520508,
    0.5077334395449548,
    0.49565279591432676,
    0.4845836347386123,
    0.47439240482665446,
    0.4649733214333199,
    0.4562339574414275,
    0.4481023820984651,
    0.44050949127828987,
    0.43340148530965517,
    0.42673244670535754,
    0.4204515535239042,
    0.41452612290274893,
    0.4089215318854869,
    0.40360999963451083,
    0.3985687513381054,
    0.3937675166546519,
    0.38918891891239255,
    0.3848161813581674,
    0.3806324913670473,
    0.3766197628931986,
    0.37276804202617575,
    0.3690696079105435,
    0.3655081428424743,
    0.3620678651703858,
    0.35874008934944146,
    0.3555187865288963,
    0.35239878887925163,
    0.3493759393487734,
    0.3464425844266146,
    0.3435889799153996,
    0.3408112682589284,
    0.33810065312356263,
    0.33545459445187037,
    0.33286804158264116,
    0.3303358858678088,
    0.3278583286083179,
    0.3254387319387854,
    0.3230735749921483,
    0.32076371673281107,
    0.3185072479649106,
    0.31629556041394935,
    0.31412447206962446,
    0.31198841971458463,
    0.3098773988802064,
    0.30779400492812575,
    0.3057354679749941,
    0.30370818900750396,
    0.30170951471935425,
    0.2997402235600608,
    0.29779504256639006,
    0.2958705449415757,
    0.2939635984544549,
    0.29207510063208314,
    0.29020753696665225,
    0.28836256973829616,
    0.28653711548618793,
    0.2847254711840539,
    0.28292591280977064,
    0.28114284583071797,
    0.27937938139406854,
    0.2776369214669844,
    0.27591122968000337,
    0.27420328276360234,
    0.2725121775787706,
    0.27083422176291905,
    0.2691702938308609,
    0.2675247115361234,
    0.2658934007574433,
    0.26426703608736923,
    0.26264963262241164,
    0.2610417635813023,
    0.2594427642073967,
    0.2578617756118401,
    0.2562953295870218,
    0.25474272593589736,
    0.25320201520080077,
    0.2516651613168658,
    0.2501353158107786,
    0.2486143636933318,
    0.2471064903761,
    0.24561725212669044,
    0.2441441470862591,
    0.24268541219734024,
    0.241243421144389,
    0.23981864703837943,
    0.23840323094881502,
    0.2369976207696654,
    0.2356089788660843,
    0.23423546306358584,
    0.2328752325716765,
    0.231526648857501,
    0.2301852458359938,
    0.22884926249195386,
    0.22751732253484017,
    0.22618842843712358,
    0.224862081322896,
    0.22354122780230581,
    0.22222518900033114,
    0.22091625930127473,
    0.21961181798101642,
    0.21831348015277177,
    0.2170205235125253,
    0.21573442628690886,
    0.21445457680477445,
    0.21318103219784473,
    0.21191212147552063,
    0.2106509914672134,
    0.20939644704860633,
    0.2081573081491899,
    0.20693563371487475,
    0.2057340104019088,
    0.20454599896783798,
    0.20337415293108427,
    0.20221498878613786,
    0.20106476298885972,
    0.19992127100768506,
    0.19878427075253904,
    0.1976500704244692,
    0.1965225574427236,
    0.19540400113123363,
    0.1942930814187148,
    0.19319534554457773,
    0.1921063768393214,
    0.1910311494617235,
    0.18996720392495714,
    0.18891605524636276,
    0.1878734931907556,
    0.1868350545230946,
    0.1858008310491285,
    0.18476539748017762,
    0.183731025802536,
    0.18270146442008553,
    0.18167809548570038,
    0.18066696989260608,
    0.17966576595532122,
    0.17867365738159968,
    0.17769301775904173,
    0.17672127048903039,
    0.1757569455900553,
    0.17479909867777185,
    0.17384786021405987,
    0.17290076594231246,
    0.1719505191554176,
    0.17099747347806674,
    0.17003907333304813,
    0.16907470144979123,
    0.16811197957833954,
    0.16715309589625782,
    0.16619881768540135,
    0.16524681215189238,
    0.16429711074478362,
    0.16335094344291318,
    0.1624118320155591,
    0.16148105468873017,
    0.1605560468624883,
    0.15963906626592259,
    0.1587295987068176,
    0.15783270893911855,
    0.156948219057833,
    0.15607981335391746,
    0.15523139616729978,
    0.1543955913427637,
    0.1535745362867114,
    0.15276537344321447,
    0.1519676291035596,
    0.15117708615049646,
    0.15038677053047592,
    0.14959566584296652,
    0.14879938321379224,
    0.1479977356838392,
    0.1471918515823825,
    0.14638496131819537,
    0.14557994530313217,
    0.14477294582333933,
    0.14397206851951516,
    0.14317785999356616,
    0.1423880306277315,
    0.14160248151564875,
    0.14081474201154812,
    0.14003059259887313,
    0.1392441239661101,
    0.13845821845613168,
    0.13767526817027578,
    0.1368931127850538,
    0.1361155558363927,
    0.13534512180522545,
    0.13457975109594192,
    0.1338189874425899,
    0.13306610424101295,
    0.13232004611584472,
    0.13157978185604013,
    0.1308460334284902,
    0.13011427289195032,
    0.129387189754546,
    0.12866654376934197,
    0.12795312589822483,
    0.12724939558604292,
    0.1265537439537436,
    0.12586879505119078,
    0.12518969753356315,
    0.12451091681047383,
    0.12383488289964459,
    0.1231622883303343,
    0.12249029700830256,
    0.12181970865550347,
    0.12114274150490721,
    0.1204598194010048,
    0.11977294820802534,
    0.11908100589891671,
    0.11838995796022993,
    0.1177044540126549,
    0.11702360042537542,
    0.1163462025215548,
    0.1156742178657938,
    0.11500494516773305,
    0.11433895033523464,
    0.11367898942738826,
    0.11302209844789589,
    0.11237120380049744,
    0.1117268573638818,
    0.11108557137637431,
    0.11044797189526875,
    0.10981288593917926,
    0.10918424118366729,
    0.10855853301346903,
    0.10793755239560365,
    0.10732822171148684,
    0.10673598154199648,
    0.10616350305951922,
    0.10560722940675116,
    0.10505954443148038,
    0.10451918662386836,
    0.1039865539282048,
    0.10345684416334765,
    0.10293470729748189
  ],