{
  "x0": [
    0.3005597325639196,
    0.2835080559141426,
    0.41593221152193777,
    0.7220700488652273,
    0.7220700488652273,
    0.8260331593772052
  ],
  "x": [
    0.5109569794096713,
    0.49169988576043183,
    5.604136345393278e-19,
    115.01153596699099,
    7.841284348403086,
    0.8260331593772052
  ],
  "SSE": 0.0035082058266505027,
  "exp_data": [
    1.0,
    0.9420301818643079,
    0.8859158938496973,
    0.8338761224406168,
    0.7871893551276777,
    0.7461902961588327,
    0.710733784552581,
    0.679946117714947,
    0.65279668749062,
    0.6285123455929902,
    0.6066171121607004,
    0.5868164889569041,
    0.5688667645065183,
    0.5525394942273255,
    0.5376413100304597,
    0.5239869091092725,
    0.5114212952286917,
    0.4998039786687519,
    0.4890240342404972,
    0.478987177390459,
    0.46961872250734715,
    0.46085828326938405,
    0.45263264658458924,
    0.4448844223477723,
    0.4375823358873066,
    0.4306844149885699,
    0.42415648596628996,
    0.4179643400602177,
    0.412084357722282,
    0.40649116665842183,
    0.40115105668109435,
    0.39604645445660114,
    0.3911557558371916,
    0.38646791208816395,
    0.3819718267354422,
    0.37765186551553903,
    0.3735043556821126,
    0.36951518279897555,
    0.36566340042376616,
    0.36194638134368684,
    0.3583584390508018,
    0.3548831348412604,
    0.35152234700504464,
    0.3482637325493849,
    0.3451007460019008,
    0.3420200821862122,
    0.33901490454629035,
    0.3360774602284981,
    0.3332038464307168,
    0.3303850104955732,
    0.32761776596372916,
    0.3249014911398234,
    0.3222383129054813,
    0.3196296355226745,
    0.31707085807097224,
    0.31455256367118234,
    0.31206782954969764,
    0.30961154012879544,
    0.3071812400249161,
    0.304775377788328,
    0.3023825550364165,
    0.3000098389643935,
    0.29766013417964376,
    0.29532848042778714,
    0.2930114565001478,
    0.2907042184252019,
    0.28840018217999097,
    0.2861058369910077,
    0.28383215825136493,
    0.28158523526241885,
    0.2793552993767526,
    0.2771343696283228,
    0.2749219653820973,
    0.27272144347635074,
    0.2705375098371193,
    0.2683734006722653,
    0.26622901417200934,
    0.2641075950979631,
    0.26200632428143883,
    0.2599190253658992,
    0.25784376223267524,
    0.25577996043793455,
    0.25372529220473156,
    0.2516754868126096,
    0.24964046330989373,
    0.2476199150621334,
    0.24560641189605215,
    0.24361338887578873,
    0.24164040529151448,
    0.2396823333788484,
    0.23773095431262145,
    0.23577693382736614,
    0.233826813703682,
    0.23188837305564658,
    0.22996913844799574,
    0.22805705287172026,
    0.22615572273438403,
    0.22426804631916356,
    0.22238595867024172,
    0.22052048732574805,
    0.21866768975219258,
    0.21683011744250227,
    0.21501562275251268,
    0.2132184149152006,
    0.21143628281357474,
    0.20966179291654222,
    0.20789228898293893,
    0.20612599086319866,
    0.20436453275367886,
    0.2026097998270539,
    0.2008590472536499,
    0.19911366029918184,
    0.1973758538102656,
    0.19564590694487385,
    0.19392078544081662,
    0.19219656295949564,
    0.19047898082859274,
    0.18878008833039892,
    0.18709567744355587,
    0.18543352828365656,
    0.18378689736611023,
    0.18215671968409913,
    0.1805350350854704,
    0.1789300212745985,
    0.1773409196731709,
    0.1757723696670025,
    0.1742195905018863,
    0.1726827148290846,
    0.1711524606613282,
    0.16962354156105652,
    0.16809464206641098,
    0.16656627170653182,
    0.16503821396771465,
    0.16351898325238462,
    0.1620151775276236,
    0.1605323438354488,
    0.15908112308928662,
    0.15765269548049426,
    0.15625367115042882,
    0.15488002682451285,
    0.15352918630131582,
    0.15220361914646158,
    0.15089189815576354,
    0.14959757365826024,
    0.148307435897136,
    0.14701769865607034,
    0.14572526167743516,
    0.14443366803568064,
    0.14314914269302947,
    0.14186554646093694,
    0.1405900663973431,
    0.1393301878906609,
    0.13808886169980808,
    0.13686170855492447,
    0.135652120011116,
    0.13446436955395716,
    0.13328971609918389,
    0.13212380757678538,
    0.13096485584778322,
    0.12980832372966447,
    0.12865075524241198,
    0.1274988977933321,
    0.12635747189691038,
    0.12522912892761784,
    0.12410971873715297,
    0.12299485234373418,
    0.12188388765092202,
    0.12077270133538814,
    0.11965816950246179,
    0.11854748807695635,
    0.11743875068988646,
    0.11633730014587512,
    0.115242536628204,
    0.11414997637109854,
    0.11306957403018192,
    0.11201075656088168,
    0.11097504114189813,
    0.10995374356857007,
    0.1089482053146548,
    0.10795781168218568,
    0.10698605006401038,
    0.10602711089215461,
    0.10507302809091515,
    0.10411952974054181,
    0.10316103323617001,
    0.10220367274687638,
    0.10124795680279845,
    0.1002955681455681,
    0.09934101860758728,
    0.09839566229764228,
    0.0974620800353717,
    0.09652902576704732,
    0.0955947661736035,
    0.0946539814387349,
    0.09371040867519768,
    0.0927546521383234,
    0.0917873996552271,
    0.09082306155230013,
    0.08986123305279377,
    0.08891201208310427,
    0.08796972824981707,
    0.0870291240649093,
    0.08609488375105688,
    0.08515848116092374,
    0.08422088357931791,
    0.08328835257918851,
    0.08236052591884387,
    0.08143375574216515,
    0.08051154545115193,
    0.07959917307210992,
    0.07869128608260285,
    0.07779249582223509,
    0.0769101178635138,
    0.07604582131561233,
    0.07519267129016875,
    0.07434999997861556,
    0.07351975438685168,
    0.07270513356718475,
    0.07189911013410581,
    0.07110501366823686,
    0.07031357761747345,
    0.06952085523235864,
    0.06872583338908587,
    0.06792447381145365,
    0.06712145363182188,
    0.06632375401298289,
    0.06552903552354448,
    0.06473013611596386,
    0.06393745362114775,
    0.06315412465655708,
    0.06238527102745356,
    0.06164102768828057,
    0.06091798599928764,
    0.06020938559597072,
    0.05951773050602185,
    0.05883556460283758,
    0.05816619684928875,
    0.057503321980321036,
    0.05684643321485846,
    0.05619768567026788,
    0.05555966655185673,
    0.05493969699044055,
    0.05434674294252515,
    0.053781669932793354,
    0.053239029998910545,
    0.05271633114348124,
    0.052204691790282094,
    0.05170219468585652,
    0.05119902018769997,
    0.05070379535415012
  ],