{
  "success": true,
  "x0": [
    0.3488679263445822,
    0.5165977955548421,
    0.1345342781005757,
    0.3016094682174891,
    0.3006094682174891,
    0.4591977655597629
  ],
  "x": [
    0.0720743473795591,
    0.8057971468295236,
    0.12212850579091736,
    431.85633906319714,
    2.722978652030768,
    0.4591977655597629
  ],
  "SSE": 0.01657650159821126,
  "exp_data": [
    1.0,
    0.6702871765007384,
    0.42286847165201985,
    0.2991292736524851,
    0.2347460790108909,
    0.19724591536150232,
    0.17298107246529718,
    0.15521006623904485,
    0.1414167732139239,
    0.13049887101375887,
    0.12166461375494785,
    0.11427668043656451,
    0.10797257176630981,
    0.10252518256276405,
    0.09783127554883045,
    0.09374668464000036,
    0.09018763856417726,
    0.08708094617105833,
    0.08434971390388475,
    0.0819567182535513,
    0.07984715478864572,
    0.07798335944043515,
    0.07629647318682688,
    0.07477679285470172,
    0.0734339044250016,
    0.07221727345143024,
    0.07110199720767413,
    0.07006331182400347,
    0.06912323241665544,
    0.06833251076321106,
    0.06754445387444588,
    0.0667888981199384,
    0.06606750329669006,
    0.06540578610442341,
    0.06479339495869241,
    0.06425266359677623,
    0.06377107314900476,
    0.0633030799963889,
    0.06283548324572244,
    0.06240159073035365,
    0.06197538417980818,
    0.06157040936155962,
    0.06117440322672129,
    0.06080924071684621,
    0.06043182718867202,
    0.06007541536545716,
    0.05975850363591139,
    0.05948266186713092,
    0.05920645183263575,
    0.05891961238132077,
    0.058665276049168505,
    0.05843812681884764,
    0.05820999276838795,
    0.0580158458133729,
    0.05782485255360425,
    0.05760552009647933,
    0.05740027584797308,
    0.057214442714669425,
    0.05701491144471784,
    0.05684671539715397,
    0.05668317707568814,
    0.05653787804679765,
    0.05638223977736756,
    0.05622442329660868,
    0.05608592601912884,
    0.055963030872198755,
    0.055821211430160333,
    0.055685735751742335,
    0.05556614046454586,
    0.055447929822533305,
    0.055346850614316746,
    0.05520553804133507,
    0.05503340173298843,
    0.05487459922842029,
    0.054724806102900855,
    0.05460541103487576,
    0.05448922633737897,
    0.0543656795073722,
    0.05422377413180209,
    0.054080693801685474,
    0.05394997957871465,
    0.05382458144869372,
    0.05371516607545463,
    0.05358142430076207,
    0.05347357021803846,
    0.053354940760756336,
    0.053226569211386805,
    0.05312550662504087,
    0.05303590692371817,
    0.052975756858526325,
    0.052941459917611705,
    0.052862499594447,
    0.052755672743173346,
    0.05263787317367832,
    0.05252129457517389,
    0.05244369743333695,
    0.05235590892823972,
    0.05226998939284723,
    0.0521788420608422,
    0.05211128313161701,
    0.052039613223378495,
    0.05195345311007917,
    0.05190641307587667,
    0.05186764812102199,
    0.051821794932355045,
    0.051788896101594865,
    0.05173169851421545,
    0.051664944785792255,
    0.051601560732900786,
    0.051560807648500254,
    0.05151176220167023,
    0.05145166368477137,
    0.051371228198189206,
    0.05129323745581122,
    0.0512148210399891,
    0.051134249690885994,
    0.05105361112107261,
    0.051006209760332155,
    0.050953986629753444,
    0.050902825968837544,
    0.050822697027406605,
    0.05073448126207368,
    0.05063164273115461,
    0.05055118308454286,
    0.05051654898727529,
    0.050512526177255684,
    0.05049424821460454,
    0.05044880097912624,
    0.05040176851814771,
    0.050351777100895986,
    0.05029629431593576,
    0.05025116173381194,
    0.05019581588378214,
    0.05013231146893354,
    0.050075505898940664,
    0.050017486651340905,
    0.049980787541926516,
    0.049935852063407726,
    0.04989970577497513,
    0.049843481558897174,
    0.04978031351427793,
    0.04971573861650799,
    0.049649084173331436,
    0.049604572716291526,
    0.049548563328161495,
    0.04950147136764437,
    0.04945190678453177,
    0.04940383982527545,
    0.049366033040035465,
    0.04932888878642334,
    0.04928395403216069,
    0.04924437874286118,
    0.049217119064455736,
    0.049193836986636826,
    0.04916744633917546,
    0.049145417671217495,
    0.04911579397249684,
    0.049081924627573145,
    0.04904100545073114,
    0.048988904102476416,
    0.048943042465695585,
    0.048922816940366966,
    0.04890359499403681,
    0.0488929105890802,
    0.048898551550727684,
    0.048895911392091894,
    0.048883449967017906,
    0.04887691289512724,
    0.04886670605879467,
    0.04882916451781955,
    0.04881336825068921,
    0.04878992721565885,
    0.04877779557598532,
    0.04873808005161585,
    0.048712179947698483,
    0.04868684595288836,
    0.04865708931127316,
    0.0486357803655197,
    0.048586215224796954,
    0.04855375907752551,
    0.04852506778734732,
    0.04847489832458172,
    0.04841066189229974,
    0.04836038535772083,
    0.0483306222355277,
    0.04828421873698684,
    0.04825477712119796,
    0.048238268288241626,
    0.04820848385859486,
    0.048195500502234236,
    0.048191416459142,
    0.048172482679521705,
    0.04814623609277289,
    0.048109083855934355,
    0.04807937334391617,
    0.048056936150373146,
    0.04804274415244291,
    0.04801978533190299,
    0.047976182707939366,
    0.047923702759705866,
    0.047905688725612613,
    0.04785978134300521,
    0.047797932739501184,
    0.04776045886590027,
    0.0477200104848583,
    0.0477073595365449,
    0.047710062653384594,
    0.047701031407681775,
    0.04767110154240654,
    0.04763215083926979,
    0.0475793867983951,
    0.04753107739928616,
    0.04748175056036736,
    0.04747917426184606,
    0.047477865665029345,
    0.04743285490797522,
    0.0473748376202805,
    0.047318143951762585,
    0.04728671681298274,
    0.047267369394623046,
    0.04722235388806945,
    0.04716360392658711,
    0.04713865409080064,
    0.04712492378183171,
    0.04713207421536364,
    0.047141168259325766,
    0.04710873055206069,
    0.04705253993238653,
    0.047004198638549544,
    0.04694484844596359,
    0.04689426672806976,
    0.04686566768317294,
    0.046850908512433474,
    0.0468413275729155,
    0.04683991884737263,
    0.046813377805387045,
    0.04679233107303185,
    0.04674279866523873,
    0.04670305784593256,
    0.04665998817847337,
    0.046612943372986604,
    0.046570267731533346,
    0.04654237122742842,
    0.04653381797741253,
    0.04654817683410921,
    0.04654782403900967,
    0.04652924873381463,
    0.04649231725124014,
    0.04647030318602656,
    0.046468986910518185
  ],