{
  "success": true,
  "x0": [
    0.38492430010332146,
    0.4714208349433812,
    0.14365486495329732,
    0.7519957067607526,
    0.3465080708339451,
    0.8944372124101972
  ],
  "x": [
    0.07661870720377265,
    0.8048153902702898,
    0.11856590252593743,
    346.95956840007835,
    2.804330406710587,
    0.8944372124101972
  ],
  "SSE": 0.017575685626210286,
  "exp_data": [
    1.0,
    0.6812387778360223,
    0.4363480502378697,
    0.3110014729115536,
    0.24511942162576134,
    0.20640695548079974,
    0.18122367063805714,
    0.16264906286883177,
    0.1482016837605118,
    0.13685604055040848,
    0.1277433115922609,
    0.12023186246909713,
    0.11388225076521713,
    0.1083638424307047,
    0.10355998800752537,
    0.09933267836989564,
    0.09563467154094968,
    0.09236549122652134,
    0.0894694818930493,
    0.08689531313039714,
    0.08460130601144696,
    0.08256948814128535,
    0.08072402667428698,
    0.07900379523200982,
    0.07747420524705795,
    0.0761199276409658,
    0.07485576766408572,
    0.0736440332023191,
    0.07256895516261593,
    0.07166444633931578,
    0.07077046783295993,
    0.06992829250889507,
    0.06910689228438688,
    0.06837070511189816,
    0.06769689269364526,
    0.06705263776848844,
    0.0664727007828796,
    0.06588187996644324,
    0.0652873548357653,
    0.06473685645411623,
    0.0641995295691597,
    0.06364658010795034,
    0.06316087476998099,
    0.0627317391865749,
    0.06230866227172848,
    0.06188766206797458,
    0.06147039108647,
    0.06111771412708675,
    0.06080864853131807,
    0.06050969315508598,
    0.06024005361695293,
    0.05996712021541838,
    0.059697191042779915,
    0.059465414743841385,
    0.05923685537175246,
    0.05898088630423481,
    0.05871406023560797,
    0.05846261687935588,
    0.05822796136977893,
    0.0580117333757156,
    0.05781626842819257,
    0.05762860599867721,
    0.057447853722486314,
    0.05725189840687842,
    0.057090200420071006,
    0.05696768555387969,
    0.05681988047038248,
    0.056635964499274764,
    0.05643393222758376,
    0.05626997445555606,
    0.05613062497026585,
    0.05592255670935027,
    0.055694347866351405,
    0.05548038949200291,
    0.05527668091740521,
    0.055113871368981174,
    0.05496934074530403,
    0.05481941694447452,
    0.054657824512605306,
    0.05452127053480194,
    0.054395299634458306,
    0.05425603158970298,
    0.054153104431186,
    0.054000977814084576,
    0.05385963349724676,
    0.05370184652284369,
    0.05352596400043512,
    0.05339706733995471,
    0.05328925471428413,
    0.05317576428710414,
    0.05310460411379001,
    0.052997856013347173,
    0.052866548428494024,
    0.0527077261965165,
    0.05259154739125015,
    0.05248258662504088,
    0.05237528500488688,
    0.05230932739101959,
    0.05219351608990556,
    0.05211624016446337,
    0.05206888559949884,
    0.05201078458171309,
    0.05197122766306249,
    0.051899798607230395,
    0.05184572907531362,
    0.051824144903862224,
    0.05176567529296031,
    0.05169089496825836,
    0.05165952535744208,
    0.05165165836805826,
    0.05162677073711167,
    0.051539927438090466,
    0.05143303012758633,
    0.05132120057631266,
    0.05122177760255718,
    0.05108697320263543,
    0.05090118835111916,
    0.05079202395431352,
    0.05071167620182988,
    0.050667492035983794,
    0.05060772862520833,
    0.050533257087726074,
    0.050400124835053677,
    0.05030567223924157,
    0.050246461219331406,
    0.05020173647955328,
    0.050122538176881185,
    0.05001961252934193,
    0.04991148953828873,
    0.04979830678438148,
    0.04970474965247055,
    0.04965894826292623,
    0.04959707895738645,
    0.04952385246919708,
    0.04943406380576119,
    0.049349721230528096,
    0.049302647398968065,
    0.049215534031932254,
    0.049162368274000126,
    0.04908594209111336,
    0.048984215079799484,
    0.04887573337074637,
    0.04875185227254216,
    0.04868153855869518,
    0.04861086803514622,
    0.04856560028595214,
    0.04848402384270899,
    0.048417583892380545,
    0.04835420247485784,
    0.04829034484365538,
    0.048205645051134415,
    0.04812195712884013,
    0.048031350973946896,
    0.04792930539914301,
    0.04781710698313417,
    0.04773586194087548,
    0.04766301753044121,
    0.04757175620177459,
    0.04751178046614532,
    0.04743979895612642,
    0.047368478081296544,
    0.047305445072958335,
    0.04725343305910133,
    0.0472263143920204,
    0.04721805266597633,
    0.047218338887525385,
    0.047217427004587864,
    0.047217641199134776,
    0.04716641662859376,
    0.04710583568496745,
    0.047065920775122075,
    0.04704877347309824,
    0.04707215555878517,
    0.047051003380540614,
    0.04701292595078923,
    0.047007837129571774,
    0.046997793326646414,
    0.046985105176995355,
    0.04692851646500004,
    0.046867874011537365,
    0.04681717180894922,
    0.04677191791035903,
    0.046687970426647026,
    0.04660476093557115,
    0.046531681751462904,
    0.046428276010914586,
    0.046367279301899066,
    0.04631492916522354,
    0.046220754773852034,
    0.0461780760041709,
    0.04619050968500652,
    0.04620669170225375,
    0.04623259413936578,
    0.04624886796595861,
    0.04621836036951163,
    0.04616630830262083,
    0.04610594996661477,
    0.04604383090948342,
    0.045965749735465945,
    0.04591513092515772,
    0.045900871968411146,
    0.04587994554572604,
    0.045854673086014874,
    0.04581251604600888,
    0.04573039830926667,
    0.04568546887422694,
    0.04564499218584183,
    0.04559487837235362,
    0.04553164066533114,
    0.04548050882591991,
    0.04540304642302298,
    0.04531166230663427,
    0.04523062919104318,
    0.045212031256307746,
    0.04519268566692989,
    0.045130798948232055,
    0.0450363096099361,
    0.044975544770955125,
    0.044928812575736436,
    0.04487417304376063,
    0.04482092998977105,
    0.04477217357653467,
    0.0447754386577446,
    0.04475073025495016,
    0.044730649833612704,
    0.044741484404432326,
    0.04473486161997364,
    0.04468514431777384,
    0.04460955720508553,
    0.04454174822206941,
    0.04447648012708636,
    0.044464848523626525,
    0.044500144327292004,
    0.044526487266137366,
    0.04450414651395261,
    0.04445001031755056,
    0.04441648007167355,
    0.04438049563259258,
    0.04434667040163354,
    0.044339991489849205,
    0.04429424155129481,
    0.044232207483090966,
    0.04420888007737667,
    0.044188054664657535,
    0.044157420395035125,
    0.044143476769579935,
    0.044129480893927805,
    0.04408344634733027,
    0.04405565828774324,
    0.04404607826973761
  ],