{
  "success": true,
  "x0": [
    0.47734753466430374,
    0.21084994121273848,
    0.3118025241229577,
    0.7392271849595616,
    0.41967947491801405,
    0.8762848390030152
  ],
  "x": [
    0.07067645232215687,
    0.7749924184189915,
    0.15433112925885173,
    448.7303225600594,
    2.3960735943651383,
    0.8762848390030152
  ],
  "SSE": 0.01824593850697348,
  "exp_data": [
    1.0,
    0.622179003224628,
    0.3590988662215208,
    0.25043612335511756,
    0.20167798544978432,
    0.17544621863983606,
    0.1579064638148329,
    0.14336504282304818,
    0.13097730986653489,
    0.12085241707286443,
    0.1127183453825814,
    0.10601733257998239,
    0.10044449585021657,
    0.09569836656604827,
    0.09165379756499027,
    0.08809268745298822,
    0.0849653325629128,
    0.08225419686366017,
    0.07986770632068624,
    0.07780426566509918,
    0.07600490056850283,
    0.0743849787892682,
    0.07293058483819777,
    0.07163881862493848,
    0.07050070985627561,
    0.06943433112365685,
    0.06846653435461346,
    0.06756518891189449,
    0.06675390666449957,
    0.0661144107922692,
    0.06540779823314916,
    0.06473748546280114,
    0.06410742807598317,
    0.06352519872462617,
    0.06295023068452728,
    0.06250505390257168,
    0.06211234802290661,
    0.0617443536999292,
    0.061361225390836376,
    0.06098769706950048,
    0.060633813165301476,
    0.060347025951675036,
    0.060008460785929446,
    0.0596591816837168,
    0.05927911018742398,
    0.05896355656523535,
    0.05868547986836186,
    0.05845407108737425,
    0.058179116688475474,
    0.057879819513130475,
    0.05763617393256653,
    0.05744243707323746,
    0.05724514415777401,
    0.05708764660567608,
    0.056910926034385974,
    0.05669851627363632,
    0.05653180814865448,
    0.0564166747163748,
    0.0562365684463093,
    0.05608295112724045,
    0.05592242146133604,
    0.05579404997005066,
    0.05565830168656997,
    0.055520619785997954,
    0.05537875619742983,
    0.05524388271029461,
    0.05508333548817417,
    0.054960273017718025,
    0.05487905621370076,
    0.054755716191351216,
    0.05464587835138197,
    0.05452528880521149,
    0.05436970321008029,
    0.05424429421054343,
    0.05413932396551071,
    0.054067891069236686,
    0.05398578082338169,
    0.0538737845444723,
    0.05371061742118669,
    0.053545758127874495,
    0.0533993457416918,
    0.05327075664242535,
    0.05316135154675747,
    0.053053553638027884,
    0.05299775649469127,
    0.05294433983563187,
    0.052866662504041394,
    0.052783859460210796,
    0.05270675142724325,
    0.052640582884004646,
    0.052608667475019494,
    0.0525312569280774,
    0.052413875433148675,
    0.05230537593809736,
    0.05216326819164026,
    0.05207073643626106,
    0.051968432552222804,
    0.051850185725609906,
    0.051766921371382515,
    0.05167865186534731,
    0.05154933396002532,
    0.05142308787346836,
    0.05138839559215862,
    0.051394717269867975,
    0.05138421833863797,
    0.05135976837912441,
    0.0512926452213046,
    0.051210472894185344,
    0.05109336111355431,
    0.05101649839858495,
    0.05095193368368881,
    0.050916125276310946,
    0.0508289882523826,
    0.05073491402032909,
    0.050624705120351665,
    0.050546346582174814,
    0.05047705110026508,
    0.05039494242783872,
    0.05028923615373342,
    0.05016977014790355,
    0.05002723676305662,
    0.049899771583287914,
    0.0498095551626799,
    0.049712221879599984,
    0.049687018467204205,
    0.04970238689341983,
    0.04967242004051948,
    0.049609516546053646,
    0.049600828235217706,
    0.04957567744309333,
    0.049543792099105546,
    0.049480365670664,
    0.049407800181586504,
    0.0493226478747147,
    0.049318914542150226,
    0.0493067044497909,
    0.049265303799816425,
    0.04923685150941047,
    0.04920453693729728,
    0.04915803593111881,
    0.049099596702439643,
    0.04905921087544527,
    0.049036303123757286,
    0.049023118213097974,
    0.04896610024333793,
    0.04892132834511983,
    0.04887963545354524,
    0.04883221172427241,
    0.048806014313336386,
    0.048781353795453994,
    0.048723497169469575,
    0.0487010405147495,
    0.04870291129440316,
    0.048735193061007216,
    0.048736444574947704,
    0.04871596257894309,
    0.048687543697888386,
    0.04867330947190862,
    0.04864338711786053,
    0.0485694311481986,
    0.04851108380202956,
    0.04854202767206565,
    0.04856084308324178,
    0.04860289521206355,
    0.048650501342022624,
    0.048687425355759636,
    0.0487112297890391,
    0.048724303231075745,
    0.04873101190356925,
    0.04871452590099679,
    0.04871857949148354,
    0.04869090499574714,
    0.04865005914651857,
    0.04859937177337124,
    0.04858005205111062,
    0.04852306260989553,
    0.04845949006031511,
    0.048427951184831855,
    0.048386931175506756,
    0.04839328347070189,
    0.04838712284082168,
    0.048336858445309536,
    0.04832229619144953,
    0.04831896373851118,
    0.048344234763891505,
    0.048317035132833905,
    0.04829467938391611,
    0.048308688167027374,
    0.0483037883659008,
    0.04829660417750439,
    0.04827788426281513,
    0.04822589152054894,
    0.04816644451556854,
    0.04808735511593507,
    0.04804608508123553,
    0.0480416792317135,
    0.04806717076748076,
    0.048076553119576725,
    0.04806246828478585,
    0.04801139588932371,
    0.048014784900884115,
    0.04796715047275953,
    0.0478436693120428,
    0.04777508775569276,
    0.04776048953280557,
    0.04777306151816138,
    0.04778469981276158,
    0.04778372472363277,
    0.04775233959197325,
    0.04766444743796778,
    0.047587828944505216,
    0.047559285331607415,
    0.04752731617721249,
    0.04754580577921852,
    0.04755452950979995,
    0.047544716241132524,
    0.04751799489179203,
    0.04745698633624068,
    0.04744500808018089,
    0.04746859138980407,
    0.04745959702182226,
    0.04741118237386042,
    0.04737120141581747,
    0.04732679215597982,
    0.047307552085657345,
    0.04729750629186987,
    0.04724334930758841,
    0.04714897340040591,
    0.047098329898422685,
    0.047016041607332526,
    0.04692742583957195,
    0.04686425209084372,
    0.046800896405183506,
    0.04675974022694898,
    0.046760775350672204,
    0.04673580212403414,
    0.0467061192073939,
    0.04662647407351292,
    0.04658744283809253,
    0.046523357022393394,
    0.04647585847385556,
    0.04644337697615059,
    0.046417707274002094,
    0.046423391294306525,
    0.04648655701159939,
    0.046510444334703194,
    0.046472167388672145,
    0.04641619818534369,
    0.046376789854103755,
    0.04635869715621782
  ],