{
  "x0": [
    0.4400528453449079,
    0.20194380124314937,
    0.35800335341194267,
    0.8767654858077067,
    0.16701658117298898,
    0.3916452635330107
  ],
  "x": [
    0.06935376456574863,
    0.8537679077744982,
    0.07687835960063884,
    534.5412709196091,
    2.8864090435096736,
    0.3916452635330107
  ],
  "SSE": 0.014221987385460124,
  "exp_data": [
    1.0,
    0.707443748441565,
    0.47315849849666913,
    0.3359502246907841,
    0.25744082995712714,
    0.20988457196387117,
    0.17981308294300155,
    0.15961609302525456,
    0.145071326014725,
    0.13378815541800376,
    0.12453218429000122,
    0.11658084626061402,
    0.10959096868349569,
    0.10351333869153917,
    0.09828004107397571,
    0.09381468809711721,
    0.08996291158866931,
    0.08662315042299348,
    0.08371195349791871,
    0.08117057596515759,
    0.07893525778598738,
    0.07699561139075191,
    0.07523480804799591,
    0.07368776470715686,
    0.07232679817167126,
    0.07109756158966805,
    0.06998368960432322,
    0.0689807133577968,
    0.06804683542285082,
    0.0672186751580482,
    0.06645509555722855,
    0.065700916388119,
    0.06498818952970015,
    0.06432145447674588,
    0.06373306149790466,
    0.0632002991192686,
    0.06272817064122806,
    0.0622830063227943,
    0.06185786951056564,
    0.061480218667444284,
    0.06109280980496337,
    0.06071762202505352,
    0.06035387412425346,
    0.06003680128024693,
    0.059707709106863585,
    0.05937502746316154,
    0.059119639952902286,
    0.05887620038693173,
    0.058631590278113724,
    0.05836932447574585,
    0.058119600597986036,
    0.05790482316788708,
    0.05768764310460991,
    0.05749447609060122,
    0.05732677625467432,
    0.057137157711566855,
    0.05695495915965677,
    0.05676403654827758,
    0.05658020451806531,
    0.056445461688505866,
    0.05631084133753579,
    0.05619097817166509,
    0.0560405639230464,
    0.05590075169694968,
    0.05578882143988567,
    0.055677524352421966,
    0.05556041833192434,
    0.05546096973823421,
    0.05538543295235306,
    0.05531809882069264,
    0.05526404852130243,
    0.05516876860944345,
    0.055036154122533563,
    0.054899113982714555,
    0.05475841342578665,
    0.054634470666409404,
    0.05451255744345118,
    0.05440383703316976,
    0.05430288046161427,
    0.05417505274237997,
    0.05405529335999388,
    0.053946956113952824,
    0.05383104224842043,
    0.05368974145017378,
    0.05356332066217734,
    0.05341863592379343,
    0.05328708112968394,
    0.053195593074957116,
    0.05311171462962713,
    0.05311092340447017,
    0.05311110816402562,
    0.053058385841916425,
    0.05298659436787734,
    0.05290051738642111,
    0.05280906814263126,
    0.05277776923870894,
    0.05272400922760949,
    0.0526504550619122,
    0.052576088721238534,
    0.05253895736504037,
    0.052500620110611344,
    0.05242648687505606,
    0.05235961597240889,
    0.05230842848596758,
    0.052235437383113544,
    0.05218277502179796,
    0.05213677502838142,
    0.052093466494933086,
    0.05205179572770596,
    0.052014266178857564,
    0.051956582184210204,
    0.051898938339912715,
    0.05185166621459868,
    0.05182359777079191,
    0.05179798039705846,
    0.05176942928784773,
    0.05178259391183358,
    0.05183166289884423,
    0.05186104753369702,
    0.05187121572262528,
    0.05183312569395486,
    0.051770415115207045,
    0.05168524819573025,
    0.05163565513478701,
    0.05161616727529027,
    0.051633455158793966,
    0.05168778642641295,
    0.05171727386198313,
    0.05169298778093671,
    0.051681347075213165,
    0.0516403411962312,
    0.05161417126784557,
    0.051582568512373465,
    0.05155043406288882,
    0.05147353934891057,
    0.051396034273703685,
    0.05137441142699505,
    0.051355170648880434,
    0.051332212113627956,
    0.05128646665445935,
    0.051257128760594683,
    0.05121227160333234,
    0.051159097123694874,
    0.05110906137708144,
    0.0510687217060003,
    0.051017485471861156,
    0.050992061057341075,
    0.05096172385917339,
    0.05093788233191217,
    0.05091496772016063,
    0.05092271987587805,
    0.05091013858499393,
    0.05091709492501717,
    0.050917012499760245,
    0.0509487874594445,
    0.0509844284938339,
    0.05099682068916095,
    0.05100070820903621,
    0.05096784876818759,
    0.05095748220310421,
    0.05094956551376065,
    0.05092097807607691,
    0.050896508839767325,
    0.05084952216315667,
    0.05082710064418405,
    0.050781969932990674,
    0.050721693107426746,
    0.05068879425517119,
    0.050702689644221,
    0.050667131967494415,
    0.050655604485462004,
    0.050630103178131165,
    0.05061117202265223,
    0.050563865000935675,
    0.050543561841195614,
    0.0505296381191978,
    0.05051398454685794,
    0.05049428473473192,
    0.05044319803388406,
    0.05040011975033728,
    0.05037090871227103,
    0.05031591861807657,
    0.05022171905880265,
    0.05015743139908016,
    0.05011595019122869,
    0.050107345067212046,
    0.0501023726777787,
    0.05009118753247398,
    0.05010090843603173,
    0.05011182132502742,
    0.05010585542960436,
    0.05008486481576242,
    0.050039669623384346,
    0.04999102848590938,
    0.04997367458100135,
    0.04996282091678511,
    0.04995511172323323,
    0.049938971966648815,
    0.04990033010356629,
    0.049844581464636176,
    0.04980140930754257,
    0.04973224801053006,
    0.04969545582044588,
    0.04969377279599916,
    0.049669143612502645,
    0.04966354821724636,
    0.04970049596155038,
    0.04972449112705894,
    0.04972932436991523,
    0.049751496253921675,
    0.049747285027657094,
    0.049722284559616796,
    0.049687306312846416,
    0.0496796857500119,
    0.0496863818183582,
    0.04962304953456106,
    0.04957020835911336,
    0.049521900748091964,
    0.04948632978303089,
    0.04945934375030444,
    0.04938653465261505,
    0.04930745582936625,
    0.049269322198839866,
    0.04929724893456516,
    0.04935802072682086,
    0.049384514081675095,
    0.049347980728620025,
    0.049323502078979835,
    0.04930470881214042,
    0.04927675550848885,
    0.04927889421755097,
    0.04926790243504857,
    0.04925168480482491,
    0.04923775522566016,
    0.04925483467749308,
    0.049254320974576424,
    0.04925439394002809,
    0.04922142628961068,
    0.049175060298071616,
    0.04911661602317753,
    0.04906873009380945,
    0.049035218735358474,
    0.049000526330906506,
    0.048990007973273526,
    0.0490005530956931,
    0.048989551012745866,
    0.04898609791884393,
    0.04897730722104648,
    0.048978461416232674,
    0.04900218530559912
  ],