{
  "success": true,
  "x0": [
    0.2802577582024775,
    0.6534983649310924,
    0.06624387686643018,
    0.7487088117800923,
    0.34893240326884223,
    0.7621009067234438
  ],
  "x": [
    0.1171735430983851,
    0.8828264569016149,
    2.846030702774449e-19,
    29.957332685316427,
    15.038230144020552,
    0.7621009067234438
  ],
  "SSE": 0.0009271077437240227,
  "exp_data": [
    1.0,
    0.9467147042408603,
    0.8936927339053043,
    0.8416359452600531,
    0.7911792217522314,
    0.7426401692904313,
    0.696265701740895,
    0.6523007952497596,
    0.6109660272731146,
    0.5723692915726076,
    0.53650324216666,
    0.5032158588049083,
    0.47232495791727336,
    0.4436321391242663,
    0.41695650805299084,
    0.39209851903122483,
    0.3689174868355534,
    0.3472869567626861,
    0.32709326904193553,
    0.30820787888407014,
    0.2905139438852574,
    0.27391669221010706,
    0.2583359583636395,
    0.2436987414557054,
    0.22994309036934568,
    0.21701667417850182,
    0.20486699978732453,
    0.1934454829135902,
    0.18271034980670728,
    0.17261829575052534,
    0.16313493854977817,
    0.15422083140542417,
    0.14583900146710202,
    0.13794148725132208,
    0.13049905226909073,
    0.12348726267494563,
    0.11688230566720911,
    0.11065811271429603,
    0.10478954561541876,
    0.09925325091926104,
    0.09402177825201265,
    0.0890886380270028,
    0.0844307627364635,
    0.08003584477005561,
    0.07588195675876672,
    0.07195482534135088,
    0.06823657229026038,
    0.06471915072136238,
    0.061396366628071554,
    0.05825283085253253,
    0.055274613710973856,
    0.052453571484951604,
    0.049776046061441835,
    0.04723971926420709,
    0.044839781256081734,
    0.04256329762713818,
    0.040403590380508995,
    0.03835703550253911,
    0.03642109255423551,
    0.0345850131742685,
    0.03284556156061008,
    0.031199246864115595,
    0.029637288771797672,
    0.028156378913069303,
    0.02675128518966926,
    0.025421074174866116,
    0.02416089404902214,
    0.022967900681364773,
    0.021840387249220893,
    0.020772831814744673,
    0.019760709345610653,
    0.01880057914770003,
    0.017890252767899503,
    0.017028612551812598,
    0.01621399045699005,
    0.01543969870051067,
    0.014703286385142449,
    0.014003185945114413,
    0.013339090100406455,
    0.01270898230443151,
    0.012109558536106329,
    0.011540305006888713,
    0.010997953208696946,
    0.010482358358778473,
    0.009992173180061951,
    0.009526936131826463,
    0.009084537365615084,
    0.008664435983846423,
    0.008265106953013636,
    0.007885915610851743,
    0.007525846004012068,
    0.007182906498879501,
    0.006857395480241662,
    0.0065462188377643,
    0.0062501902658773775,
    0.005967202596815564,
    0.005697155005151233,
    0.005438701951037383,
    0.005192067362843301,
    0.004956744390475129,
    0.004732406177159096,
    0.004518556703027963,
    0.004313425457076588,
    0.004117542114942486,
    0.003930735059285892,
    0.0037531677249740907,
    0.0035840448474178414,
    0.0034227513345991933,
    0.0032694282352569532,
    0.003124285249064007,
    0.002986380709913389,
    0.002855089205927108,
    0.002729525914433956,
    0.0026096519532041933,
    0.0024965034885517717,
    0.0023886446121045477,
    0.0022863080195549505,
    0.002189110376104855,
    0.0020967172697080837,
    0.0020089813550032572,
    0.0019247368127493904,
    0.0018445027030303727,
    0.0017678326138730609,
    0.0016942076997616762,
    0.0016237306449979286,
    0.001556713588243086,
    0.0014927738310346384,
    0.001431456180494047,
    0.0013728967925758528,
    0.0013165321026743098,
    0.001262794804004877,
    0.00121162843552482,
    0.0011634515917812696,
    0.0011170099790510815,
    0.0010722951230708866,
    0.001029245380943854,
    0.000987816406858571,
    0.0009479457741670903,
    0.0009099087620928275,
    0.0008737151760927426,
    0.0008392855869625722,
    0.0008065221042392055,
    0.0007748600868255588,
    0.000744449124325049,
    0.0007149901466157854,
    0.0006867045617586351,
    0.0006592556906436793,
    0.0006328108556589581,
    0.0006075385916735525,
    0.0005836994204395786,
    0.0005609010737629844,
    0.0005390034887304539,
    0.0005182488732453673,
    0.0004980583623304909,
    0.000478764795898285,
    0.0004599877082147494,
    0.0004416196299364563,
    0.0004237549213961205,
    0.00040645173109759463,
    0.0003898425903552894,
    0.0003740610121966417,
    0.0003587961367613446,
    0.00034425534973890804,
    0.0003303309407119788,
    0.00031704502024059773,
    0.0003044759508902557,
    0.00029245918474594533,
    0.0002808289390133662,
    0.00026947458738011396,
    0.0002586425617248964,
    0.0002480904834297669,
    0.00023785775532147925,
    0.00022775675767380937,
    0.00021782619910982358,
    0.00020812409806511003,
    0.00019848029498446644,
    0.0001889905637728733,
    0.00017984703345976687,
    0.00017086008208347926,
    0.00016208820507008367,
    0.0001533787643626287,
    0.0001448670243058363,
    0.0001365348207591808,
    0.00012840254199429,
    0.0001204519663980786,
    0.00011274241725025336,
    0.00010517800436959189,
    9.77595765053204e-05,
    9.046845363567941e-05,
    8.352069311330865e-05,
    7.683986666501536e-05,
    7.042754757675263e-05,
    6.428532152087707e-05,
    5.845424280279048e-05,
    5.2797786828723876e-05,
    4.743582810878061e-05,
    4.2469347050357856e-05,
    3.780127764853633e-05,
    3.371234700938915e-05,
    3.0066272758446624e-05,
    2.690572054071439e-05,
    2.42536536671604e-05,
    2.199262775399089e-05,
    1.978287815450819e-05,
    1.7725542897051954e-05,
    1.5942783603178087e-05,
    1.4395773297496951e-05,
    1.3025081691440196e-05,
    1.1831783899152442e-05,
    1.0755851002128064e-05,
    9.736764052644222e-06,
    8.77487179806958e-06,
    7.829533523117493e-06,
    6.900851203279405e-06,
    6.050669174584647e-06,
    5.217604182706445e-06,
    4.4017623239323865e-06,
    3.6032505747772056e-06,
    2.863679398639856e-06,
    2.412155270099784e-06,
    2.1462896653341306e-06,
    1.921076506989336e-06,
    1.7158459850385044e-06,
    1.5516925955828578e-06,
    1.3868494859128405e-06,
    1.2213122999822947e-06,
    1.0550766449872477e-06,
    9.092842361183735e-07,
    7.840650083317e-07,
    6.583140645346066e-07,
    5.745902511258214e-07,
    4.905094066071219e-07,
    4.060692421918791e-07,
    3.2126744948929645e-07,
    2.3610170050440865e-07,
    1.7207959723065118e-07,
    1.0778153637436941e-07,
    6.480859554324958e-08,
    2.164962487952974e-08,
    0.0,
    0.0,
    0.0,
    0.0,
    0.0,
    0.0,
    0.0,
    0.0,
    0.0,
    0.0,
    0.0,
    0.0,
    0.0,
    0.0,
    0.0,
    0.0,
    0.0,
    0.0,
    0.0,
    0.0,
    0.0,
    0.0,
    0.0,
    0.0,
    0.0,
    0.0,
    0.0,
    0.0,
    0.0,
    0.0,
    0.0,
    0.0,
    0.0,
    0.0,
    0.0,
    0.0,
    0.0,
    0.0,
    0.0,
    0.0,
    0.0,
    0.0,
    0.0,
    0.0,
    0.0,
    0.0,
    0.0,
    0.0,
    0.0,
    0.0,
    0.0,
    0.0,
    0.0,
    0.0,
    0.0,
    0.0,
    0.0,
    0.0,
    0.0,
    0.0,
    0.0,
    0.0,
    0.0,
    0.0,
    0.0,
    0.0,
    0.0,
    0.0,
    0.0,
    0.0,
    0.0,
    0.0,
    0.0,
    0.0,
    0.0,
    0.0,
    0.0,
    0.0,
    0.0,
    0.0,
    0.0,
    0.0,
    0.0,
    0.0,
    0.0,
    0.0,
    0.0,
    0.0,
    0.0,
    0.0,
    0.0,
    0.0,
    0.0,
    0.0,
    0.0,
    0.0,
    0.0,
    0.0,
    0.0,
    0.0,
    0.0,
    0.0,
    0.0,
    0.0,
    0.0,
    0.0,
    0.0,
    0.0,
    0.0,
    0.0,
    0.0
  ],