{
  "success": true,
  "x0": [
    0.21446807818172442,
    0.2675348776633503,
    0.5179970441549252,
    0.5519593198221214,
    0.2606407716084553,
    0.9517167845528245
  ],
  "x": [
    0.07946100518543343,
    0.9193268976911616,
    0.0012120971234050417,
    78.07640791441432,
    9.864093644991536,
    0.9517167845528245
  ],
  "SSE": 0.004652777404129348,
  "exp_data": [
    1.0,
    0.9170047321823426,
    0.835893218329518,
    0.7588355287459455,
    0.6881275168656013,
    0.6245366526705837,
    0.5679392875050077,
    0.5177158680527787,
    0.4729955334767054,
    0.4329487362803829,
    0.3970134763249508,
    0.36475399991587054,
    0.33577106976022764,
    0.3097152358132539,
    0.28624230095057746,
    0.2650760980343389,
    0.24596013745451448,
    0.22865348275835232,
    0.21294726323883834,
    0.19865367184996374,
    0.18561672734438525,
    0.17369692594019323,
    0.16281021021570102,
    0.15286779409624707,
    0.14379562762415427,
    0.13549204204126247,
    0.1278763177352455,
    0.1208986425496458,
    0.11449796859747895,
    0.1086149253571786,
    0.10316013563643338,
    0.09808981986139649,
    0.09339490690412058,
    0.08909129037757,
    0.08513956289775518,
    0.08149907853591551,
    0.07816280303525816,
    0.07510925513302344,
    0.0722820297494037,
    0.06963745985175272,
    0.06715583204009469,
    0.0648289831316033,
    0.06266575429768526,
    0.06063301968739707,
    0.05873741009468071,
    0.056951927361283336,
    0.05527778758182942,
    0.05370520694474756,
    0.05221784656581487,
    0.05080411215819418,
    0.04944348382568842,
    0.0481377560295854,
    0.046903821372196904,
    0.04574158545699938,
    0.044615550388618586,
    0.04351039610733571,
    0.042484172190515986,
    0.04153165762654239,
    0.04065008468931998,
    0.039800910897785,
    0.038997561054840486,
    0.03821726162896894,
    0.037438553816688494,
    0.03666095193920204,
    0.0358944390042803,
    0.0351319235293425,
    0.034377784902469614,
    0.03363738306441725,
    0.032895334089421885,
    0.032134065501661,
    0.03136363838154003,
    0.030567307536183957,
    0.029783948120094276,
    0.02903410472280054,
    0.028277971376410558,
    0.02757700125129128,
    0.026896459774236617,
    0.026236647020428678,
    0.025617562642937464,
    0.025031592591245037,
    0.02450516427634254,
    0.02403249638075998,
    0.023577330950985253,
    0.023142054495117796,
    0.022716176536750572,
    0.022285031402938207,
    0.021869448154840477,
    0.02145088955999413,
    0.02101712400202247,
    0.020561084228423888,
    0.020105362055346493,
    0.019653095411178666,
    0.019185948241998055,
    0.018712086383059483,
    0.018233819775006405,
    0.017776736473970746,
    0.017373813253367364,
    0.01700958590549901,
    0.01670098813684786,
    0.016435480639504427,
    0.016198157670604882,
    0.01597495797985516,
    0.015785537027352244,
    0.015638715581855943,
    0.015503356099091065,
    0.015376137253994542,
    0.015267466126885251,
    0.015168663598286442,
    0.015100921274311079,
    0.015057486534934435,
    0.015039398811675994,
    0.015057219834172774,
    0.015127502919946488,
    0.01520611743324558,
    0.015281526353622045,
    0.015343359643705956,
    0.01537876630352791,
    0.015395068094725685,
    0.015410367936099111,
    0.01540839611153298,
    0.015375825559630405,
    0.015310978521430279,
    0.015218992187850056,
    0.015116668984629359,
    0.014997497500196055,
    0.014824522016934585,
    0.014603831942533308,
    0.014375507372277297,
    0.01412259237555219,
    0.013884196525189955,
    0.01363422790775945,
    0.013398376052112132,
    0.013148640928073989,
    0.012883973932932046,
    0.01262840682897439,
    0.0123689770275018,
    0.012115355912891581,
    0.011859204484330593,
    0.011606479245241089,
    0.011373572512745138,
    0.011183029902736914,
    0.011046498402287972,
    0.0109309164611401,
    0.010843165004772178,
    0.010746260951531845,
    0.010642917103427693,
    0.010547456592576327,
    0.01048778118316136,
    0.010459077135399491,
    0.01045471689838375,
    0.01047426207065425,
    0.010506009643137259,
    0.010546105247066163,
    0.010554369397229313,
    0.010550396922227817,
    0.01052701889471344,
    0.010517668669693407,
    0.010532721925218855,
    0.010592901719982934,
    0.010676252782580546,
    0.010750138927743695,
    0.010816256003247118,
    0.010880540090268377,
    0.01092292668682331,
    0.010971965484780202,
    0.011023207574854744,
    0.011061793109457471,
    0.011080695885898467,
    0.011077301141492064,
    0.011058984691250523,
    0.011021844826667189,
    0.010975917937011435,
    0.010935600338908585,
    0.010940076750837233,
    0.01094437906411397,
    0.010946806869896188,
    0.010938956055958784,
    0.010929609576476514,
    0.010922466072767664,
    0.010866236747929697,
    0.010763562446869794,
    0.010619525579654591,
    0.010465229041615795,
    0.01026347406372738,
    0.010032492918488536,
    0.009823575322408976,
    0.009679193371704165,
    0.009609424606981226,
    0.009602581902075698,
    0.009628836725518211,
    0.009614983023034145,
    0.009569030123258613,
    0.00948027549552515,
    0.009360040557105305,
    0.00923068809105392,
    0.009088904215606035,
    0.008936759147940343,
    0.008786157606222273,
    0.008608196796313373,
    0.00843185819137951,
    0.008272331360623336,
    0.00809267385483213,
    0.007874117135698295,
    0.007689977212012129,
    0.007568355928116696,
    0.007485490061626055,
    0.007438358978554559,
    0.007408216297260988,
    0.007384668323578328,
    0.007368267208037559,
    0.007366519425299345,
    0.007400920910850617,
    0.007436802395620267,
    0.007469347824750445,
    0.007506603724412497,
    0.0075716586532878875,
    0.007638384405891868,
    0.0076955000912915595,
    0.00773817495314241,
    0.007759709317673109,
    0.007775783385912554,
    0.007825582800315195,
    0.007876116358266528,
    0.007890454384963372,
    0.007856805843131469,
    0.00773243395998606,
    0.007508837826775148,
    0.007218755996377493,
    0.006915304885432978,
    0.006614353737269694,
    0.006336879815639491,
    0.006079094669668241,
    0.005829632444810254,
    0.005627509556883065,
    0.0054872957039395825,
    0.0053495054516521715,
    0.005212664954946764,
    0.0051439804483236935,
    0.005130240440660529,
    0.005171911521662758,
    0.005223625429683554,
    0.005295330937593118,
    0.0053454549426425,
    0.00538119744779837,
    0.00540461330058753,
    0.005407750159404554,
    0.005408160654496424,
    0.005418919874376654,
    0.00542658517907991,
    0.005452116620840472,
    0.005526853058191086,
    0.005640516244162136,
    0.005731490078468069,
    0.005761558558700287,
    0.005735468048746811,
    0.005668314593575727,
    0.005567886811739767,
    0.005459431938643753,
    0.00537704000160047,
    0.005309718442268294,
    0.005225183773771855,
    0.0051250644519766015,
    0.004974051468593924,
    0.0048103276126072615,
    0.004657438894737749,
    0.004505378281009931,
    0.004324531427819358,
    0.004151990866657492,
    0.00396678353329732,
    0.0037696667740848085,
    0.003579611198320801,
    0.0034055415347523277,
    0.0032784272172012253,
    0.003182324026956828,
    0.003131550330465418,
    0.0031421558878011627,
    0.003224118101186884,
    0.0033835873889446998,
    0.003595565685990395,
    0.0038819477131585437,
    0.004281800933099538,
    0.00473967529784135,
    0.005227758619598268,
    0.005746177825476089,
    0.00631409143877794,
    0.006886134852894093,
    0.007428615952125841,
    0.007921451580757027,
    0.008350494144584279,
    0.008681493259276349,
    0.00890263659628809,
    0.00904765207036604,
    0.009106740146207748,
    0.009110204114636311,
    0.009079020072794911,
    0.009055873264318847,
    0.009046297707601144,
    0.009006054530820363,
