{
  "success": true,
  "x0": [
    0.3894382767800842,
    0.35857306081020546,
    0.25198866240971046,
    0.9719187357654892,
    0.8555563878094639,
    0.9245064721785892
  ],
  "x": [
    0.05859950251824842,
    0.9204038451475062,
    0.020996652334245493,
    95.44500214161161,
    10.50241510759991,
    0.9245064721785892
  ],
  "SSE": 0.009856890226836165,
  "exp_data": [
    1.0,
    0.9155367289022962,
    0.8330763259609709,
    0.7548965915753105,
    0.6834632408645334,
    0.6196383367878086,
    0.5632444770077187,
    0.5135385953101077,
    0.46951616128621215,
    0.43031076677880736,
    0.3952007359790038,
    0.3636891834247051,
    0.335392260612322,
    0.30996705146464604,
    0.287101777501234,
    0.2665122644656523,
    0.2479089101111889,
    0.23104267719599517,
    0.21572387150753347,
    0.20175891676240132,
    0.18902145382350263,
    0.1773921149952888,
    0.16674971630471447,
    0.15697703525381435,
    0.14794812532006352,
    0.13959925439307785,
    0.1318913883769779,
    0.12477605600136954,
    0.11820808778764277,
    0.11216069748685947,
    0.10653227385482579,
    0.10129143027825713,
    0.09639891710356853,
    0.09181717094779385,
    0.08753332745280266,
    0.08354417651399523,
    0.07979739767094178,
    0.07627945562241194,
    0.07299970151271458,
    0.0699337990367285,
    0.06704382248884108,
    0.06432500476690471,
    0.06175666075240034,
    0.059350054476605685,
    0.05710435483264155,
    0.05501087902662841,
    0.05305691381869833,
    0.05122327920844138,
    0.04949009933243472,
    0.04779182171528891,
    0.04613968493545125,
    0.044520813409085896,
    0.04294647282288504,
    0.041432698657010845,
    0.03995502904392308,
    0.03853311422089161,
    0.03716323335272514,
    0.03585585015110386,
    0.03460268353479863,
    0.03340492823399132,
    0.03225493127981558,
    0.031165620635933183,
    0.03009777135506097,
    0.029064958041808003,
    0.02808240155782695,
    0.02712233773621047,
    0.02620130406289524,
    0.025331674423070515,
    0.02447096414271843,
    0.02362367648982633,
    0.022799808576130405,
    0.022001409956301784,
    0.021235865818757655,
    0.02049501609388809,
    0.01977337858408948,
    0.0190784645271659,
    0.018403293700049936,
    0.017756331843967514,
    0.017165150303438705,
    0.016621378097435406,
    0.016126906592623228,
    0.015697139296062732,
    0.015343411050909595,
    0.01509387139212171,
    0.014934421692690164,
    0.014846478604101819,
    0.014805504919753684,
    0.014792625130526173,
    0.014817914839270587,
    0.014866280599317288,
    0.014963071078936808,
    0.015113270637269275,
    0.015285541571309347,
    0.015459208198007586,
    0.015612711860798491,
    0.015747468816928203,
    0.01584333014208543,
    0.01589968553995206,
    0.015920304178634194,
    0.01591111299294438,
    0.015886057897348888,
    0.015856765412957247,
    0.015864926133841713,
    0.015881828366360224,
    0.01589790178799066,
    0.01590104075898983,
    0.015898055339452224,
    0.015869673383798258,
    0.015840388936070114,
    0.015838859155335904,
    0.01588175276932576,
    0.01592844025175703,
    0.015992896157002473,
    0.016101071321928232,
    0.016227242520643906,
    0.01639061968075738,
    0.016574675005068255,
    0.01675160223070199,
    0.016914455424845487,
    0.017044626393531992,
    0.01714283438329414,
    0.017182457715561317,
    0.01717873687464978,
    0.01713388567250271,
    0.017037065434446188,
    0.016899718798393828,
    0.016753771618034895,
    0.016591020774898886,
    0.016434708884256594,
    0.016275538739382714,
    0.01611993266192061,
    0.015949689717709478,
    0.015789842654720113,
    0.015622206809959257,
    0.015433042530613122,
    0.015192410504886802,
    0.014909194171604042,
    0.01459178208774283,
    0.0142742913242249,
    0.01396476286152975,
    0.013676433748690748,
    0.013403235870268152,
    0.0131320764510225,
    0.01285058086313785,
    0.012557721498072702,
    0.01226276527023065,
    0.01196275210342251,
    0.011660972193369106,
    0.011372326787015883,
    0.011083705546522209,
    0.01075647359071371,
    0.01044361408821524,
    0.010147934487925525,
    0.00989603955557,
    0.009679378206644463,
    0.009548985171121337,
    0.00947708559169829,
    0.009430493064958514,
    0.009378141105388189,
    0.009267039025210297,
    0.009094463569670497,
    0.008843496538997757,
    0.00849295975085987,
    0.008068833160721588,
    0.00758296620018917,
    0.0070826463611369335,
    0.006555296954245005,
    0.006042000534154865,
    0.005557481037664395,
    0.005145184243018647,
    0.0048306274271237275,
    0.004613272177549611,
    0.004499715826496329,
    0.004494197479032898,
    0.004580180370586591,
    0.004716826979761065,
    0.004915794401059764,
    0.005171433380353674,
    0.00549225442542876,
    0.005846409649113946,
    0.006199945432642188,
    0.0065831233432680535,
    0.00701440623383839,
    0.007497257300966727,
    0.007999246080313998,
    0.008525998492922827,
    0.00903893400439806,
    0.009550464417625469,
    0.01000172704192117,
    0.01038115447978199,
    0.010665803767965876,
    0.010867213313835257,
    0.010965918728055498,
    0.010983965954017244,
    0.010928202860895754,
    0.01081715208067276,
    0.010662527022296864,
    0.010490948738131356,
    0.010330201618402403,
    0.010178544615320638,
    0.009995041686025836,
    0.009813648901503234,
    0.009594132161093673,
    0.009364225313867965,
    0.009143778714528024,
    0.008954072426642755,
    0.008797938624766364,
    0.008623252635388412,
    0.008410056108891024,
    0.00817915106942944,
    0.00795056048562566,
    0.0077065929623546005,
    0.007440742173643519,
    0.00715137673760377,
    0.006801816760741937,
    0.006421822610744537,
    0.006083927993885011,
    0.005777961681918206,
    0.005523701513100517,
    0.00536447160707941,
    0.005275576648118654,
    0.005253548280316987,
    0.005299069057371695,
    0.005408032648173666,
    0.005532739291356796,
    0.005624981723651723,
    0.0056773170441447385,
    0.005687127698310554,
    0.005652918740999068,
    0.005610907478875229,
    0.005629462456217201,
    0.005714597697520401,
    0.005866927953677853,
    0.006072300686360017,
    0.0063082172898233395,
    0.00654985073793063,
    0.0068127560301404315,
    0.007105376015011983,
    0.007390830961489012,
    0.007629413374638387,
    0.0078012581727271105,
    0.007932402818906448,
    0.008075863132219844,
    0.008247448193908808,
    0.008421769941033453,
    0.008611771538179835,
    0.008781795831316793,
    0.008924803332216244,
    0.009047203582484075,
    0.00917493901650846,
    0.0093103070982692,
    0.009416975938563573,
    0.009509254846511711,
    0.009619910239762353,
    0.009725004201555011,
    0.009842148241032373,
    0.009922121688220528,
    0.00994249069735705,
    0.009876894062743523,
    0.009766690937752339,
    0.009584160264937037,
    0.009370141339108498,
    0.009132709811117147,
    0.008850454747646555,
    0.008564397482563381,
    0.008276678360922106,
    0.008014994990944053,
    0.007788930560190293,
    0.007581570402187389,
    0.007395406317532971,
    0.007210100537772337,
    0.007084417981815846,
    0.007002305597160462,
    0.006994793144526762,
    0.007002141842671934,
    0.007047607765567868,
    0.007113974778636976,
    0.007205490691821565,
    0.007310214861334704,
    0.007395468091520416,
    0.007479391972364037,
    0.007584829873937436,
    0.0077087195247057235,
    0.007846944705592471,
    0.007979188902579763,
    0.008090541530516995,
    0.008199245042200437,
    0.008318211400434122,
    0.008455292890003692,
    0.008636885170695555,
    0.008868401664974813,
    0.009099852035789271,
    0.009323936377368862,
    0.00950759511321408,
    0.009635085003378044,
    0.009746480714786482,
    0.009834539878616263,
    0.009952252997973378,
