{
  "success": true,
  "x0": [
    0.4996830094470209,
    0.05740241737959584,
    0.44291457317338323,
    0.630619900838812,
    0.434188134028799,
    0.7280308187707617
  ],
  "x": [
    0.09329378856642831,
    0.8626615711792488,
    0.04404464025432296,
    2031.846617511908,
    2.2469497700878587,
    0.7280308187707617
  ],
  "SSE": 0.010832047577504231,
  "exp_data": [
    1.0,
    0.6703453325115075,
    0.4196508465997758,
    0.2930930699461716,
    0.22856147016759526,
    0.19140402483280447,
    0.16858282743536893,
    0.15361249526525803,
    0.1431434711789474,
    0.13535016568911293,
    0.12927565540773306,
    0.12438140502427215,
    0.12038064329709461,
    0.1170741607763575,
    0.11425443554972861,
    0.11176753899523906,
    0.10961544844037271,
    0.10768534704604997,
    0.10600891060804692,
    0.10450964063918271,
    0.10314876577691279,
    0.10191000281910348,
    0.1007982929168179,
    0.09979772760731666,
    0.09890474786955376,
    0.09809718047355374,
    0.09736232482929333,
    0.09663967554601406,
    0.09597101677566144,
    0.095392917537657,
    0.09479748063938247,
    0.09426117970184611,
    0.0937692146105706,
    0.09336317014132979,
    0.09295693143317696,
    0.092613770000232,
    0.09223280087612991,
    0.09184185970727715,
    0.09150434583664671,
    0.09119052306998948,
    0.0908378073420863,
    0.09053371091904558,
    0.09024687981643022,
    0.09000357704939561,
    0.08982065352979164,
    0.08962788057744195,
    0.08938922987827073,
    0.08916372399687199,
    0.08900120712272543,
    0.08882692678496965,
    0.08867857636155219,
    0.08852174266230381,
    0.08836694831967715,
    0.08826900897091149,
    0.08804995918815284,
    0.08776576685492216,
    0.08754517683308738,
    0.08743520427528256,
    0.08736926459558288,
    0.08725081118248401,
    0.08707908425311055,
    0.08690044883757966,
    0.08666618936215129,
    0.08644979841535948,
    0.08637255617624102,
    0.0863034860947782,
    0.08616010787053249,
    0.08606136293016287,
    0.08602023957704323,
    0.08593688238429813,
    0.08584608946930443,
    0.08568745755205977,
    0.08554814402102877,
    0.08545202184269082,
    0.08536499071534362,
    0.08533801719370916,
    0.08526844894519711,
    0.08518188111131172,
    0.08508718890283659,
    0.08499641287084214,
    0.08491630134096041,
    0.0848536462467444,
    0.08477856811400024,
    0.08474674260471737,
    0.08473522876762005,
    0.08478288406258096,
    0.08490082862418508,
    0.08498962312338136,
    0.08504059954698698,
    0.08500855929015078,
    0.08498155411699215,
    0.0849554567550849,
    0.08491377469445482,
    0.08484401695604228,
    0.0847824855254705,
    0.08474279072708284,
    0.08472403627362372,
    0.0846657598166092,
    0.08464190068145062,
    0.08465537946695254,
    0.0846168558736325,
    0.08455988281013417,
    0.08456088860280282,
    0.08455660334670444,
    0.08454376185959052,
    0.08455211190038713,
    0.08461732002048569,
    0.084669884683912,
    0.08462230815045423,
    0.08459420908894762,
    0.08457382919415338,
    0.08452613345727855,
    0.0845132947892718,
    0.08452769441599262,
    0.08448850722574426,
    0.0844904219238668,
    0.08449476787768335,
    0.08451404886514488,
    0.08456896470350543,
    0.084558496798345,
    0.0845056893727232,
    0.08443301798165327,
    0.08435787858489273,
    0.08432830348032613,
    0.08433810601429186,
    0.08434555328688073,
    0.0843228064852782,
    0.0842900658848149,
    0.08425243650027342,
    0.08420025350414893,
    0.08416527717734275,
    0.08407945749566427,
    0.08404999202202726,
    0.08404462357700121,
    0.08407801420266546,
    0.0841010803708902,
    0.08408798785333056,
    0.08408344222160155,
    0.08408411461456086,
    0.08408010177768101,
    0.08405641764440944,
    0.08404640009213454,
    0.0840223743043249,
    0.08400977795937735,
    0.0839923610432852,
    0.0839527389044084,
    0.08387098229885132,
    0.08384497409775145,
    0.08385020449166221,
    0.08382129539869522,
    0.08374607650484794,
    0.08370408350510343,
    0.08373264308132787,
    0.08378369633286513,
    0.08382724886462084,
    0.08382434811468643,
    0.08382397770955669,
    0.08382525132442507,
    0.08381929836232584,
    0.08381763901910963,
    0.08376351259074248,
    0.08374447958414344,
    0.08379239819816714,
    0.08380469286601833,
    0.08384401787402888,
    0.08385001135504225,
    0.0837692146875765,
    0.0836626863780334,
    0.08355640716745516,
    0.08354501498305619,
    0.0835415473293685,
    0.0835243161305555,
    0.08347485326349864,
    0.08351743872114167,
    0.08353134259315893,
    0.08356469350153989,
    0.08356452118933853,
    0.08355414673468867,
    0.0835675008583878,
    0.08352504377148486,
    0.08345851501703913,
    0.08341808789090115,
    0.08353226432326424,
    0.08362198757728057,
    0.08368889596744018,
    0.08373905947036948,
    0.08377297069119817,
    0.08376884666862847,
    0.08373095875647878,
    0.08373415892423991,
    0.0836626205185317,
    0.08362983142866846,
    0.0836334985118152,
    0.08367983899523879,
    0.08371730094234822,
    0.083755996137567,
    0.08380768863960691,
    0.0838208615139434,
    0.08374538389108428,
    0.08374219957176882,
    0.08372315653311294,
    0.08365795794837083,
    0.08346808090423055,
    0.08336259182431648,
    0.08332104828866731,
    0.08331397125186045,
    0.08337028566314499,
    0.0833871127042822,
    0.0833772658261949,
    0.08339034751306322,
    0.08339873499247706,
    0.08347539660920127,
    0.08345913840174073,
    0.08338588931889644,
    0.0832834973362154,
    0.08318629646819951,
    0.08314586639745103,
    0.08310053976024712,
    0.08300184720575338,
    0.0829046543283958,
    0.08285906866918132,
    0.08289860040765362,
    0.08294334067257352,
    0.08301468556591257,
    0.08304710837643381,
    0.08303431235113623,
    0.08298157709114164,
    0.08292355805681854,
    0.08285193581054938,
    0.08285583206990065,
    0.08296246761761168,
    0.08302430523267194,
    0.08301067475677927,
    0.08299870052685157,
    0.08306018197220548,
    0.08297169735818269,
    0.08288243170766656,
    0.08284085871808394,
    0.08285726753330187,
    0.08290700530328846,
    0.08285160040115509,
    0.08281492328032077,
    0.08280994211899875,
    0.08282185191673558,
    0.08284442377884366,
    0.0829053853009075,
    0.08293225072976182,
    0.08292764104761774,
    0.08292573351781737,
    0.08297390389953523,
    0.08308670247623126,
    0.08311749971600825,
    0.08309919796091579,
    0.08308349189678224,
    0.08303912202950098,
    0.08302169509981917,
    0.08295120647137119,
    0.0828680704753371,
    0.08281869268252405,
    0.0828462108190844,
    0.08287080820739204,
    0.08294142438755424,
    0.08298723082354915,
    0.08299056327577349,
    0.08304492793164422,
    0.0830910363206774,
    0.08307658888275046,
    0.08311356189122816,
    0.08312555650583314,
    0.0831129464360925,
    0.08301834277544766,
    0.08295555902352643,
    0.08294431454119658,
    0.08298514908544437,
    0.08292997720312945,
    0.0829392782108987,
    0.0829240525952727,
    0.08295833097222621,
    0.08291915038579802,
    0.08285269566390607,
    0.08280910345408209,
    0.0827461323690043,
    0.08267158809440485,
    0.08258657992176918,
    0.08260879124840752,
    0.08266053903056718,
    0.08264290829618406,
    0.08267933595504764,
    0.08274916430962066,
    0.08279187249106923,
    0.08281497124861122,
    0.08279950155039152,
    0.0827032634802417,
    0.08253307564859877,
    0.08234975930889918,
    0.0822257665870809,
    0.08219345862934345,
    0.08213296433787706,
    0.0821306249361334,
    0.08211335020858776,
    0.08211699767670935,
    0.08213376067749155,
    0.08217386099943885,
    0.08221184915723688,
    0.08226756771033601,
    0.08234014840970845,
    0.08237251563496922,
