{
  "success": true,
  "x0": [
    0.41166211897811766,
    0.2853549268237233,
    0.302982954198159,
    0.7450452978485254,
    0.5536684459632321,
    0.8490345502406788
  ],
  "x": [
    0.13867919211996424,
    0.8400460112186089,
    0.02127479666142693,
    232.57196138590928,
    9.27083611463299,
    0.8490345502406788
  ],
  "SSE": 0.012986915228627698,
  "exp_data": [
    1.0,
    0.9143821671711718,
    0.8305188194690424,
    0.7515377242787402,
    0.6801257124717907,
    0.6168997795638094,
    0.5615210332089873,
    0.5132206413601054,
    0.47113305410970396,
    0.43445007634849786,
    0.40247906235801895,
    0.37458210572310796,
    0.350183610519697,
    0.32875274021717027,
    0.3098321821036124,
    0.2930684192779685,
    0.27815338302812054,
    0.2648249855906354,
    0.2528651204150561,
    0.24207753002601848,
    0.2322954028324572,
    0.2233946859681356,
    0.21526665628312308,
    0.20781297155121112,
    0.20095083279420692,
    0.19462046173628522,
    0.18876641941783368,
    0.1833398571883393,
    0.17829331550422806,
    0.17359789390027822,
    0.16922301855305688,
    0.16514242544960384,
    0.16133406339631576,
    0.15778284122435018,
    0.1544616195058803,
    0.15135402998217892,
    0.14844186666806364,
    0.1456999669848606,
    0.14311586569867732,
    0.14067830257206765,
    0.13836835595447958,
    0.13617107150687102,
    0.13407178408067874,
    0.13206331643747762,
    0.13014679254655165,
    0.12832278103376624,
    0.12658544156285734,
    0.12492722351445563,
    0.12334396356415621,
    0.12182337402386921,
    0.1203679227562862,
    0.11897274914918278,
    0.11763444362811946,
    0.11634274347345834,
    0.11510180077668225,
    0.11390297366885097,
    0.11273637011362635,
    0.11159984938613626,
    0.11049220788109944,
    0.10941132502753982,
    0.10836221741333095,
    0.10734620587602359,
    0.10637122520237685,
    0.10543593676170532,
    0.10453875208330689,
    0.10367457344362234,
    0.10283219201554161,
    0.10201128905105979,
    0.10121233117221602,
    0.10043212072429074,
    0.09966933541525184,
    0.09892810150476392,
    0.09820890949183492,
    0.09751310158176003,
    0.09683465417921255,
    0.09617265394898031,
    0.09552360206439067,
    0.09489048163829124,
    0.0942599210657254,
    0.09362245290075212,
    0.09298729571979954,
    0.09235974942151995,
    0.0917430450391081,
    0.09114589387648603,
    0.09057056748016162,
    0.09000980588777935,
    0.08946864862650977,
    0.0889467736632648,
    0.08842900362984905,
    0.08791302756332062,
    0.08739598528630443,
    0.08687897708328964,
    0.08636576870930587,
    0.08586041171321154,
    0.08536327716061058,
    0.08487295929291484,
    0.08439047557485152,
    0.08391167153511056,
    0.08344143514109072,
    0.08297972155127772,
    0.08252543332258949,
    0.08207603614780642,
    0.08163529024449608,
    0.08119799519187981,
    0.08076175493088629,
    0.08033137426164434,
    0.07990831377256855,
    0.07949832776830335,
    0.07909818896371035,
    0.07871560385961611,
    0.0783476698439083,
    0.07799670560703878,
    0.07766351611411554,
    0.07734277846014698,
    0.07702689301156243,
    0.07670671129405852,
    0.07637779859605612,
    0.07603661284254133,
    0.07568968731662687,
    0.07534694427015015,
    0.07501234832840738,
    0.07469767076719977,
    0.07440198845141673,
    0.07412815451101572,
    0.07386548267608375,
    0.07361819328605339,
    0.07337342353518264,
    0.07312188184575608,
    0.07286682524269326,
    0.07260410902086613,
    0.07233776159405961,
    0.07206945714798879,
    0.07180278272394268,
    0.07154732605635004,
    0.0713027997939218,
    0.07106176669046706,
    0.0708285512590644,
    0.07060486045524057,
    0.07039180796950405,
    0.07018813488937048,
    0.06999550156598572,
    0.069814678606449,
    0.0696416604217641,
    0.06947433240879708,
    0.06931687421169802,
    0.06916706913223906,
    0.06902503204638252,
    0.06888874373187255,
    0.06876220609685926,
    0.06865036571174898,
    0.06854146470268296,
    0.06843505592166442,
    0.06833008787454722,
    0.06822635167023429,
    0.0681235730909459,
    0.06801993187465218,
    0.06791002435600178,
    0.0677939020533213,
    0.06767272370623338,
    0.06754156311040384,
    0.06740943052749092,
    0.06727640144411602,
    0.0671479118851024,
    0.06702579128357217,
    0.06690327262074466,
    0.06678052963419717,
    0.06665581988780984,
    0.06652424677327799,
    0.06638340928668217,
    0.06624064943813278,
    0.06609241431120605,
    0.06593975000308226,
    0.06578300869534313,
    0.06563093768723766,
    0.06548325411800085,
    0.06534058965668779,
    0.06519457447431287,
    0.06504557659438841,
    0.064893896036098,
    0.06474553366190336,
    0.06459833099647515,
    0.06444986180538065,
    0.0643007440973153,
    0.06414787561608275,
    0.06399653337055299,
    0.06384690471168691,
    0.0636954180563448,
    0.06354896597428529,
    0.06340416995739473,
    0.06325068762242045,
    0.06307602613964705,
    0.06288299594212093,
    0.06268316223016884,
    0.062478720576373756,
    0.062273994067273124,
    0.06207163727748616,
    0.061879111687235165,
    0.061700177340235314,
    0.0615346660075231,
    0.061380115326875456,
    0.061238201787092245,
    0.061110327378883854,
    0.06098909990103611,
    0.06088483630323989,
    0.06079424511970344,
    0.060715999112223834,
    0.06064259195054648,
    0.06057155349176402,
    0.06049770469860592,
    0.060418652162510904,
    0.06033826471962745,
    0.06025759897842905,
    0.06018001074800593,
    0.060111547822104386,
    0.060060516111184244,
    0.06002411052628843,
    0.059995045195417006,
    0.059972284001148554,
    0.05995360745615851,
    0.05994127658517094,
    0.059930923067143656,
    0.05991756005500151,
    0.05990372806958344,
    0.0598848705325153,
    0.05985976151221974,
    0.05982150399446362,
    0.05977705377197959,
    0.05972541926442159,
    0.0596722055310502,
    0.059606466197177604,
    0.05953377497257145,
    0.05945815092052524,
    0.05937464161893171,
    0.0592776167533618,
    0.05916573272313912,
    0.05904611191342027,
    0.05892436479983006,
    0.0588023429735871,
    0.058684798828558246,
    0.05857336903826257,
    0.05846983966419146,
    0.058361975378565675,
    0.05825202350171926,
    0.05815281114293701,
    0.05806873529441374,
    0.05799800646472631,
    0.05794457521697999,
    0.05790609875471503,
    0.05787977889826428,
    0.057864689511930516
  ],