{
  "x0": [
    0.3613878749552686,
    0.2961299733142838,
    0.34248215173044766,
    0.1450876851682576,
    0.1082589087446145,
    0.20187188713913412
  ],
  "x": [
    0.1340063058542182,
    0.8256285891107672,
    0.04036510543627667,
    236.8723823726704,
    9.477923250998481,
    0.20187188713913412
  ],
  "SSE": 0.01678850380632122,
  "exp_data": [
    1.0,
    0.909742408617136,
    0.8216328354161482,
    0.739490731453334,
    0.6666121369268341,
    0.603568667621399,
    0.5495885360265484,
    0.5033347554751331,
    0.46345359475872094,
    0.4287861545718194,
    0.39847601061708804,
    0.371868015434213,
    0.3484321018686301,
    0.3277169868197907,
    0.3093372652360978,
    0.29297482266499325,
    0.2783424183629578,
    0.2652149450731387,
    0.25338127571362745,
    0.24265604642142571,
    0.23287493618183286,
    0.2239071645986428,
    0.2156583441191488,
    0.20804503378040554,
    0.20100135638352903,
    0.1944804501850278,
    0.18843426613803643,
    0.18282520663276908,
    0.1775911549622371,
    0.17270681865788498,
    0.16815388162404413,
    0.16390729589801498,
    0.15994941846503716,
    0.15627070451890787,
    0.1528319555524654,
    0.14963479654719658,
    0.14665977046417608,
    0.14387251442296298,
    0.1412585672331158,
    0.13880041929420975,
    0.13646292328301504,
    0.1342366497444044,
    0.13211470834158642,
    0.13008001955287782,
    0.12815767059203856,
    0.12633628394956084,
    0.12461525199480006,
    0.12296915523911482,
    0.12139910407723008,
    0.11989185225982181,
    0.11844349970244826,
    0.11704744282830336,
    0.11569563837596385,
    0.11437987444958751,
    0.11310329124019161,
    0.11185590563898808,
    0.1106278530298948,
    0.10943316167711109,
    0.10827828325336311,
    0.1071618530216051,
    0.10607731786583613,
    0.10501733975271509,
    0.10399219042136895,
    0.10299470253806278,
    0.1020306610771295,
    0.1011032227841511,
    0.10019475964763218,
    0.09930710657145943,
    0.09843898091332387,
    0.09760552709198746,
    0.09679222046519259,
    0.09599784755484607,
    0.09521706079981977,
    0.09444857832948288,
    0.093689659083663,
    0.09294704564365552,
    0.09221338781682685,
    0.09149865759826104,
    0.09078940427099466,
    0.0900758201305571,
    0.0893715195703281,
    0.08868120585633199,
    0.08800107177317204,
    0.08734164393372326,
    0.08670584469447887,
    0.0860980399460789,
    0.08551214211963962,
    0.08495114279572168,
    0.08440659332534937,
    0.08388874911988232,
    0.08338540467743198,
    0.08288207376052488,
    0.0823831109437764,
    0.08189226677049363,
    0.08141367986436789,
    0.08095020272367513,
    0.08050770008712757,
    0.0800702940369251,
    0.07963725051753759,
    0.07921246754691384,
    0.07880272722728648,
    0.07840582967234185,
    0.07802717616485533,
    0.07766322036979044,
    0.07730249617277703,
    0.07694623226447532,
    0.07658707264621646,
    0.07621970613297276,
    0.07584226425184176,
    0.075480136030073,
    0.07513559444959497,
    0.07480856632977974,
    0.07449830594565822,
    0.07419932478814864,
    0.07391012446482441,
    0.07362525244931187,
    0.07333864711068765,
    0.07304932393089447,
    0.07275884296749406,
    0.07248174242764786,
    0.07222703099335459,
    0.07200608440725066,
    0.07181510867411545,
    0.07164038273254693,
    0.07147307040635195,
    0.07130712284011982,
    0.0711274038419233,
    0.07091950642873478,
    0.07069347450101995,
    0.0704514527826708,
    0.07021522356110653,
    0.06997563590987928,
    0.06973907342645054,
    0.06951391706642904,
    0.06930849280768367,
    0.06911690695701209,
    0.06895049593506332,
    0.06880554981601612,
    0.06867131900638487,
    0.06853766023886522,
    0.06840471567752528,
    0.06827020907951986,
    0.06813142264154515,
    0.0679850941096223,
    0.06784240643706717,
    0.06770645535298547,
    0.06757268120407717,
    0.0674453835719239,
    0.06731757584022194,
    0.06719865953346538,
    0.06706610793057485,
    0.06691423835735937,
    0.06675906316377482,
    0.06659872193293279,
    0.0664283344992628,
    0.0662525545508909,
    0.06606653165051722,
    0.0658747654079266,
    0.06569121641960554,
    0.065511113320577,
    0.06533801022668952,
    0.0651778444052536,
    0.06502957971711404,
    0.06489078874319645,
    0.06476438136461904,
    0.06465093265416527,
    0.06454918567777862,
    0.06444902607897714,
    0.06434751545162906,
    0.06424236447488038,
    0.06413931619267643,
    0.06403866751658105,
    0.06393949266606193,
    0.06384664566059771,
    0.06376363973629616,
    0.06368975755772228,
    0.06361579880138354,
    0.06353982345545504,
    0.06346306733550558,
    0.06339244677785895,
    0.0633332655239846,
    0.06328724726678084,
    0.06324656031079447,
    0.06319960184155488,
    0.0631503865944082,
    0.06308938655741882,
    0.06302294515311176,
    0.0629582348680513,
    0.0628843373657283,
    0.06279014900896354,
    0.06266675985043281,
    0.06251415823347538,
    0.06234127979149854,
    0.062146561051425436,
    0.06193228833726172,
    0.06170539548646771,
    0.061468364199513716,
    0.06123858959115594,
    0.06100999162271734,
    0.060795298233118605,
    0.0605989515588033,
    0.06041602324757869,
    0.06023909758605974,
    0.06008174805196883,
    0.05993971072323564,
    0.059815177190210525,
    0.059690968017867156,
    0.05956343015194325,
    0.05942421074560186,
    0.05927543114333164,
    0.059124359595756126,
    0.05898137211934485,
    0.05886421922778009,
    0.05878705262021095,
    0.058762947129485585,
    0.0587816628173938,
    0.058813335117700594,
    0.058846801555067364,
    0.05887947079045042,
    0.05891574329031217,
    0.058968166772002006,
    0.05902413715513795,
    0.059081112100677284,
    0.0591434085506035,
    0.059205924148463304,
    0.0592601669284952,
    0.059303608426214884,
    0.05933080871937577,
    0.05934807026733767,
    0.0593365271673992,
    0.05931181331825177,
    0.05927955461622476,
    0.059237484876125804,
    0.059178253643802484,
    0.05909647726011919,
    0.059007078222425444,
    0.05892534892035176,
    0.05885653603941432,
    0.05881072351809737,
    0.05878795795760876,
    0.058775548763151865,
    0.05875615185258261,
    0.05872107058668768,
    0.05868308822213936,
    0.05864580427133928,
    0.058617473489870994,
    0.05860780949917131,
    0.05861855936428327,
    0.05864056457875688,
    0.05867493938262214
  ],