{
  "x0": [
    0.4451319185647829,
    0.1132259651708258,
    0.4416421162643913,
    0.17013885870164777,
    0.17013885870164777,
    0.4008178000868315
  ],
  "x": [
    0.11287938473472323,
    0.8639490299657526,
    0.023172355034236734,
    300.9876834591384,
    8.431392837910943,
    0.4008178000868315
  ],
  "SSE": 0.01129708453317016,
  "exp_data": [
    1.0,
    0.9034196597560691,
    0.8090376697628741,
    0.7210596954192405,
    0.6430842351988788,
    0.5757027834617573,
    0.5181668474729516,
    0.4691352905908903,
    0.42715866543155473,
    0.39097704709910663,
    0.3596610331950737,
    0.3324776514330891,
    0.30882149290248534,
    0.28815989949422266,
    0.2700034198300225,
    0.2539968192656117,
    0.23982488826743983,
    0.22723413640394052,
    0.2160094489413808,
    0.20594999055596236,
    0.1968814195744767,
    0.18868361247204038,
    0.1812562874237673,
    0.17448616130412528,
    0.1682924329643404,
    0.16261399542809973,
    0.1573875423645986,
    0.1525617408874918,
    0.1480975388216634,
    0.14395775138076145,
    0.14011293534186745,
    0.13654002955702718,
    0.1332266118976183,
    0.13016290203792247,
    0.12733329482360253,
    0.1247105483990822,
    0.12227372364190849,
    0.1200004805592991,
    0.11787524728889398,
    0.11589511276202066,
    0.11405150657053553,
    0.11232277336878924,
    0.110686657345429,
    0.10914425918760315,
    0.10768113295944996,
    0.10630148213980538,
    0.10500046657146599,
    0.10377651858723504,
    0.10261966484803557,
    0.10151035983164435,
    0.10045741179051774,
    0.09945580653257466,
    0.09850481846251968,
    0.09759401065678858,
    0.09673831437676506,
    0.09592881470279749,
    0.09515002548826748,
    0.09438254348747516,
    0.09362294630853403,
    0.09286795560302451,
    0.09213463345421832,
    0.09144191420894116,
    0.0907971763066309,
    0.0901994818010416,
    0.08963610772428723,
    0.08909536077264976,
    0.0885656792838305,
    0.088051586818489,
    0.08755449981223586,
    0.0870600617056357,
    0.08657650420933546,
    0.08611543060056549,
    0.08567698140283098,
    0.08527594729300461,
    0.08489142225216277,
    0.08451420442820207,
    0.08414180537349834,
    0.0837699955814376,
    0.08338042934208371,
    0.08296630415660362,
    0.08254607276391401,
    0.0821278126938971,
    0.08173114069480956,
    0.08136682526074226,
    0.08104410456005555,
    0.08074045479296861,
    0.08047333289012293,
    0.08023122573654755,
    0.07998238142967895,
    0.07970879465612023,
    0.0794095055861765,
    0.07909420671283267,
    0.07877127297406802,
    0.07844701917553466,
    0.07812303930387268,
    0.07778811842871992,
    0.07743618375617664,
    0.07706970841423393,
    0.07670618091223137,
    0.07633561885657925,
    0.07594966518972812,
    0.07554738722938525,
    0.07513436864468592,
    0.07470677313460704,
    0.07426527196358111,
    0.07381668220124787,
    0.07337794867483088,
    0.07296308912509908,
    0.07256406367546434,
    0.07217981295119517,
    0.07180920523595699,
    0.07145837469338992,
    0.07113703641661812,
    0.07083405480914781,
    0.07054046518434445,
    0.07024511652301955,
    0.06993300715023784,
    0.06960552537967789,
    0.06926967206899187,
    0.06892235038430601,
    0.06857445739146827,
    0.06823832103259195,
    0.06791700881304236,
    0.06763322681456486,
    0.06737582740646453,
    0.06714836693118105,
    0.06692760439566242,
    0.06670873270553339,
    0.06648786577859574,
    0.06625091065326028,
    0.06599380847079497,
    0.06572433459253468,
    0.06545236486587112,
    0.06519957202373386,
    0.06495170644238181,
    0.06469447938214938,
    0.06442940942866787,
    0.06416918661849598,
    0.06393362802540546,
    0.0637267871773177,
    0.0635478714510152,
    0.06339685779271526,
    0.0632711106188431,
    0.06316527764156124,
    0.06308031748004192,
    0.06301012711963704,
    0.06296210858019685,
    0.0629320389289015,
    0.062925343746908,
    0.06295327121586125,
    0.06300346777597716,
    0.063079280049813,
    0.06316300977673997,
    0.06325317768755259,
    0.06335972509518731,
    0.06346926860430062,
    0.06357399676349819,
    0.06366859648381631,
    0.06373955732745597,
    0.06378329526634037,
    0.06380987148320748,
    0.06381509994214032,
    0.06380965674413146,
    0.0638033184486883,
    0.06378110870032236,
    0.06374078374236791,
    0.0636877784919478,
    0.06361958640014737,
    0.06353190339465199,
    0.06344541748142796,
    0.06335167629726672,
    0.06325339184299505,
    0.0631448444776077,
    0.06304511762358328,
    0.06294779492843475,
    0.06286329047354476,
    0.06277046700490084,
    0.06266578296675271,
    0.06255144439819442,
    0.06243856112860563,
    0.06231546137408017,
    0.06217022353833324,
    0.06201287294106538,
    0.06185183059300313,
    0.061694892240499705,
    0.061556694158730184,
    0.0614220060857912,
    0.061304440101139265,
    0.06120143498184486,
    0.0610956784031678,
    0.06095957434953472,
    0.060794452240423034,
    0.060624005104207054,
    0.060452014711451826,
    0.06028887735461431,
    0.06013536691877985,
    0.06000756192237826,
    0.059903767576459405,
    0.05982219620332099,
    0.05975576386771066,
    0.059709751058046115,
    0.059687984157943116,
    0.059683887563813334,
    0.059701126029303025,
    0.05973605387801428,
    0.059781148059806895,
    0.05983404162025547,
    0.05988905857185971,
    0.05994165214014666,
    0.0599754038292718,
    0.06000197415096738,
    0.06001811222073416,
    0.06000992942875677,
    0.05999154891637911,
    0.05997182319117943,
    0.059956077239184564,
    0.0599450867914091,
    0.05994654249193679,
    0.05995822755527435,
    0.0599954404474548,
    0.060029675155770325,
    0.06006169902738565,
    0.06009595562436105,
    0.06012310116752404,
    0.060133837119015085,
    0.06012905329726007,
    0.06012746346164158,
    0.06012781058293238,
    0.060129207184107976,
    0.06012696001373011,
    0.0601149601589602,
    0.06010153699910081,
    0.060081850529201127,
    0.06004589798612177,
    0.05999567934347777,
    0.059934850783193286,
    0.05986141465155743,
    0.059769493633608554,
    0.05965160861756207,
    0.059518133434763996,
    0.059378840984216405,
    0.05922356966825826,
    0.05906513169048952,
    0.0589348532092966,
    0.05884332460065688,
    0.05878214806750693,
    0.05874877017238237,
    0.05873143979274142,
    0.05873402082700944,
    0.05875259062221834
  ],