{
  "success": true,
  "x0": [
    0.14670400944028322,
    0.19847539288978736,
    0.6548205976699295,
    0.5724148285185013,
    0.23415261619646685,
    0.5832510958911307
  ],
  "x": [
    0.16901607854841255,
    0.8309839214515874,
    0.0,
    195.26782891785317,
    9.981190903419341,
    0.5832510958911307
  ],
  "SSE": 0.0114954082803767,
  "exp_data": [
    1.0,
    0.929984433140311,
    0.8608859532281052,
    0.7940627459636466,
    0.7306807652896596,
    0.6714278876082722,
    0.616807716127462,
    0.5671918780142933,
    0.5227869021388364,
    0.48358702737456793,
    0.4493001432618954,
    0.419400650302022,
    0.39329723678797573,
    0.37038133433749765,
    0.35015586124471687,
    0.33223361590330075,
    0.316292842453964,
    0.3020258752948271,
    0.2892046365901601,
    0.2776265531006676,
    0.26712985274106216,
    0.2575932808337238,
    0.2488853373064531,
    0.24090771956910273,
    0.23355870903475132,
    0.22676693959572822,
    0.22047744975086597,
    0.21463262404475714,
    0.20919125272878378,
    0.20412911166218836,
    0.1994022386932591,
    0.19497995089376952,
    0.1908261598262918,
    0.18691491711622032,
    0.18321960814157306,
    0.17971674500025797,
    0.17639210589810642,
    0.1732269059723198,
    0.17021378257402228,
    0.1673393756599725,
    0.16459063800988818,
    0.16195379140741953,
    0.1594139865550209,
    0.1569656705719519,
    0.1546015740881664,
    0.15233057701193253,
    0.1501406061223061,
    0.14803599671701714,
    0.14601312176720302,
    0.14406790998014155,
    0.14220285677589267,
    0.1404149980866704,
    0.13870287404587492,
    0.1370543453139989,
    0.1354637967130901,
    0.1339242006647674,
    0.13243123182271685,
    0.1309838429938226,
    0.12957539408140123,
    0.1282041664579899,
    0.1268747009199384,
    0.12557936366641456,
    0.12432430887913072,
    0.12311362594601159,
    0.12194948744850398,
    0.12082513677406624,
    0.11973613711516223,
    0.11867517376323096,
    0.1176435127910884,
    0.11663077337524912,
    0.11563928157122753,
    0.11467102635888021,
    0.11373268627285404,
    0.11281477912279265,
    0.11192288120181192,
    0.11105671177508335,
    0.11021561300284688,
    0.10940279173517511,
    0.10860992958409788,
    0.10782523441509567,
    0.10704429482515652,
    0.10627022971433074,
    0.10549692264934275,
    0.10472921243499263,
    0.10396175318595045,
    0.10319092292429057,
    0.10242047086976683,
    0.10165795245752524,
    0.10089803613451889,
    0.10014153891395935,
    0.09939304559530486,
    0.09866065077651141,
    0.09794292221007324,
    0.09724194919360639,
    0.09655311231359122,
    0.09588055672634946,
    0.09522754288125039,
    0.0945950121541727,
    0.09398087399350326,
    0.0933910782503401,
    0.09282390755075388,
    0.09227489154169218,
    0.09174432592394703,
    0.09122399207124203,
    0.09071749665630076,
    0.09023120831920983,
    0.08975991999665837,
    0.08931218804683824,
    0.08888823896382497,
    0.08848686259758021,
    0.0880982098461729,
    0.08772317579794675,
    0.08735520598007034,
    0.08699495578314449,
    0.08663008938551846,
    0.08624976490984418,
    0.08586174152724288,
    0.08545498921705169,
    0.08504054691339474,
    0.08463673999849655,
    0.0842355566003993,
    0.08384860686175671,
    0.0834738478670924,
    0.08311085398593539,
    0.08274755021543483,
    0.0823990900868593,
    0.08206526236796223,
    0.0817374064030001,
    0.08141913544846414,
    0.08110996362666732,
    0.08080425275027736,
    0.08050840094155243,
    0.08021690987950642,
    0.07992848907888726,
    0.07964820013169994,
    0.07937391373223976,
    0.07910574841346202,
    0.07883984493120963,
    0.07857047687672185,
    0.07829995725192856,
    0.07803391756941673,
    0.07777696894711189,
    0.07752244800490408,
    0.07727262547520772,
    0.07702789871798506,
    0.0767846249240947,
    0.07654030635487356,
    0.07628880869479232,
    0.07604369870344789,
    0.07579916638592035,
    0.0755548184014969,
    0.07531164935782092,
    0.07506819068312695,
    0.0748271553902175,
    0.07458265967838758,
    0.07433797246876504,
    0.07408954465398995,
    0.073838344268221,
    0.07358739737163864,
    0.07333028074429414,
    0.0730804098725758,
    0.07283625998495417,
    0.07260449919406174,
    0.07238326665883182,
    0.07216432779729261,
    0.07194987250605839,
    0.07173049549370314,
    0.07150412784070952,
    0.07127080901376551,
    0.07103416635809005,
    0.07078625044367502,
    0.07052719064967077,
    0.07026468894235981,
    0.07000104977753195,
    0.06973832768927167,
    0.06946872093879633,
    0.06919745761665423,
    0.06893112336095748,
    0.068667176374594,
    0.06840559307924553,
    0.06814626609136071,
    0.06789211461102788,
    0.06764279904008605,
    0.06739219441369027,
    0.06714432127675106,
    0.06689463341891175,
    0.0666413029301314,
    0.06638422295366533,
    0.06612673752461107,
    0.06586623545513004,
    0.06560174421897368,
    0.06534037735246438,
    0.06508420179480094,
    0.06483758596624405,
    0.06460081650994338,
    0.06437414942721091,
    0.06416140893981356,
    0.06395817485309066,
    0.06377181019653097,
    0.06358928387979716,
    0.06340590274442735,
    0.06322697473112979,
    0.0630443145532353,
    0.06287163482844783,
    0.06270697075786043,
    0.06255167208665414,
    0.06240276621351682,
    0.062262171751489126,
    0.06212725121006929,
    0.06200512151492929,
    0.06188846041215884,
    0.06177331259520818,
    0.06166588358748094,
    0.06155604192972313,
    0.061446778012887754,
    0.06133459152228694,
    0.06122671367714139,
    0.061123507956441545,
    0.061023124022750806,
    0.060912646017745896,
    0.060794927273658664,
    0.060666843982480956,
    0.060534116483712,
    0.0603881018794184,
    0.06023952326918086,
    0.06007529175763559,
    0.05990008942808232,
    0.059717638490956654,
    0.05953933914170498,
    0.05935591141040354,
    0.05917455144050238,
    0.058993361146250166,
    0.05880458945146822,
    0.05860869863016119,
    0.058405041565820416,
    0.05819640673464211,
    0.05798633082758101,
    0.05778099924773844,
    0.057592064350015314,
    0.05741401572241496,
    0.05725512924520614,
    0.05710620461485619,
    0.05696986822798061,
    0.05684049199737511,
    0.056717077011245065,
    0.056594397836801036,
    0.05647714597938631,
    0.05636829710712043,
    0.05626475128902657,
    0.056166538530951084
  ],