{
  "success": true,
  "x0": [
    0.3530592348006506,
    0.13229728129243057,
    0.5146434839069187,
    0.4064681729648901,
    0.4054681729648901,
    0.28326781627545383
  ],
  "x": [
    0.18325769615257118,
    0.8167423038474289,
    1.8810907692623502e-17,
    30.48893606336079,
    8.420878497883859,
    0.28326781627545383
  ],
  "SSE": 0.0008598661097844219,
  "exp_data": [
    1.0,
    0.9143821671711718,
    0.8299143219316458,
    0.7495993148914606,
    0.6760229293311403,
    0.6098568463121022,
    0.5509148950154654,
    0.4986536161466628,
    0.45242333590639794,
    0.41156851055966615,
    0.37546822800812096,
    0.34352083939126066,
    0.3151764344616673,
    0.2899424164236287,
    0.2673893232516311,
    0.24717669579374105,
    0.2290070256988833,
    0.21262480714736395,
    0.19781023663766312,
    0.18437463199972304,
    0.17214669926173032,
    0.16098992898342435,
    0.1507882712521003,
    0.1414383447096615,
    0.13284744382310068,
    0.12493932224071119,
    0.1176456563766298,
    0.11090723658984694,
    0.10467048082720477,
    0.09889383316607847,
    0.09353778937454835,
    0.08856750280582397,
    0.08395301350088719,
    0.07966560840727287,
    0.07568540025606078,
    0.07198920944177196,
    0.06855201715074932,
    0.06534805542316464,
    0.06235377354874638,
    0.059549430136789885,
    0.05691230642200952,
    0.05442828438829369,
    0.0520823768450374,
    0.04986387165322537,
    0.04776406401353737,
    0.04577595272271173,
    0.04389126492287582,
    0.04210387501220637,
    0.0404078780979441,
    0.0387968308727779,
    0.03726500499035481,
    0.03580668084851108,
    0.03441742433708221,
    0.033093100056312864,
    0.031830317532126985,
    0.030625805341248712,
    0.029475016368785984,
    0.02837358909852561,
    0.027319451648163497,
    0.026311491995346034,
    0.025347270291452107,
    0.024425217422048312,
    0.023542262113815136,
    0.02269809048564822,
    0.021890882249880943,
    0.021118242765482145,
    0.02037891627441335,
    0.01967015122669196,
    0.018990111922983863,
    0.018337428585440997,
    0.017710240153325577,
    0.01710734250318453,
    0.016528550583262365,
    0.015972585133722392,
    0.01543857783754089,
    0.014925193697989876,
    0.01443172545083413,
    0.013956948686037285,
    0.013500579201236523,
    0.013061351186488452,
    0.012638528635266277,
    0.012232122060956188,
    0.011840780410154052,
    0.011463879268569184,
    0.011100918086588862,
    0.010751413309110197,
    0.01041430357018409,
    0.01008874820024854,
    0.00977426782105854,
    0.009470927033024438,
    0.009179257687278126,
    0.008898470869866679,
    0.00862858623671065,
    0.008369183812384624,
    0.008120151329925543,
    0.007881264333098222,
    0.00765226551320969,
    0.007432758978100318,
    0.007221751646026528,
    0.007019134362372206,
    0.006824929088679019,
    0.0066385540529977916,
    0.0064596887844442325,
    0.006287918196881027,
    0.006122761107353459,
    0.0059637601963267815,
    0.0058103949724745045,
    0.005662672768374591,
    0.005520264560239097,
    0.005383105491237617,
    0.005251192021765407,
    0.005124381093369892,
    0.005002058170013225,
    0.00488363223206181,
    0.004769261573783458,
    0.004658864079762143,
    0.004551910574372562,
    0.004448496434701246,
    0.004348148895642409,
    0.00425042270113936,
    0.00415526039399705,
    0.004062512514211982,
    0.003972193029566636,
    0.0038841583263335647,
    0.003798523915050987,
    0.003715010875005712,
    0.0036338036299596328,
    0.003554602608677871,
    0.003477377691843622,
    0.0034021448981246174,
    0.003328536602867678,
    0.003256458497887445,
    0.0031861374086550806,
    0.0031176385119272036,
    0.00305094753746869,
    0.0029858506571810235,
    0.0029223561603653374,
    0.0028607888997322127,
    0.0028007713204153874,
    0.002742191401491458,
    0.0026849166015104945,
    0.0026291383669742024,
    0.0025748278916752684,
    0.002522063537757647,
    0.0024706286425464764,
    0.0024204870648109485,
    0.0023715520620319866,
    0.002323813965068856,
    0.0022771990268816733,
    0.0022317377819726816,
    0.0021875048006249217,
    0.0021443180086080775,
    0.0021020284094839794,
    0.002060594799158882,
    0.002020067376814686,
    0.0019805678564335095,
    0.0019419499510645697,
    0.0019042028552230452,
    0.0018672816559241222,
    0.001831253772053362,
    0.0017961732557495262,
    0.0017619987121740691,
    0.0017287740871367928,
    0.0016964168135613661,
    0.0016648336875308123,
    0.0016339722863454049,
    0.0016038864582253063,
    0.0015746956236042649,
    0.001546337251902182,
    0.0015186485980958468,
    0.0014916663236878927,
    0.0014653927097734703,
    0.0014396744576340667,
    0.0014145583611654545,
    0.0013900221160878755,
    0.0013662063534555288,
    0.0013431029949503132,
    0.0013207074035236073,
    0.001298917480664551,
    0.0012778501655117162,
    0.0012572950699812678,
    0.0012372049864548878,
    0.0012175359968296005,
    0.0011982334943583855,
    0.0011791550627588828,
    0.0011603154633764742,
    0.0011417505852036546,
    0.0011234402448205532,
    0.001105311397187402,
    0.001087280110335166,
    0.0010693784393407619,
    0.0010516526996106458,
    0.0010341600116959958,
    0.0010169931240724068,
    0.0010000787439265705,
    0.0009834496170714802,
    0.000967085394097882,
    0.0009509336560110343,
    0.00093501645278927,
    0.0009193203207113148,
    0.000903817475755138,
    0.0008885299774156393,
    0.0008734907026175552,
    0.0008586897504235107,
    0.0008440885274391954,
    0.000829806009229167,
    0.0008157140597301973,
    0.0008018097260902269,
    0.000788097236392451,
    0.000774562832068597,
    0.0007612107185806027,
    0.0007480631664537681,
    0.000735110026894872,
    0.0007223555748101532,
    0.0007098294545531054,
    0.000697532440128983,
    0.000685429012618276,
    0.000673523463487648,
    0.000661878309639463,
    0.0006504325237329422,
    0.0006392050161379592,
    0.0006282293844355163,
    0.0006175320703761966,
    0.0006070591468096416,
    0.0005968296961473984,
    0.0005867272099124015,
    0.0005767888356280899,
    0.000567015137253898,
    0.0005574213997028118,
    0.0005480340295336869,
    0.0005388648025103435,
    0.000529851702703165,
    0.000520965697332759,
    0.0005122072261722615,
    0.0005036360123980347,
    0.0004952564148272576,
    0.0004870468168196366,
    0.0004789743476452108,
    0.0004710134285998104,
    0.0004631644483593817,
    0.0004553979499266642,
    0.00044769180969339654,
    0.0004400724161252336,
    0.00043257376884704257,
    0.0004252150328834214,
    0.00041795917161472365,
    0.00041084411790667184,
    0.00040381394369222944,
    0.00039689530961426253,
    0.00039003582338319426
  ],