{
  "x0": [
    0.4189210364452282,
    0.14760932505811047,
    0.43346963849666137,
    0.5342545135772193,
    0.5342545135772193,
    0.5876051494664274
  ],
  "x": [
    0.20943646925962708,
    0.7986300493952486,
    0.0,
    26.47525338964647,
    7.85878607434142,
    0.5876051494664274
  ],
  "SSE": 0.00037418485927822134,
  "exp_data": [
    1.0,
    0.909742408617136,
    0.8208749911414462,
    0.7370486969662654,
    0.6614107025078587,
    0.5945845405085549,
    0.5360037865537037,
    0.4846744260228978,
    0.43957145074663445,
    0.3997755517313641,
    0.36453882993861614,
    0.33323911598368094,
    0.30535768663191964,
    0.28045285565716327,
    0.2581419632532331,
    0.2381161621738949,
    0.22009420087517037,
    0.20383556309840103,
    0.18912386876458012,
    0.1757781519115878,
    0.16362453937277122,
    0.15251161892910955,
    0.14233148275611765,
    0.13299134689703893,
    0.12440904122862365,
    0.11651013078986298,
    0.10922702864705887,
    0.10250458081299174,
    0.09628090852801359,
    0.0905225187214807,
    0.08519148398946892,
    0.08025367898267338,
    0.07567974456429814,
    0.07144435234874094,
    0.06753503673448692,
    0.06393371769457809,
    0.0606162220522109,
    0.05755746163371636,
    0.054732444112288385,
    0.052114821876218596,
    0.049675568897490086,
    0.04739602974114812,
    0.04526015328908237,
    0.04325473272764478,
    0.04136950105316835,
    0.039594097591003345,
    0.03792046030537608,
    0.03634055138343327,
    0.03484535999904281,
    0.033427700251564725,
    0.03208264155825276,
    0.030805051011681794,
    0.029589417900676172,
    0.028432729536855213,
    0.02733218257098776,
    0.02628472342941524,
    0.02528603290166092,
    0.024329818671633172,
    0.02341510373085994,
    0.02254099053703381,
    0.021704440054648742,
    0.020905282807046465,
    0.02014044608315978,
    0.019410298359498396,
    0.018712756625440034,
    0.018044948594686815,
    0.017404484262310446,
    0.01678944892081478,
    0.01619735147373854,
    0.015626167315468717,
    0.015074779831884783,
    0.014543256093769495,
    0.014032019250864704,
    0.013540125679721609,
    0.01306633723964467,
    0.012609533041652554,
    0.012169321034498857,
    0.011744366694323577,
    0.011334554692538462,
    0.0109399672331255,
    0.010559592142155981,
    0.010193121747436258,
    0.009839017938305295,
    0.009497478097827094,
    0.009168075087300134,
    0.008851935388459187,
    0.008548547652972962,
    0.008256752358115923,
    0.007975356863046103,
    0.007705201319583458,
    0.007446566906921676,
    0.007198114126893275,
    0.006959462657026467,
    0.00673002036832205,
    0.006509852997155539,
    0.006299505437701822,
    0.006099227543674347,
    0.00590859837369216,
    0.005726945534378548,
    0.005554238230645001,
    0.00539014714402507,
    0.005233484082563581,
    0.005084242439684138,
    0.004941894224340992,
    0.00480604462762934,
    0.0046759296344937315,
    0.00455079183928539,
    0.0044305881168469384,
    0.004314702665146816,
    0.004202662895054962,
    0.00409449990623854,
    0.003990429848762523,
    0.0038895006207282368,
    0.0037913219122718196,
    0.0036960875793791335,
    0.003603816362091298,
    0.0035139988308015083,
    0.003426691435276966,
    0.003341745007905159,
    0.003259039209580292,
    0.003178551432597032,
    0.0030999738404425626,
    0.003023361504302386,
    0.002948848540177493,
    0.002876618926292424,
    0.0028062650379431144,
    0.0027379211284584235,
    0.002670752496758277,
    0.002604564708250205,
    0.0025394995795257505,
    0.002475292647731353,
    0.002412006172381435,
    0.002350010934923126,
    0.0022893905757055237,
    0.0022301892229748725,
    0.002172321513730617,
    0.0021157117160497782,
    0.002060783566042532,
    0.0020070420058121647,
    0.0019542503446822986,
    0.0019023614166474628,
    0.0018513579710029435,
    0.001801483928367273,
    0.0017526422459849993,
    0.0017046347866419027,
    0.0016573936152384941,
    0.0016109211414848871,
    0.0015653308911254998,
    0.0015204436436140327,
    0.001476322347304428,
    0.0014327161101277098,
    0.001389423698068277,
    0.0013465374885449357,
    0.0013040790974312025,
    0.0012621516342236282,
    0.0012208993890402266,
    0.0011804264760585912,
    0.0011408884893280209,
    0.0011024008096548001,
    0.0010653248125623196,
    0.0010298698079515632,
    0.0009956206783040746,
    0.0009628173077556762,
    0.000930878763488729,
    0.0008998695213068211,
    0.000869566073218364,
    0.000840207724442757,
    0.0008119110014943598,
    0.0007847206341279786,
    0.0007583713677052963,
    0.000732990119491581,
    0.0007087250761774938,
    0.0006853101574604885,
    0.0006627481145545533,
    0.0006410625006478353,
    0.0006209013478286929,
    0.0006019779143489521,
    0.0005845256574545713,
    0.000568215279447288,
    0.0005534790104688245,
    0.000539516344803496,
    0.0005261412717647159,
    0.0005133557115911051,
    0.000500909663224722,
    0.000488625593606563,
    0.0004766092339543894,
    0.00046484039992004603,
    0.0004531195867189106,
    0.00044147861617341386,
    0.00042983322157186547,
    0.00041826801085844957,
    0.00040671971194902967,
    0.0003953367963359141,
    0.00038418348786274767,
    0.00037326054681783823,
    0.0003625155555652878,
    0.00035188521650653,
    0.00034151914795426,
    0.0003314182288576353,
    0.0003215406081583032,
    0.00031175868601419443,
    0.000302201268709953,
    0.00029295485960230557,
    0.00028394538103066873,
    0.0002751306539074997,
    0.0002667371880926638,
    0.00025859412315967133,
    0.0002505945084650149,
    0.0002427712002731796,
    0.0002350707753016685,
    0.00022751527880625016,
    0.0002200835444849727,
    0.00021278683033243241,
    0.00020565814931382907,
    0.00019863288429920802,
    0.00019179839884706645,
    0.00018515534039916087,
    0.00017863895176988326,
    0.0001723369727687969,
    0.00016628291153042156,
    0.00016042292111113042,
    0.0001547795656043552,
    0.00014935358522090236,
    0.00014402498929244967,
    0.00013882707643958663,
    0.000133727291933056,
    0.00012870394556436677,
    0.00012376832614087143,
    0.00011906423956432202,
    0.00011463668910733217,
    0.00011043130757813196,
    0.00010642670819031004,
    0.00010257922630643364,
    9.883389339971488e-05,
    9.526887013832131e-05,
    9.18513975506034e-05,
    8.860426993872747e-05,
    8.551692556806818e-05,
    8.255642001972431e-05,
    7.966729621205187e-05,
    7.68386103450605e-05,
    7.408177933052977e-05,
    7.136339772060926e-05,
    6.870606408337705e-05,
    6.616621791666886e-05,
    6.372175493420736e-05,
    6.137301020593513e-05,
    5.9086466400676845e-05,
    5.68284488284738e-05,
    5.458774687451081e-05
  ],