{
  "success": true,
  "x0": [
    0.48206222520339903,
    0.13192758678009267,
    0.38601018801650827,
    0.575005468641136,
    0.574005468641136,
    0.7079946097323675
  ],
  "x": [
    0.16583423604901534,
    0.8341657639509846,
    2.1894107620629155e-17,
    40.27966939674153,
    10.09738727419737,
    0.7079946097323675
  ],
  "SSE": 0.0023697799157530574,
  "exp_data": [
    1.0,
    0.929984433140311,
    0.8605420013706025,
    0.7929773807283509,
    0.7284504223062142,
    0.667676431451753,
    0.6111712220146225,
    0.5592886013294959,
    0.5122182004227916,
    0.46995003867659063,
    0.4322260089761245,
    0.3986060838027667,
    0.36859837433183823,
    0.34170687040246983,
    0.3175171143219283,
    0.2956984574874278,
    0.27596748881099153,
    0.25805770440456327,
    0.24176106922612672,
    0.22689212616243742,
    0.2132977976715913,
    0.2008534143023403,
    0.1894259504844013,
    0.17892204329804207,
    0.16923915312379284,
    0.1603002723829065,
    0.15203257901830883,
    0.14436640639907633,
    0.13724857434424484,
    0.13063142921069315,
    0.12446787688995437,
    0.1187167250950851,
    0.1133409624818461,
    0.10830672273925591,
    0.10358476217574225,
    0.09914592610735302,
    0.09496779868618437,
    0.09103103096881578,
    0.08731501376959373,
    0.08380481210510145,
    0.08047967730772589,
    0.0773279082276834,
    0.07433391097094344,
    0.07148818878054174,
    0.06878213869295781,
    0.0662081105180655,
    0.06375616013562709,
    0.061418654970903,
    0.059189955580647935,
    0.057064913946680604,
    0.05503719817434743,
    0.053099406139974686,
    0.051248203948914384,
    0.04947725701430965,
    0.047781651317436495,
    0.04615813048727549,
    0.04460288168878535,
    0.04311154218426016,
    0.04168002809880918,
    0.04030578406401858,
    0.03898631892784766,
    0.03771950252757547,
    0.03650161073647272,
    0.03533333275105375,
    0.03421422688715584,
    0.03314220360013562,
    0.03211510009692436,
    0.031128685863446862,
    0.03018051416451546,
    0.02926723247933001,
    0.028388017229805447,
    0.027540311048082324,
    0.026724299523003064,
    0.025938003861326796,
    0.025180948038511376,
    0.024452231575702275,
    0.02375100687779385,
    0.023075651464999247,
    0.022425977553653883,
    0.021799034270689324,
    0.021193907015469624,
    0.020610499428099158,
    0.020048355456808442,
    0.019506051835363164,
    0.018982775518753697,
    0.018477605938701156,
    0.017989258164833627,
    0.0175163946816025,
    0.017058566784074424,
    0.016616171368224287,
    0.01618966408493778,
    0.015778634255706372,
    0.015383385778650853,
    0.015003392134693518,
    0.014637464491478186,
    0.014284974382441314,
    0.013945463411503687,
    0.013618788056205967,
    0.013303046213414388,
    0.012997895619229531,
    0.012703214034392635,
    0.01241870529213149,
    0.012143888781671813,
    0.011877895772928906,
    0.011620095658708161,
    0.011370600208859005,
    0.011128766297532944,
    0.010894161468955728,
    0.010666283599494675,
    0.0104449490754359,
    0.010230129109880099,
    0.010021726669382619,
    0.009819556643119799,
    0.009622682220137669,
    0.009431920036805075,
    0.009246897813127845,
    0.009067143932479153,
    0.008891812752441153,
    0.00872056490319688,
    0.008552647516850405,
    0.008388345811920045,
    0.008227680700414871,
    0.008071125927713769,
    0.007918142379693282,
    0.007768849521121192,
    0.007622607114483545,
    0.007479612327951726,
    0.007339974103960309,
    0.007204257375847244,
    0.007072226426997786,
    0.006943098775260128,
    0.00681660526391067,
    0.006692793832693415,
    0.006571732528262728,
    0.00645343985599709,
    0.006337625174976018,
    0.00622431616735639,
    0.00611419034765323,
    0.006006967467418426,
    0.0059024462433511045,
    0.0058002340425956055,
    0.005701030665102651,
    0.005604393381115249,
    0.005510541459545641,
    0.005419443365705982,
    0.005331077512206067,
    0.005245159882432388,
    0.005161385066600013,
    0.005079537372018017,
    0.004999683608615381,
    0.004922063119009603,
    0.004846622104407888,
    0.004772880078956028,
    0.004700801766746663,
    0.004630494196604192,
    0.004562146338748113,
    0.0044952953666395085,
    0.0044294969058283565,
    0.004364815619170486,
    0.0043013062150493945,
    0.0042387061876274475,
    0.004177356729612656,
    0.004117200268331532,
    0.0040584871757120625,
    0.00400089299031811,
    0.0039445139571115655,
    0.003889230307034851,
    0.0038352003180558694,
    0.0037822524474310634,
    0.0037302661114895224,
    0.003679140908594188,
    0.0036287967277592917,
    0.003579059758909274,
    0.0035300565731221745,
    0.003481768757573089,
    0.003434063350688222,
    0.0033871089241439634,
    0.0033407410575056603,
    0.0032949303388857877,
    0.0032495427138622785,
    0.0032047155790098855,
    0.0031604298155509035,
    0.003116634764500161,
    0.003073457996076154,
    0.003030743907282179,
    0.0029884519350459036,
    0.002946509744201595,
    0.002905002828559885,
    0.0028638376283703325,
    0.0028228884744723984,
    0.0027821878125539393,
    0.0027418105888936005,
    0.002701863883271261,
    0.0026623703452815298,
    0.0026232783528912272,
    0.0025847062360199358,
    0.002546634423872465,
    0.0025088513822942885,
    0.0024714754596809932,
    0.0024345400620185316,
    0.0023980787437694598,
    0.0023620288434861394,
    0.0023263917356178307,
    0.002291190262977426,
    0.002256350682501408,
    0.0022220355337080337,
    0.002188009699610089,
    0.0021544035023784926,
    0.0021211967708054985,
    0.0020884016532771027,
    0.0020559979062154733,
    0.0020240518164467104,
    0.0019925215705935907,
    0.0019613977230164745,
    0.0019308554793601082,
    0.0019007989215398828,
    0.0018711316974556675,
    0.0018419314386930608,
    0.0018132979561495924,
    0.0017850146596684053,
    0.0017571921273027476,
    0.0017299085877021938,
    0.0017032426259076879,
    0.001677152451136475,
    0.001651662012002609,
    0.0016264543378041489,
    0.0016016625613199033,
    0.0015772770856208227,
    0.0015531999595441136,
    0.0015294653994937287,
    0.0015061630999528984,
    0.0014831283999191852,
    0.0014603178656918436,
    0.00143778778511707,
    0.0014156391670557828,
    0.0013939178469311695,
    0.0013725361805201825,
    0.0013514061173675648,
    0.0013304838657797072,
    0.0013098260488660935,
    0.0012893552394349322,
    0.00126899364974966,
    0.001248853850655092,
    0.0012290152424577507,
    0.0012094788807335956,
    0.0011901557599099635,
    0.0011711593435140804,
    0.0011523553646760115,
    0.001133857480014314,
    0.0011155197232750721
  ],