{
  "x0": [
    0.24957510726181895,
    0.2547365905547451,
    0.4956883021834359,
    0.5733367624730787,
    0.5733367624730787,
    0.3891080250707027
  ],
  "x": [
    0.8663523400223866,
    0.13080308215372108,
    0.002844561510635818,
    7.73284527815195,
    66.32141688346128,
    0.3891080250707027
  ],
  "SSE": 0.003970223857835947,
  "exp_data": [
    1.0,
    0.9012653153471026,
    0.8048837016992398,
    0.7150431754155313,
    0.6353655019141732,
    0.5664996336766078,
    0.507626283695625,
    0.45730516964850776,
    0.41405109211976737,
    0.37658591502719,
    0.343959333893667,
    0.3154512802728747,
    0.2904711264595148,
    0.26852083055671205,
    0.2491621732627078,
    0.23203271676375942,
    0.21681153389991809,
    0.2032450779396468,
    0.19110172498025937,
    0.18017290788076143,
    0.17027434424332405,
    0.16125085274859316,
    0.15299855399422513,
    0.1454261080240594,
    0.13846381498443452,
    0.13206016010477686,
    0.12614984791382697,
    0.1206813728250254,
    0.11558947198837755,
    0.11085054202771547,
    0.1064540881232774,
    0.10237808098472781,
    0.09860043839333385,
    0.09510719621965506,
    0.09184691043629051,
    0.08882868093671638,
    0.08604047320332112,
    0.08344537355873191,
    0.08102953072116287,
    0.07877021832088907,
    0.07663138240770818,
    0.07460907874295622,
    0.07269428228853854,
    0.07086402684041646,
    0.06914388012378525,
    0.06752504265608777,
    0.06600726331231002,
    0.0645626803285677,
    0.06317618807076347,
    0.061836831358646274,
    0.06055926607092276,
    0.0593269054344232,
    0.05813524691035812,
    0.05696962305171372,
    0.05581423317349073,
    0.05465195655459715,
    0.05347746812126138,
    0.05234121155876282,
    0.05125623191681628,
    0.050225064144897955,
    0.049217478691293434,
    0.0482314356444991,
    0.04728019512098001,
    0.04636517784585436,
    0.04549708974037272,
    0.04468658653715585,
    0.04389672614005115,
    0.043148016649126514,
    0.04242910909905633,
    0.04176277387678661,
    0.04111161434963685,
    0.040462361473308,
    0.03980893642613697,
    0.039141494348068115,
    0.03845490378540409,
    0.037756135462394654,
    0.03703178569049483,
    0.03631355436678426,
    0.035600439433769074,
    0.034887835566281014,
    0.03419618462243326,
    0.033540986601488354,
    0.03292055946961369,
    0.03234164262271852,
    0.031812639510456604,
    0.031332514994800435,
    0.030901808297861644,
    0.030517401819630773,
    0.030163627588942078,
    0.02982718241219778,
    0.029490998887880846,
    0.02914110404855472,
    0.028777519764588377,
    0.028420606241769935,
    0.028064333402305925,
    0.027710934864559222,
    0.02735885651578881,
    0.027001981746447128,
    0.02664584487518788,
    0.02629987346048135,
    0.02597035274732115,
    0.025656488903591734,
    0.025350943306771484,
    0.025056582047549545,
    0.024766936930054995,
    0.024489895772401384,
    0.024208610670583806,
    0.023909644001534947,
    0.02358859022550097,
    0.023287863266063174,
    0.023005918647054077,
    0.022746816613004695,
    0.02250346450045791,
    0.02226915697590466,
    0.022054227170995713,
    0.021851400604096714,
    0.021646770645415585,
    0.021422732002228998,
    0.021190570200824325,
    0.020981120139324082,
    0.020799393940121116,
    0.020643088782238334,
    0.020509623257499363,
    0.02039115661575,
    0.020292298627297648,
    0.02019470663646627,
    0.020094698003594293,
    0.01997545859372213,
    0.019838814031090515,
    0.019689221797217563,
    0.019538354982133896,
    0.019381504337427136,
    0.01922105535065392,
    0.01907549765037555,
    0.01893583007053747,
    0.01878480846654038,
    0.018646690505068536,
    0.01849984429525121,
    0.018340302122443097,
    0.018160935037485913,
    0.01797688360154156,
    0.017781611003688406,
    0.017589524966912132,
    0.017402693043157925,
    0.017234338128101098,
    0.017083647206578102,
    0.016948810469665697,
    0.016846086990056724,
    0.01676793495346998,
    0.016701687506735032,
    0.016613742048234816,
    0.016500967554922814,
    0.016389643475903763,
    0.01627063442576412,
    0.016133230320408462,
    0.015981673856609868,
    0.015784497737145547,
    0.01554872563528032,
    0.015279130692651254,
    0.014982173664776622,
    0.014682770089465447,
    0.01440445018837678,
    0.014161695429245471,
    0.01395306885583462,
    0.013770984941167023,
    0.013630326990144421,
    0.013528251736827946,
    0.013443868625843729,
    0.013363179702158246,
    0.013271210735671269,
    0.013159875076176039,
    0.013033836727776048,
    0.012875018010377022,
    0.012716083823897079,
    0.012551063829975197,
    0.012387428735110114,
    0.012221718659676655,
    0.012059186095184938,
    0.011904489603051047,
    0.01176657252148435,
    0.011673336519916413,
    0.011633257404531269,
    0.011632927869149701,
    0.011639728536941417,
    0.011664660964514205,
    0.011677644976987684,
    0.011675772712956795,
    0.01169139232536072,
    0.011704332899896155,
    0.0116888330651105,
    0.011618300792370842,
    0.01149846230984405,
    0.011345065499147064,
    0.011158208334759157,
    0.010931922339306331,
    0.010685740341997848,
    0.010441541331337565,
    0.010223213616149446,
    0.010010075331305286,
    0.009795493920382559,
    0.009585724001532738,
    0.009371024801196684,
    0.009157524236068566,
    0.008962341771820015,
    0.008793765210001728,
    0.0086674726606628,
    0.008565090388825008,
    0.008463622600528551,
    0.008331624389450554,
    0.008183091889574619,
    0.008011391150276133,
    0.007843615579462495,
    0.007709980694532645,
    0.007630878216818752,
    0.007621004061109194,
    0.007665648799031043,
    0.007737886582362996,
    0.007805565637665829,
    0.00786850331811208,
    0.007936281087250646,
    0.008019804298396133,
    0.008103709221145155,
    0.008179458122799532,
    0.008236709344472903,
    0.008275964497249851,
    0.00830749921378896,
    0.008343563821601388,
    0.00838021764381157,
    0.008428656742634736,
    0.008444360129262871,
    0.008440165463801361,
    0.008412223475056149,
    0.00837132164040711,
    0.008288703886641567,
    0.008161611470202888,
    0.008034042599393732,
    0.007938791808102617,
    0.007881828153758598,
    0.00784812527966887,
    0.00783525711960412,
    0.007834027609730905,
    0.00782585703931179,
    0.007819888761562378,
    0.007823551777999696,
    0.007828059838666641,
    0.007842948220907024,
    0.007860053892953677,
    0.007883742270345691,
    0.007906621123283605,
    0.007931966585239205
  ],