{
  "x0": [
    0.4248189579132956,
    0.39945598506705327,
    0.17572505701965116,
    0.19330663177900564,
    0.19330663177900564,
    0.6818673158592603
  ],
  "x": [
    0.07632648036421355,
    0.9261782291484336,
    0.0,
    86.08119161221416,
    7.397963870239169,
    0.6818673158592603
  ],
  "SSE": 0.004207823706966576,
  "exp_data": [
    1.0,
    0.8943487268876479,
    0.7911052772112788,
    0.6948784939216757,
    0.6096211658706258,
    0.5360016686375433,
    0.4732271105400952,
    0.41984413464888065,
    0.37426554184933997,
    0.33509562114521174,
    0.30130500291228013,
    0.2720839073111144,
    0.24677863856090293,
    0.22479875455370615,
    0.20561187982523202,
    0.18882171956460156,
    0.17407279156039068,
    0.16108235010717487,
    0.1496018043909839,
    0.13940797331287244,
    0.13029871817767438,
    0.12213483767765515,
    0.11480768592486916,
    0.10819194451178127,
    0.10218522780878932,
    0.09672279432677047,
    0.09174190665157982,
    0.08718819992727965,
    0.08300846196957522,
    0.07917799077193288,
    0.075659789132472,
    0.07241468241812848,
    0.06943558963678997,
    0.06670384702853178,
    0.0642086033935292,
    0.06192245513371947,
    0.059805277587890435,
    0.0578373496715237,
    0.05599393828079412,
    0.05427967294236316,
    0.05268586942757432,
    0.051188756656980826,
    0.04977752157395882,
    0.04846956255707491,
    0.04724641665578219,
    0.04610044011109988,
    0.04502890540264668,
    0.04403750455289073,
    0.04312587552634517,
    0.04226742538974875,
    0.0414612731517172,
    0.040703071345642286,
    0.03999112857187507,
    0.0393234553103084,
    0.038706852821814325,
    0.03811114771298267,
    0.03753187137853722,
    0.036932150870976996,
    0.03631140184647306,
    0.03569152371288074,
    0.03510078765979384,
    0.03456926619989871,
    0.03408781792095063,
    0.03364322478792035,
    0.033229098743109566,
    0.03283657515560403,
    0.03244691770934453,
    0.032060257050003926,
    0.031670183968225595,
    0.03126550500553089,
    0.030866797783272105,
    0.030488487943849556,
    0.03013133154171653,
    0.02981234890945865,
    0.029501334643827242,
    0.029185984402671786,
    0.02886090742907529,
    0.028529173433337,
    0.02818849616826293,
    0.027831248453395182,
    0.027472164677535563,
    0.027102032248810817,
    0.026734699843825486,
    0.0263740998367492,
    0.026052691598729905,
    0.025745775723592743,
    0.02547427831138201,
    0.025222150815325996,
    0.02497190779307416,
    0.024699984986812744,
    0.024419193646291318,
    0.024143773355390148,
    0.02387437732424577,
    0.02362633208400442,
    0.023405248856022774,
    0.023173572971305137,
    0.022908409095176444,
    0.022617740820357023,
    0.02231453328425535,
    0.021997654893179074,
    0.021679068697576468,
    0.02136336519213864,
    0.021065915271769337,
    0.020769801427798527,
    0.020469255280546033,
    0.020147775473532317,
    0.01981454690023586,
    0.01947657519400607,
    0.01914058640756019,
    0.018806448412061992,
    0.018483696889034017,
    0.018181512148077207,
    0.01791585803642541,
    0.017672090955366888,
    0.017443389290902677,
    0.017203682687503934,
    0.016935687424528258,
    0.016657291876734207,
    0.016394349332382555,
    0.016148699596718438,
    0.01592046007556237,
    0.01569072173162155,
    0.015440358222298466,
    0.015218970172766813,
    0.015015900990877386,
    0.014845182082898775,
    0.01467084771134112,
    0.014485430318546958,
    0.014282233273691118,
    0.014046420773296635,
    0.01377060787330535,
    0.013476784567802923,
    0.013188891852352913,
    0.012927180304525138,
    0.012682258700638226,
    0.012444478653805767,
    0.012210552685896821,
    0.011998250357754436,
    0.011837751056439472,
    0.011722642171317355,
    0.011632104505384693,
    0.011558715541152788,
    0.011504914140867682,
    0.011473864556152848,
    0.011464129194865476,
    0.011461793978507728,
    0.011490083233969333,
    0.011541259488651581,
    0.011617651268269448,
    0.011720855039822233,
    0.011842731082398618,
    0.01199314707839005,
    0.012154299212861357,
    0.012311544156385076,
    0.012462865947072167,
    0.01260234013437265,
    0.012729248640446103,
    0.012833702757911581,
    0.01290485517537907,
    0.012949850905637961,
    0.012987381021609472,
    0.01301893555197924,
    0.013059223745776956,
    0.013108228614177684,
    0.013131530988335036,
    0.013123856662809678,
    0.013075850218493711,
    0.013007493702026113,
    0.012909050388775201,
    0.012807240026005945,
    0.01268413963409219,
    0.012541822708409242,
    0.012384414115399884,
    0.01223028946465735,
    0.012068690716895404,
    0.011912912506838708,
    0.011762893960518613,
    0.011626400048033819,
    0.011515021097386276,
    0.011433663682057883,
    0.011359740674622896,
    0.01126959270794016,
    0.01117574985097185,
    0.011114382841662234,
    0.011069262933608211,
    0.011065887728585118,
    0.011079774601753021,
    0.011129744912071584,
    0.011218122625945758,
    0.011327407365173401,
    0.011420049769010522,
    0.011471367272506012,
    0.011489851346913863,
    0.011465711010898976,
    0.011408881730892268,
    0.011323560179499892,
    0.011253052612762387,
    0.011199402276976644,
    0.011166050676405928,
    0.01113422614613175,
    0.011074110816714602,
    0.011012526480667065,
    0.010958696532657963,
    0.010912787775053242,
    0.010875849162225339,
    0.010853875732733873,
    0.010855080128947888,
    0.010871026696035466,
    0.010880728865208451,
    0.01088793556853682,
    0.010920477503617772,
    0.010987584223803146,
    0.01106300037052888,
    0.011141590014314744,
    0.011216613368189802,
    0.011306643283494684,
    0.011404345477632999,
    0.011506812438029552,
    0.01160097562273051,
    0.011700946196913663,
    0.011791403838098036,
    0.01187416090429909,
    0.01195817386279798,
    0.012027334012265863,
    0.012068512279998968,
    0.012070625550638115,
    0.012048394816002481,
    0.01201379813774313,
    0.011985147808890689,
    0.011968895878952803,
    0.011949677587198584,
    0.011932087243469369,
    0.011905770431247303,
    0.011853025703510774,
    0.011774977430047476,
    0.0116665955046714,
    0.011541960690316717,
    0.011395635633940138,
    0.01122425884087747,
    0.011033698947911934,
    0.01085580926601496,
    0.010671020764797163,
    0.010493975064242296,
    0.010369534194607751,
    0.010295286952441522,
    0.010263946172484766,
    0.010271790938011362,
    0.010273765758459874,
    0.010279737176124137,
    0.01026712520182686
  ],