{
  "success": true,
  "x0": [
    0.22206031383257155,
    0.2699596871497867,
    0.5079799990176418,
    0.9034694091000779,
    0.207549865977269,
    0.8558085493403371
  ],
  "x": [
    0.07192756176247289,
    0.8255475692044262,
    0.10252486903310094,
    708.6835281969165,
    2.6246353217111418,
    0.8558085493403371
  ],
  "SSE": 0.011377122466565054,
  "exp_data": [
    1.0,
    0.6688232608299166,
    0.4254883966811463,
    0.30208656895640945,
    0.2351876592440229,
    0.19381364098070056,
    0.16689686037466328,
    0.1483749967639711,
    0.13486591612108056,
    0.12448139176511898,
    0.11611074621571633,
    0.10913142296304526,
    0.10326985408704627,
    0.09830669758070211,
    0.09401765017940251,
    0.090339946118889,
    0.08720264239050159,
    0.08450361817877174,
    0.08216343561790242,
    0.08013426935544612,
    0.0783324690836206,
    0.07678160246692842,
    0.07545554400187594,
    0.07427999020010442,
    0.07321591108680513,
    0.07226815729308655,
    0.07144951444988286,
    0.07071976612511269,
    0.07002501254737056,
    0.06943560926459443,
    0.0689052598360668,
    0.06838475557748679,
    0.06789489506323766,
    0.06745829641395079,
    0.06702620654123054,
    0.06664525195387384,
    0.06629593533612739,
    0.06594313439696127,
    0.06559886445685686,
    0.06528249326513305,
    0.0649944847291556,
    0.06473532533622371,
    0.06447746370089402,
    0.06419740194336497,
    0.0639724001255769,
    0.06377743798143785,
    0.06360405254305952,
    0.06344786465424157,
    0.06328562983048674,
    0.06309441910586558,
    0.06294008817468887,
    0.06278277689851221,
    0.06260720765893325,
    0.062445354329890575,
    0.0623071458350781,
    0.06217725798264231,
    0.06203879200998053,
    0.06190348636694715,
    0.06177520792609774,
    0.06164521577662094,
    0.061529559574490085,
    0.06142297886997467,
    0.06130714071109182,
    0.06117556300983895,
    0.0610664584518764,
    0.0609946604533226,
    0.06086837154451403,
    0.06077586238590155,
    0.06068682865954012,
    0.06059326333009134,
    0.060485158170274465,
    0.06040386694965551,
    0.06033861130659761,
    0.06028925553159515,
    0.06024210378755217,
    0.06019097056162789,
    0.060104638741139645,
    0.060064951640888695,
    0.06001837784269199,
    0.059926800473142,
    0.059831805340698575,
    0.05975328519712787,
    0.05967965367245193,
    0.05960162653285699,
    0.0595347128558808,
    0.05944109628879379,
    0.059360297325136,
    0.0592922450569356,
    0.05921688775057798,
    0.05912927864659991,
    0.05901713561898389,
    0.058942254361831634,
    0.05883715392715514,
    0.058748781398009466,
    0.05870528350421107,
    0.05862719870449799,
    0.05851539027180536,
    0.0583996589818418,
    0.058332272757961726,
    0.05827914592194857,
    0.058240999489862354,
    0.058228420977277186,
    0.058224248681320534,
    0.05820604763690324,
    0.05818085094736362,
    0.058136406682884306,
    0.058077139062481485,
    0.058024565602537874,
    0.05799118004145458,
    0.05796809878489126,
    0.05793629867808802,
    0.057906218410660674,
    0.057870099891258575,
    0.05784894773343183,
    0.05784546387477807,
    0.05781642321047432,
    0.05777762896394117,
    0.05773924942227107,
    0.05768927493339889,
    0.057641997781308234,
    0.05761156039932649,
    0.057576036727206285,
    0.05752893290670054,
    0.05748884402498553,
    0.05747021538612707,
    0.057486629707671065,
    0.057468679531665706,
    0.05741502913401917,
    0.057343840973185733,
    0.0572900082912333,
    0.05722830504044007,
    0.05721530492329091,
    0.057200591807703,
    0.05720315475830985,
    0.05723927015554247,
    0.057239952839512026,
    0.05724397744966819,
    0.05722960708354711,
    0.057236432226615876,
    0.05720779982892377,
    0.05718009572855924,
    0.057144410524656096,
    0.0571157305488919,
    0.05707419347700221,
    0.057049907867821104,
    0.05698286721039697,
    0.05688624841719528,
    0.05679241247090008,
    0.05674871319603029,
    0.05669767421548368,
    0.0566565809127067,
    0.056652843629121895,
    0.05663276547056678,
    0.05660741027029806,
    0.05656702704844677,
    0.05654648508046761,
    0.05652859824360393,
    0.056530297455576015,
    0.056537204161517494,
    0.0564703498964577,
    0.05643601580488185,
    0.0563854302817429,
    0.056348968997241906,
    0.05634647389745834,
    0.05631560162180199,
    0.05629568567020796,
    0.05631565432690376,
    0.056358744754222985,
    0.05635179167261659,
    0.05633835003094404,
    0.05628568173154596,
    0.0562531877670681,
    0.05622399285792413,
    0.056214477565961284,
    0.056208859969955255,
    0.05621198129992929,
    0.05619982020950117,
    0.056236465370666566,
    0.05627344718896891,
    0.056268054711072,
    0.056287188385511465,
    0.05626907282613941,
    0.05625579522082336,
    0.05625433471408019,
    0.056253822145552926,
    0.05625706891200711,
    0.05620748608289734,
    0.05621311711816352,
    0.05624058121756798,
    0.05625325801639659,
    0.05624583307485601,
    0.05618640490178303,
    0.05613953197059699,
    0.05611478850442321,
    0.056072882009305734,
    0.05601020339526027,
    0.05597887276562414,
    0.055991726226064256,
    0.05600768313875163,
    0.05600693112383296,
    0.05598618565587204,
    0.055951427770543315,
    0.05596122130563944,
    0.05596949985161566,
    0.0559472229991897,
    0.055902100524538915,
    0.05588645232813705,
    0.05590282883791275,
    0.055876723926288646,
    0.05582814495638429,
    0.055791129426420914,
    0.05575682180095436,
    0.055720977648886144,
    0.05568103053185441,
    0.05563350622327858,
    0.055624186809703095,
    0.05561228885334928,
    0.05563999323928419,
    0.05563908947564998,
    0.055654575833412503,
    0.055632557446223384,
    0.05560286076787523,
    0.055615859206421016,
    0.05562584414248814,
    0.05563582040187156,
    0.055644307017257436,
    0.05565040929624832,
    0.05564848490632174,
    0.05567906543570801,
    0.05569385752343297,
    0.05568359115888033,
    0.055669969845443285,
    0.05568465646738616,
    0.05567280484397915,
    0.055646300035688816,
    0.05560519959238959,
    0.05556905862764494,
    0.05556295395873382,
    0.05552151143483808,
    0.055477077887174035,
    0.055459528180059905,
    0.05541608732293295,
    0.0553594282612706,
    0.05532545916260585,
    0.055293433403173164,
    0.05531766068848731,
    0.055344391849154545,
    0.055364456249897616,
    0.05535418179151026,
    0.055306547801286826
  ],