{
  "success": true,
  "x0": [
    0.4724947234898904,
    0.2781318258234216,
    0.249373450686688,
    0.5886623129505795,
    0.18136860561851761,
    0.17121052171579404
  ],
  "x": [
    0.07481612471823791,
    0.8194554374748847,
    0.10572843780687745,
    598.254763975507,
    2.451008099103476,
    0.17121052171579404
  ],
  "SSE": 0.011903973408347387,
  "exp_data": [
    1.0,
    0.65152690750608,
    0.401875102432997,
    0.28366204858194777,
    0.22224211891049564,
    0.1847623363170242,
    0.16046657418725438,
    0.14365691002479192,
    0.13127910129011275,
    0.12178392118565193,
    0.11418132710070074,
    0.10792595532104453,
    0.1027797858508996,
    0.09854451025663678,
    0.09486462246155224,
    0.09164923417905894,
    0.08881279864939913,
    0.08637348842556397,
    0.08420864246073434,
    0.08232434784436599,
    0.0806420110587648,
    0.07914137381938349,
    0.07786262509957512,
    0.07676910500200203,
    0.07578542869181738,
    0.07488098768012232,
    0.07407385490291624,
    0.07334674251778829,
    0.0726006047047606,
    0.07191573691166409,
    0.07128883238412739,
    0.07066774951252419,
    0.07013973941351989,
    0.069656878448206,
    0.06913942156763503,
    0.06869477353955153,
    0.06828868670923079,
    0.0678599712538836,
    0.06749660239903296,
    0.06717021721149405,
    0.06678090134043166,
    0.06645620748869992,
    0.06616828439436906,
    0.06580629130601111,
    0.06554161373979882,
    0.06529920175826283,
    0.06512614055149694,
    0.06490389325905478,
    0.06465543493007068,
    0.06440050698512303,
    0.06422380371936488,
    0.06405527917890345,
    0.06384487185605316,
    0.06364919881475885,
    0.06347723773370482,
    0.06333940952911163,
    0.06313380089302652,
    0.06294237369226434,
    0.06280758839159054,
    0.06271541768406089,
    0.062608340637646,
    0.06248416481600206,
    0.06234757402724863,
    0.06216857420288454,
    0.06202443727935886,
    0.06193230216875979,
    0.06175108551196246,
    0.06159467588109947,
    0.06142898664133713,
    0.06133780983400765,
    0.06122384270092863,
    0.06111188864620297,
    0.061054461142945354,
    0.06098060492131701,
    0.060917133170193906,
    0.060865496507652536,
    0.06072484365826997,
    0.06064039926890677,
    0.060602956473509294,
    0.06053532054945267,
    0.06046716277328785,
    0.060455332876347044,
    0.060434623548069055,
    0.060389653616087946,
    0.06033837548334402,
    0.06030461436031394,
    0.060252156068625586,
    0.06022577135139533,
    0.06018627385035244,
    0.06007400006480371,
    0.05991590592779349,
    0.05979838713934014,
    0.05969483077925716,
    0.05961947171375929,
    0.05956463259182923,
    0.05947631974039828,
    0.059325566342264324,
    0.05912265863328185,
    0.05898213104912339,
    0.05886830942298305,
    0.0587668654530308,
    0.05877661042626091,
    0.05878378914444369,
    0.05881744676518021,
    0.05878814148817752,
    0.058728103230377166,
    0.05865924027912298,
    0.05860926320991694,
    0.058503888447350695,
    0.058431152100025495,
    0.05843082138378856,
    0.058410284534290785,
    0.05834099983097525,
    0.058258417920198216,
    0.05818716093007524,
    0.058144595072675935,
    0.058181006570683626,
    0.05820354134801936,
    0.05811116758744034,
    0.05801374902035334,
    0.057983837269593864,
    0.05794169840682629,
    0.057906120771713324,
    0.05785319985027159,
    0.05787181461637315,
    0.057869819273426756,
    0.057842326892852555,
    0.057787847742589334,
    0.05770520931942685,
    0.057633389190012416,
    0.05758495550883851,
    0.05756959199482083,
    0.05751540415523654,
    0.057457819713665446,
    0.05745190091554823,
    0.05737817177440323,
    0.05736864024286473,
    0.05738743257079907,
    0.057419470364870134,
    0.05741947124165966,
    0.057382889319105464,
    0.05730659147285731,
    0.05721899672079541,
    0.057182695637614654,
    0.05721849256385345,
    0.05719507168977337,
    0.05706683325977855,
    0.05699659726284786,
    0.05696440716529911,
    0.05692672221479123,
    0.056869333431799944,
    0.05684156165184417,
    0.05680038220293997,
    0.05676510737926118,
    0.056707882157398984,
    0.05672703342641948,
    0.0567219198763424,
    0.0567269349296594,
    0.05676404443358021,
    0.056689496979659075,
    0.05663078775502413,
    0.0565235066617271,
    0.0564252556231897,
    0.05633578107693832,
    0.05626709377975439,
    0.056213245014981185,
    0.05625594941363055,
    0.05631216720595449,
    0.05632958132801897,
    0.056332622680810046,
    0.056285705448231124,
    0.05628785139974589,
    0.05622896626974818,
    0.056200255038440394,
    0.05612331950934769,
    0.05604609244752735,
    0.05596458053365152,
    0.05593352281422345,
    0.055944130472661724,
    0.05590321214040272,
    0.055916093481322475,
    0.055941225142094736,
    0.05597524137073426,
    0.05594316223875064,
    0.05593369564029229,
    0.055876895313030826,
    0.05579448745561339,
    0.05584456431578474,
    0.0558989591448919,
    0.055902320915224894,
    0.05589441943627763,
    0.05580045831807027,
    0.055718860994234315,
    0.05569134350370778,
    0.05563949944777689,
    0.05561477635271501,
    0.05563457517169187,
    0.05571769293288083,
    0.055703813047731636,
    0.05565501829417714,
    0.05564658881645157,
    0.055634754824494266,
    0.05561891546089899,
    0.05556818558279548,
    0.0554946520727039,
    0.05544391027046059,
    0.055381342053196045,
    0.055374744447311046,
    0.05540613132261823,
    0.05541957954210444,
    0.05538443451459101,
    0.055337189742958724,
    0.055289615018402676,
    0.05522039248407991,
    0.05514565515252947,
    0.0551338156079815,
    0.055135198157794434,
    0.05513411091136767,
    0.055097310648267214,
    0.05507182437928487,
    0.05498437782019554,
    0.05492533801447764,
    0.05487096817374387,
    0.05484891779389397,
    0.05480440175767056,
    0.05473902563712078,
    0.05468173325389106,
    0.054611632804049785,
    0.05461761452776349,
    0.054544031795573246,
    0.05444440152873195,
    0.05438710672610533,
    0.05440341550467176,
    0.05437064990212042,
    0.054320081912724985,
    0.05428563340447885,
    0.054239962018142296,
    0.05424174175713346,
    0.0541863181338156,
    0.054219817994616,
    0.05431668001275874,
    0.054364178905945644,
    0.05437691068771504,
    0.054344368816731145,
    0.05430011713132088,
    0.05433568778543275,
    0.054362683139777906,
    0.054385203783669935,
    0.054337161489950846,
    0.054278703743733545
  ],