{
  "x0": [
    0.35664597911472345,
    0.3373326181099175,
    0.30602140277535905,
    0.859162553047436,
    0.34069713812978963,
    0.42577630833235025
  ],
  "x": [
    0.06741741535111231,
    0.8182305274639807,
    0.11435205718490696,
    989.8557061439009,
    2.3052516908267835,
    0.42577630833235025
  ],
  "SSE": 0.011252675257007691,
  "a1": 0.06741741535111231,
  "a2": 0.8182305274639807,
  "a3": 0.11435205718490696,
  "a": 989.8557061439009,
  "b": 2.3052516908267835,
  "c": 0.42577630833235025,
  "exp_data": [
    1.0,
    0.6294748058660403,
    0.37165580602648624,
    0.25844870520145335,
    0.20228178107759792,
    0.16866518809747655,
    0.1473685263105062,
    0.13268550812116195,
    0.12160824267542182,
    0.11269384122812268,
    0.10521353177723608,
    0.09881263392272299,
    0.09336274275880954,
    0.08875698665756526,
    0.08476394105477798,
    0.08137610647736446,
    0.07857173298798714,
    0.0761827666074166,
    0.07415773536042099,
    0.07241796726971626,
    0.07086640957300921,
    0.06955241550112785,
    0.06845631346515843,
    0.06746418854706819,
    0.06659607081859215,
    0.06584530468452793,
    0.06525348149634362,
    0.06474208002286144,
    0.06429242194336346,
    0.06395804524080845,
    0.06368647663489241,
    0.06341022179708034,
    0.06308597545362019,
    0.06279792698809299,
    0.06250437227397493,
    0.062303167711511113,
    0.062087374660795044,
    0.0618960436509765,
    0.061659912175827815,
    0.0614653230071587,
    0.06135460801826755,
    0.06122243969861756,
    0.06109257012429705,
    0.06097364479602183,
    0.06089434634624812,
    0.06080356093607535,
    0.06070221325693798,
    0.06066385777917296,
    0.06063462833359143,
    0.06051622528368129,
    0.060437834092945654,
    0.060335150072867876,
    0.06021088179382263,
    0.06013121595965565,
    0.06009341799594429,
    0.060034842004421655,
    0.06001153612764371,
    0.059950866060974994,
    0.059861090677506036,
    0.05970320937831999,
    0.05961136897968578,
    0.05956281735648334,
    0.059457405339928014,
    0.059359351344345036,
    0.059281674267088774,
    0.059255775801951606,
    0.0591466673481413,
    0.05911503121370249,
    0.05910680087708479,
    0.05902436252739091,
    0.05892994352326868,
    0.05890663885493216,
    0.058890932459773816,
    0.05894859728958439,
    0.05897553087373533,
    0.058939962577274116,
    0.05890459944096902,
    0.05896345716146905,
    0.05895763634714046,
    0.058855806435006715,
    0.05874120788532055,
    0.05864883595497897,
    0.058556607545163536,
    0.058430364756513954,
    0.05837452052567015,
    0.05828905072574585,
    0.05826062551568849,
    0.05820722445757834,
    0.058122676367460074,
    0.058075823617598804,
    0.05803839405760222,
    0.05802595800771771,
    0.057899784778665316,
    0.05780317668094554,
    0.05778788806605233,
    0.05773978053218919,
    0.05762664335184685,
    0.05756335304563255,
    0.05757630875236477,
    0.05761983013733481,
    0.05765210702948849,
    0.057672393626872556,
    0.05771935776960669,
    0.0577337461519259,
    0.05776164979086375,
    0.057700496755539975,
    0.05757523125860065,
    0.05746957099344807,
    0.057484430452638874,
    0.05749070650805199,
    0.05740818434264739,
    0.0573202264882009,
    0.05727220754596311,
    0.05727981920279283,
    0.057299442046774264,
    0.057250919866950675,
    0.05712261317275485,
    0.057043975502943996,
    0.05703545755433533,
    0.05700446101618623,
    0.056984558891513805,
    0.05698357480031416,
    0.056915336617346754,
    0.0568809747706713,
    0.05688533915534397,
    0.05697318792600672,
    0.056973409954412135,
    0.0569713372466547,
    0.05694997784064527,
    0.05691635930919338,
    0.056837086097912604,
    0.0568129783481091,
    0.05681616357852294,
    0.05687729652109935,
    0.05694679297752432,
    0.056992279867751024,
    0.056979345006588814,
    0.056896417398907655,
    0.0568847488591724,
    0.05686832226147746,
    0.056855945343670285,
    0.056835814782971956,
    0.05680763001661226,
    0.05673140132356859,
    0.05665764332670297,
    0.056524819176305766,
    0.05640636889312146,
    0.056310478732596765,
    0.05629866294193757,
    0.05628476972401024,
    0.05624718293624463,
    0.05624162555269846,
    0.05620250052532246,
    0.05618207118616398,
    0.05616733428304458,
    0.056160496033713356,
    0.056217517240669417,
    0.056294113792684564,
    0.05632215897482344,
    0.05628697726491009,
    0.05631488094446499,
    0.05631266609068396,
    0.05631307424976342,
    0.05637329716434439,
    0.05635307531420725,
    0.05635053798684512,
    0.05638233750651587,
    0.05649459445914807,
    0.056472286046102264,
    0.056431752628264366,
    0.05634604069461705,
    0.056294706964085985,
    0.05630568872313113,
    0.056314749061741595,
    0.05636246955727521,
    0.056433989084935694,
    0.05648059919295446,
    0.056587278693735026,
    0.056631734015943715,
    0.05662931698935765,
    0.056652409543336744,
    0.05658312018673439,
    0.05653553816955365,
    0.056557810258737316,
    0.05655045942342061,
    0.05659224962693933,
    0.05650901363145599,
    0.0564840100412428,
    0.056559929110290286,
    0.05667578195238025,
    0.056742225896050234,
    0.05669829686642736,
    0.056672289162126015,
    0.056648047966495065,
    0.05662074057178728,
    0.05651660152712702,
    0.0564487204946586,
    0.056385965094083376,
    0.05638357313727494,
    0.0563902824461672,
    0.05630648304295395,
    0.056221117145987265,
    0.056252794705195314,
    0.05631119144541628,
    0.05632358078226,
    0.05627034578111404,
    0.056282883680038705,
    0.056353950062960664,
    0.05631178995962364,
    0.05622605343401954,
    0.05616633184507844,
    0.05617389217686214,
    0.05615192423583447,
    0.05612427451693326,
    0.05610031522748392,
    0.0561412563659905,
    0.05616037708171291,
    0.05619954933935462,
    0.05616617021024096,
    0.05620117562978024,
    0.05621633454915799,
    0.056205293501938466,
    0.056295836754112476,
    0.05637764567872191,
    0.05645099250775354,
    0.056521028358864744,
    0.05659858716252065,
    0.05664765396730884,
    0.05670679289040389,
    0.05681020596608285,
    0.05687695013554682,
    0.056915788676519856,
    0.0569722882296571,
    0.05697831787146426,
    0.056981324210313204,
    0.0569821764715484,
    0.0569984626089696,
    0.05702889448177135,
    0.056974881097307604,
    0.05687330536435939,
    0.05680396265350566,
    0.056671736075109044,
    0.05655707399584888,
    0.05652846586491559,
    0.05653125234956847,
    0.05657647512572669,
    0.056637920047237736,
    0.05666917809354864,
    0.05670635371590826,
    0.05668804128275747
  ],