{
  "x0": [
    0.21967157275802862,
    0.5508952592920169,
    0.22943316794995455,
    0.9571511644425431,
    0.21976182171239725,
    0.6030244346145013
  ],
  "x": [
    0.21220192345210998,
    0.7266286315003245,
    0.06117070786014916,
    621.9323234215115,
    14.835455132300021,
    0.6030244346145013
  ],
  "SSE": 0.022144128463610857,
  "exp_data": [
    1.0,
    0.9383380167236796,
    0.8782580845771005,
    0.8215926352537319,
    0.7697716083967062,
    0.7231897538560546,
    0.6817636506984479,
    0.644926683195146,
    0.6119959184249051,
    0.5823850373241795,
    0.555673066422188,
    0.531531122900765,
    0.5096539780117846,
    0.48976178731853676,
    0.4716025608587594,
    0.45496652548118977,
    0.4396712506553295,
    0.4255678905750647,
    0.41252627863437463,
    0.40042844567690017,
    0.3891823437341964,
    0.37870774316049466,
    0.3689345391114909,
    0.35979565753149373,
    0.3512319459256782,
    0.34319433748495304,
    0.3356322232320711,
    0.3285031370864479,
    0.32177369285858826,
    0.3154110629232173,
    0.3093862398757635,
    0.30367376202193375,
    0.2982573635945836,
    0.2931155269123582,
    0.2882265280536662,
    0.2835724803525612,
    0.27913746563426056,
    0.27490236217121045,
    0.27085621419892536,
    0.2669893420210057,
    0.26328964065064325,
    0.25975096239318085,
    0.2563612202666544,
    0.25311117698850477,
    0.24999597377796884,
    0.24700566582590258,
    0.24413520688882737,
    0.2413774324907677,
    0.23872772155760066,
    0.23617827971393163,
    0.2337285629379531,
    0.23137970034321545,
    0.2291239086136336,
    0.22695688004446177,
    0.22487062549200285,
    0.22286057139306195,
    0.22092628635185135,
    0.2190573859926512,
    0.21724827328454588,
    0.21549957564444583,
    0.21380977611923355,
    0.21217459873489744,
    0.2105941203311151,
    0.20906108889548783,
    0.2075744682278866,
    0.20612857387866365,
    0.20472315324689003,
    0.20335717507948417,
    0.20203064057221687,
    0.2007420974577682,
    0.1994857820366385,
    0.1982667752468084,
    0.1970883260329057,
    0.19594551881526823,
    0.19483881422773103,
    0.19376481631340056,
    0.19272009899146594,
    0.1917073584175901,
    0.1907257640397417,
    0.18977697694816015,
    0.1888591034279513,
    0.18796934678828126,
    0.18711125751199853,
    0.18628153884779203,
    0.18547991627915802,
    0.18470512675931564,
    0.18395631011947672,
    0.18323476390897075,
    0.1825385125540851,
    0.18186197536291693,
    0.18120650813585062,
    0.18057625052576867,
    0.1799641847968065,
    0.1793722904401215,
    0.1787996491513113,
    0.17824797588729227,
    0.17771354858213498,
    0.17719187659186306,
    0.17667880396463048,
    0.17617311321117846,
    0.1756670077795813,
    0.17516599711344966,
    0.17466943746611166,
    0.17417574581595396,
    0.17368680984745669,
    0.1732028035401104,
    0.1727270578770036,
    0.17225734095903045,
    0.17179361793163092,
    0.17133650140332427,
    0.17088065380346207,
    0.1704259167907123,
    0.16997457412938624,
    0.16952939434828207,
    0.16908775771487447,
    0.16865105686800505,
    0.1682169070015088,
    0.16778890108165995,
    0.16736616676791694,
    0.16694842724754558,
    0.1665349237903677,
    0.16612590522943074,
    0.16572231144470181,
    0.165323889640454,
    0.16493167177814877,
    0.1645500059213352,
    0.1641803534027185,
    0.1638237914534383,
    0.16347770297400877,
    0.16314302018073862,
    0.16282056362309752,
    0.16251344168474544,
    0.16222601860672714,
    0.16195849740804208,
    0.16170905842059144,
    0.16147886410568818,
    0.16126513819365748,
    0.16105784005289528,
    0.16085816565604436,
    0.16066764329048175,
    0.16048118143917994,
    0.16029796244242023,
    0.1601197792166174,
    0.15994699870951218,
    0.15977926260349143,
    0.1596195641012,
    0.1594628461181372,
    0.1593122497769854,
    0.15916431297261416,
    0.15901721356386994,
    0.1588651163946152,
    0.15870891411830268,
    0.15854651892228902,
    0.15838069272530886,
    0.1582168128925125,
    0.15806316533738854,
    0.157916477904205,
    0.15777725510600107,
    0.1576400327154579,
    0.1575014904417988,
    0.157363900967409,
    0.157227225012391,
    0.15709425245350545,
    0.15696484962030827,
    0.1568408740419842,
    0.15672184416986504,
    0.15660989964084945,
    0.15650385619065693,
    0.15640327003039126,
    0.15630470644547795,
    0.1562098748285801,
    0.15612333920860996,
    0.15604467319628518,
    0.15597368261323538,
    0.15590593592980292,
    0.1558388406869529,
    0.1557673451603145,
    0.15569775432590813,
    0.15562902841224882,
    0.1555635529721376,
    0.15550009901987288,
    0.155434999139819,
    0.1553741224497641,
    0.155314156607004,
    0.15525767096984186,
    0.15520618015736454,
    0.15516042032392977,
    0.15512376792574986,
    0.15509941395552007,
    0.15508958088596314,
    0.15509127439067807,
    0.15510353637665836,
    0.15512121648299507,
    0.15513926160000815,
    0.15515750537857936,
    0.15517258701590828,
    0.15518906727404438,
    0.15520709494994775,
    0.15522700154944738,
    0.15524954993655168,
    0.15527255828744035,
    0.15529018749069107,
    0.1553040044685751,
    0.15531204388504055,
    0.1553132078570839,
    0.1553127377114493,
    0.1553074056570857,
    0.15529533736184942,
    0.15528474149665814,
    0.15527353564056323,
    0.1552600338377399,
    0.15524219006611817,
    0.1552215539491847,
    0.15519585100291583,
    0.15516446631048103,
    0.1551366692164948,
    0.15511169241856138,
    0.1550874819139826,
    0.15507092188211638,
    0.15505987351241504,
    0.15505164179536843,
    0.15504081402371864,
    0.15502449416979153,
    0.15500713200391966,
    0.15499405206252512,
    0.15498547707471338,
    0.15498272916497136,
    0.15498606353319105,
    0.1549907863044395,
    0.1549931110628867,
    0.15499268308840133,
    0.15498548447862665,
    0.15497433320063494,
    0.1549627024152771,
    0.15494787012516978,
    0.154927418212559,
    0.15489671009984912,
    0.1548596137720856,
    0.15481661027639249,
    0.15476807230189168,
    0.15471508243180704,
    0.15465877655472698,
    0.1545940046034477,
    0.15452152719753848,
    0.15444376730693565,
    0.15436530563160158,
    0.15428623969074076,
    0.15420465279622947,
    0.15412160844440193,
    0.15403357437404436
  ],