{
  "x0": [
    0.3602607719751685,
    0.23534874140434364,
    0.40439048662048793,
    0.8621132935741096,
    0.8621132935741096,
    0.9395493590730329
  ],
  "x": [
    0.20448145125553197,
    0.7239575810611256,
    0.0715615613378476,
    726.7423166760017,
    14.566638990102902,
    0.9395493590730329
  ],
  "SSE": 0.025618336705813982,
  "exp_data": [
    1.0,
    0.9337566886676447,
    0.86937277829409,
    0.8091229787123827,
    0.7548070495558368,
    0.7069527632738266,
    0.6653384614370157,
    0.6290074726001641,
    0.5968505732501943,
    0.5680153547133151,
    0.5419585583505088,
    0.5183372884163058,
    0.49685736406228254,
    0.4772668746729726,
    0.45934231727201347,
    0.44289489576002666,
    0.42776196557994545,
    0.41381155820331994,
    0.40092076287481654,
    0.38897862541973033,
    0.3778880585923141,
    0.3675733856183583,
    0.35796845565728536,
    0.3490047304829262,
    0.34062465868000597,
    0.33278617835094265,
    0.3254331590264026,
    0.3185157088964942,
    0.3119986770349992,
    0.30584300053582,
    0.30001778908269977,
    0.29449702179918685,
    0.2892685053714328,
    0.28431615167376156,
    0.27961871307922376,
    0.27515980098371884,
    0.270921651997559,
    0.26688270813061415,
    0.26303364660961925,
    0.25936648680711494,
    0.2558662586194699,
    0.2525239999028502,
    0.24931774336573378,
    0.24624215168930924,
    0.24329419237201508,
    0.2404595038042497,
    0.2377370586672471,
    0.23511377361927788,
    0.23259183614481144,
    0.2301648598654675,
    0.22783741748451392,
    0.22561274972780612,
    0.22349100697364122,
    0.22147447359597242,
    0.21954455814141732,
    0.2176935925924764,
    0.21592056516789707,
    0.21421261784576098,
    0.2125647591740017,
    0.21097269783259168,
    0.20943846044579506,
    0.20794902923852224,
    0.20650538986740768,
    0.20509828056171162,
    0.20372515352521686,
    0.2023714887082267,
    0.20104597756626644,
    0.1997519736282983,
    0.1984905937312685,
    0.19725734061093614,
    0.19604638849279232,
    0.19487011773561427,
    0.19373347374457828,
    0.19262966189974684,
    0.1915566255027131,
    0.1905096553752644,
    0.1894801000903086,
    0.1884695935970462,
    0.18747837448654814,
    0.18650767141751057,
    0.1855628324072134,
    0.1846455575299746,
    0.1837603988164122,
    0.182908091795564,
    0.1820926700231633,
    0.18131126590926921,
    0.18056775958583782,
    0.17986072298019834,
    0.1791831561089004,
    0.17852823172546314,
    0.17790203043334857,
    0.17730478603820948,
    0.176729820334901,
    0.17617488169717507,
    0.17563756228739352,
    0.17511836724982685,
    0.17460771668944539,
    0.17410300379179613,
    0.17360505992859215,
    0.17310370419530574,
    0.1725922534009231,
    0.17208045937968283,
    0.17156726438150324,
    0.1710565160727867,
    0.17054843033736455,
    0.17004514243134755,
    0.16954548508137532,
    0.16905129616837192,
    0.16856378616185033,
    0.168097563520891,
    0.16764000215481983,
    0.16719586073039464,
    0.16675495394679968,
    0.166333522861137,
    0.16592265974642995,
    0.16553034157139573,
    0.1651515047544782,
    0.16478337840533938,
    0.16442216084246472,
    0.1640707366098721,
    0.1637263601994068,
    0.16339320545607303,
    0.1630754226486398,
    0.16276557783162493,
    0.16246566734130652,
    0.16217833040905974,
    0.1619023736051104,
    0.16163890146104454,
    0.16138163756872612,
    0.16112945033205608,
    0.16088588724876612,
    0.1606556383417636,
    0.16044572877000554,
    0.1602568471810866,
    0.16008325015137032,
    0.1599268830701204,
    0.1597791138321554,
    0.159633320214663,
    0.15948976333443474,
    0.15935732673441996,
    0.15922938983095222,
    0.15910011557742215,
    0.15897761537598992,
    0.15886256359462222,
    0.1587650482281001,
    0.1586803559262886,
    0.15860683183982363,
    0.15854819140576776,
    0.1584978411409467,
    0.15844685192980584,
    0.15838790941441017,
    0.15831698541732203,
    0.15823210351846942,
    0.1581373351232392,
    0.15804020261233145,
    0.1579481407461513,
    0.15785745320315,
    0.15776249599804568,
    0.15765138882649396,
    0.15752161757309222,
    0.15738491575708902,
    0.15723852084431947,
    0.157089892043578,
    0.15693998394980385,
    0.15678907287293606,
    0.15663998135942916,
    0.15649470573156224,
    0.15635952133999442,
    0.15623040877604888,
    0.15610585631219231,
    0.15599531235817043,
    0.15590488356752075,
    0.1558349563507288,
    0.15578465207173475,
    0.15574412751967898,
    0.1557111015139289,
    0.15567619242750796,
    0.1556475268743677,
    0.15561593009569982,
    0.15558393688510466,
    0.1555464588639277,
    0.1554971708766807,
    0.15544284971692712,
    0.15538059587439254,
    0.15531771751082424,
    0.1552544248313385,
    0.15520072513603808,
    0.15515816183554584,
    0.15512702685718774,
    0.15511703597838467,
    0.15512215083627265,
    0.15514725759766101,
    0.15518206915281305,
    0.15522262777999246,
    0.15527113660872455,
    0.15531942073101002,
    0.15537014983304892,
    0.1554273104356298,
    0.15549866868108672,
    0.15558666034960483,
    0.15568440581465917,
    0.1557920514578023,
    0.15590565133702752,
    0.15602144078634303,
    0.15614168131710082,
    0.15627183650491674,
    0.15640617466734422,
    0.15653685835840886,
    0.1566716826395,
    0.1568064343526003,
    0.15693665645859067,
    0.1570565066351698,
    0.15715852768462377,
    0.1572436988612496,
    0.15731573673469193,
    0.1573769004039289,
    0.1574280031115507,
    0.15746951393893738,
    0.1575078502439237,
    0.1575436891370213,
    0.15757463097862895,
    0.15759562814176437,
    0.15760798491411848,
    0.15761286246123482,
    0.15762549711932208,
    0.15765039975068335,
    0.15769158573062964,
    0.15775142310083035,
    0.15782542526066415,
    0.15790798364633835,
    0.1579927767824304,
    0.1580746159720461,
    0.15816239076828895,
    0.1582619694843708,
    0.15836695643137333,
    0.1584811503726793,
    0.15859661506553946,
    0.15871467604161776,
    0.15882442708704347,
    0.15892930400258914,
    0.15903032969890754,
    0.15912226673028157,
    0.15919470307547734,
    0.15924329956584554,
    0.15927188214759708,
    0.15928428789242294,
    0.15928236399489468,
    0.15927298312382485,
    0.15926205402210414,
    0.1592525090653393
  ],