{
  "x0": [
    0.3838724269794075,
    0.319697669227001,
    0.29642990379359146,
    0.7643414935007758,
    0.34403363929046354,
    0.12134156272670521
  ],
  "x": [
    0.18768305029505622,
    0.7362942992338608,
    0.07602237797735803,
    738.3238346692746,
    15.150193046224809,
    0.12134156272670521
  ],
  "SSE": 0.023914751928897072,
  "exp_data": [
    1.0,
    0.933339227876632,
    0.8685555318915943,
    0.8079692830195978,
    0.7534564601072297,
    0.7055254991182932,
    0.6639266643137606,
    0.6276905027437677,
    0.5956809374965146,
    0.5669517202732882,
    0.5409147197146938,
    0.517230714479178,
    0.4956398521107006,
    0.4759157969516982,
    0.45783359220455283,
    0.44121006266956114,
    0.42587134522783066,
    0.41167480813011575,
    0.39850423893822645,
    0.38624886345824105,
    0.3748364386596628,
    0.364192646899066,
    0.3542437165420437,
    0.34493083084117154,
    0.33618627953247465,
    0.3279596390459995,
    0.3202007245151112,
    0.3128689447076019,
    0.30593535506289143,
    0.2993612985225869,
    0.29312850926723427,
    0.2872203800622865,
    0.2816245812385303,
    0.2763125028600687,
    0.27125772816546084,
    0.2664428706346683,
    0.2618473646993305,
    0.2574596141300175,
    0.25326873173345316,
    0.24925896877164905,
    0.24542582428802742,
    0.24176618668857056,
    0.23827293753197448,
    0.2349317596446328,
    0.23173641781172452,
    0.22868168418878235,
    0.225760670717619,
    0.22296845389674858,
    0.22029419163947386,
    0.21773290673212983,
    0.21527654502175445,
    0.21293324793863277,
    0.21068865458137456,
    0.2085276115353077,
    0.20644404992261092,
    0.20444044480109422,
    0.20251289131456923,
    0.20065616099895262,
    0.19885562868853723,
    0.19711645325487118,
    0.19543916965865157,
    0.19382534172594051,
    0.19227690881963733,
    0.19078743451879054,
    0.18935045562020103,
    0.18797184929244926,
    0.1866470745048447,
    0.1853650286187096,
    0.18412549420525098,
    0.18292427326908273,
    0.1817503291390398,
    0.18060004169542135,
    0.17947713654461855,
    0.17837980586228752,
    0.1773130003510209,
    0.17627402315400054,
    0.17526097539405058,
    0.17428315924772467,
    0.1733379791457606,
    0.17242732555655385,
    0.1715491645455991,
    0.17069766658807345,
    0.1698780885799988,
    0.1690849534511828,
    0.16831740152551564,
    0.16757321461571495,
    0.16684639904794943,
    0.1661444005259186,
    0.16546982323913625,
    0.16480996361030803,
    0.1641670870801838,
    0.16354956803925405,
    0.16295503854311408,
    0.1623854037330252,
    0.16184674692971987,
    0.16134360676734358,
    0.16087465149168612,
    0.16042799036602237,
    0.15999466160364964,
    0.15957260216658062,
    0.15914988594210924,
    0.15873432358098563,
    0.15832682951066948,
    0.15792259329644018,
    0.157523395538969,
    0.15713191213048944,
    0.15676054163402817,
    0.15640023820181595,
    0.1560511479262312,
    0.1557015849637049,
    0.155350633686094,
    0.154996283776433,
    0.15464514864374737,
    0.15429379359009499,
    0.15393953816663636,
    0.1535775142819782,
    0.15320071222445056,
    0.15282052273318278,
    0.15243907264700438,
    0.15205386533529405,
    0.15166768473497338,
    0.15127843800603819,
    0.1508874447780756,
    0.15048926964852816,
    0.15009001958449736,
    0.14969956308516397,
    0.14931905742056367,
    0.14895264684277526,
    0.148598144803408,
    0.14825208964477662,
    0.14791820448220352,
    0.1476061221034065,
    0.147317664930437,
    0.14705473676478484,
    0.1468203326989004,
    0.14660957295470164,
    0.14642346526577055,
    0.14624215294713874,
    0.14607117000259268,
    0.14590804079011008,
    0.14574674904166643,
    0.14559250468828835,
    0.1454413607762133,
    0.1452947293478907,
    0.14514131575736627,
    0.14499189113439687,
    0.14483764607744432,
    0.1446901731404971,
    0.1445507770129762,
    0.14442380354843767,
    0.14429391454325452,
    0.14416423731497147,
    0.14402782994197036,
    0.14389226135336258,
    0.14376069202327132,
    0.1436455718314434,
    0.14354761134511956,
    0.14347360694185404,
    0.14341776318779123,
    0.14337550290921894,
    0.14334536262605024,
    0.1433310070107502,
    0.1433282670214958,
    0.14333696419750713,
    0.14335964727173559,
    0.1433950955005085,
    0.14344710175132783,
    0.1435053869005017,
    0.14357036364711226,
    0.14363827562584192,
    0.14370058662154772,
    0.14376589248525992,
    0.14382768419598702,
    0.14388527265324705,
    0.1439344408952384,
    0.14396862744017683,
    0.1439838862241417,
    0.14398771758356887,
    0.14398880034619535,
    0.143993088547064,
    0.1440030962290132,
    0.1440170402807138,
    0.14404837624391512,
    0.14408699699117009,
    0.1441347707447225,
    0.14419348089318776,
    0.14426231075230098,
    0.14434909162293602,
    0.14446020624944975,
    0.144598378707343,
    0.14475954316704182,
    0.14493747992400297,
    0.14512339159312548,
    0.14529933420248445,
    0.14545930143047822,
    0.14559875286507232,
    0.14573019139986895,
    0.14584386196906912,
    0.14594185005747587,
    0.14602109843028044,
    0.146085836787676,
    0.14612760038052885,
    0.1461588192286045,
    0.1461777111021654,
    0.14617938610406211,
    0.14617500769972683,
    0.14616058004004542,
    0.1461368785055775,
    0.14611227546582264,
    0.1460853753656518,
    0.14605096768334566,
    0.14601007046392625,
    0.14597646880280835,
    0.14593755123251959,
    0.14588768778647884,
    0.14584232604283784,
    0.14580433274535287,
    0.14577371610204345,
    0.1457600757279471,
    0.14576140308266552,
    0.14577064439342788,
    0.14577793550470927,
    0.14578176819433225,
    0.145793577793118,
    0.14581056514988153,
    0.14582763534174853,
    0.14584639791407125,
    0.14586027485337136,
    0.14586397522604433,
    0.14584750735142657,
    0.14581849776925412,
    0.1457655458630112,
    0.14569077189808413,
    0.14560151611044003,
    0.1454961109078062,
    0.1453662294321295,
    0.1452076990032554,
    0.14502702366062256,
    0.14483426072413907,
    0.14463173871360152,
    0.14442088930416636,
    0.14420880977072686,
    0.1439929125813611,
    0.14378018219402472,
    0.14357533686343052,
    0.1433881218193591,
    0.14321930366431562,
    0.14305942038801955,
    0.14290659317907645,
    0.14274538063311082
  ],