{
  "x0": [
    0.7979934467004552,
    0.09830737539638258,
    0.10369917790316224,
    0.6115323957189674,
    0.6115323957189674,
    0.9076343797766696
  ],
  "x": [
    0.24489260673078542,
    0.7194634433545524,
    0.03564394991466233,
    492.34595085237294,
    14.769928157824463,
    0.9076343797766696
  ],
  "SSE": 0.017887198933028772,
  "a1": 0.24489260673078542,
  "a2": 0.7194634433545524,
  "a3": 0.03564394991466233,
  "a": 492.34595085237294,
  "b": 14.769928157824463,
  "c": 0.9076343797766696,
  "exp_data": [
    1.0,
    0.947918133626762,
    0.8968459435456171,
    0.847685644029215,
    0.8010513155270526,
    0.7570909991760438,
    0.7160258263445675,
    0.6780820742415065,
    0.6434562445280064,
    0.6121880369859347,
    0.5841459212013612,
    0.5590253658068114,
    0.5364647178623706,
    0.5161026903309396,
    0.49763177309971224,
    0.4807946180139815,
    0.4653804411582124,
    0.45121730539175847,
    0.4381538340900808,
    0.4260578481527289,
    0.41482253395061236,
    0.4043571969640596,
    0.39459144513514377,
    0.38545141127038357,
    0.3768848995645539,
    0.36883719505791707,
    0.3612627861546994,
    0.3541247576552474,
    0.3473870464778743,
    0.3410288897112452,
    0.3350124212773565,
    0.32930388420432793,
    0.3238790041737878,
    0.31871792620324435,
    0.3138031429163141,
    0.3091147694392966,
    0.304643380205892,
    0.3003647642529996,
    0.2962662642537038,
    0.2923425704842531,
    0.28857683904443243,
    0.28496270058812195,
    0.281492979902255,
    0.27815961963157226,
    0.27495731115016697,
    0.27187580948467566,
    0.26890789128161596,
    0.2660500699562767,
    0.26329713688851675,
    0.26063707254419766,
    0.2580717263075909,
    0.25559310336320745,
    0.2531920642858849,
    0.2508685550021052,
    0.2486232684119802,
    0.24644767678561533,
    0.24434540257308765,
    0.24230337913324007,
    0.24032443199109865,
    0.23840957584587463,
    0.23655169825325392,
    0.23474942524022951,
    0.23300006230630035,
    0.23129755160596133,
    0.22964779553824194,
    0.22804238363531498,
    0.22647640766955898,
    0.22495452299144467,
    0.2234758337801311,
    0.22204467849328577,
    0.22066062847808335,
    0.21933016630938967,
    0.21805436780952023,
    0.21682708868377026,
    0.2156468168294592,
    0.21451077041093672,
    0.21341922149003867,
    0.21236932240799938,
    0.21136093848691642,
    0.21039593387041594,
    0.20946531333104143,
    0.20856481624679574,
    0.20769528513958463,
    0.20685157129662934,
    0.20602967728879523,
    0.20523089975296274,
    0.20445477172464296,
    0.20369916822079526,
    0.2029625583142186,
    0.20224773075297964,
    0.2015504068940195,
    0.2008743974998424,
    0.20020769551240453,
    0.19955658589016437,
    0.19891463823682054,
    0.1982819536447064,
    0.19765827756527343,
    0.19704463561777066,
    0.19643669036164974,
    0.19584303327164898,
    0.19525888399571156,
    0.19468320837968048,
    0.1941142185061623,
    0.19354812807863495,
    0.19298860366603646,
    0.19243135605849418,
    0.19187514691560728,
    0.1913204885069035,
    0.19076591970681117,
    0.19021035572537687,
    0.1896513255694724,
    0.18908560586530931,
    0.1885236197976118,
    0.1879608665936143,
    0.18740107523155713,
    0.18684531475064123,
    0.18629850402559767,
    0.18576280210645763,
    0.18523726681428174,
    0.18472067979747056,
    0.18421072643672293,
    0.18370607222618104,
    0.18320406690739005,
    0.18271682144120893,
    0.1822393284086425,
    0.18177212426978193,
    0.1813196291824814,
    0.1808798260564951,
    0.18045332654989218,
    0.18004752056538312,
    0.17965759913832297,
    0.17927856460906624,
    0.1789146621197388,
    0.1785639082782548,
    0.17822359241150362,
    0.1779001362922424,
    0.17759283548304652,
    0.1772980469968841,
    0.17701356363110568,
    0.17673756234691523,
    0.17646740544492115,
    0.17620126706155026,
    0.17594036149764894,
    0.1756837031860236,
    0.17543142382500793,
    0.17518644524291457,
    0.17494406043714375,
    0.17469838478469127,
    0.17444432076391952,
    0.1741809852133663,
    0.17391352522618095,
    0.17364551962261443,
    0.17337962330642728,
    0.17311248169932483,
    0.17284954404193467,
    0.17259578343457097,
    0.17234436916434548,
    0.17209566237810353,
    0.17185094613208846,
    0.1716073508430853,
    0.1713614245190877,
    0.1711121471821033,
    0.1708645982954425,
    0.1706176007136138,
    0.170373901981281,
    0.17013045564965745,
    0.1698878914396583,
    0.16964666033147469,
    0.16940903766801266,
    0.16916998739839958,
    0.16893372550602215,
    0.16869924157304925,
    0.1684713790421397,
    0.16825112311472432,
    0.16803923937449142,
    0.16783679310675284,
    0.16764195682929378,
    0.16745801851978778,
    0.1672823547948513,
    0.16711363348424407,
    0.16695074196667775,
    0.1667907862620625,
    0.1666311413884501,
    0.16647487695544935,
    0.16632052465397887,
    0.16617063474756744,
    0.16601822508345024,
    0.16586405031876772,
    0.16571100875992273,
    0.16555332797216182,
    0.1653921291687198,
    0.16522587160831106,
    0.1650581887030467,
    0.1648958228175475,
    0.1647420780965353,
    0.16459958745164252,
    0.1644668605892153,
    0.1643501124451444,
    0.16424048590977958,
    0.16414089102976973,
    0.16404743225998597,
    0.163950910633742,
    0.16384754284009326,
    0.16373697976661325,
    0.16361855615008872,
    0.1634913689297044,
    0.16335546226386743,
    0.16321227522156184,
    0.16307026638465177,
    0.1629287972034376,
    0.16279247737128333,
    0.16265999309925852,
    0.16252966536012198,
    0.16240630291497843,
    0.1622899744102723,
    0.16219078120271765,
    0.1621027413987806,
    0.16201921570096695,
    0.16194483967447823,
    0.1618745283175583,
    0.16180965001404843,
    0.1617488784246823,
    0.1616837294009239,
    0.16161495575740611,
    0.1615460939183718,
    0.16147839613170825,
    0.16141020385021312,
    0.16134649264537151,
    0.1612829584266101,
    0.16122384219089522,
    0.16116677471351953,
    0.16111629160082255,
    0.16106983693553173,
    0.1610246216510205,
    0.16098054303632992,
    0.16093487483286814,
    0.16088581623075257,
    0.16083714161401644,
    0.16079114301799488,
    0.16074317418948436,
    0.16069402829234722,
    0.16064525316317252,
    0.1605943981535047,
    0.16054109983274514,
    0.16048408290977936,
    0.16042350718302278,
    0.160357051413012,
    0.16028155487684406,
    0.16019617813202514,
    0.160102833423683
  ],