{
  "success": true,
  "x0": [
    0.4804217301801281,
    0.34775980950459445,
    0.1718184603152774,
    0.4755293236761829,
    0.4745293236761829,
    0.373566416691037
  ],
  "x": [
    0.39138943317042457,
    0.6086105668295755,
    1.853308088592409e-18,
    37.6520833620856,
    10.173098115410564,
    0.373566416691037
  ],
  "SSE": 0.0006039845294054259,
  "exp_data": [
    1.0,
    0.9383380167236796,
    0.8775158706387329,
    0.8192551870462932,
    0.764928691729148,
    0.7149908869729839,
    0.6694883972876803,
    0.6280841294857119,
    0.5903463691428004,
    0.5558810296015343,
    0.5243520003356408,
    0.4954637085925901,
    0.46893682397586267,
    0.4445189645456584,
    0.42198027350384715,
    0.4011228102796965,
    0.3817719478440089,
    0.36377981598960146,
    0.34701577160108255,
    0.33136402976564283,
    0.31672392499218444,
    0.30300824900039475,
    0.2901401104238892,
    0.2780454440815005,
    0.2666596196780373,
    0.2559274912442693,
    0.2457977555669137,
    0.23622250319983257,
    0.22715957374894538,
    0.21857171069164408,
    0.21042297380900588,
    0.20268202822016948,
    0.19532219213862909,
    0.1883197875681236,
    0.1816518779129224,
    0.1752987117114854,
    0.16924201989890647,
    0.16346314201680523,
    0.15794529152536035,
    0.15267308966463372,
    0.14763168816885908,
    0.14280748207739252,
    0.13818879930201478,
    0.13376175305746885,
    0.12951721563054633,
    0.1254448393918325,
    0.12153491119725804,
    0.11777856210096908,
    0.11416727821317599,
    0.11069268272614019,
    0.1073475821540715,
    0.1041253945882917,
    0.10101983581164088,
    0.09802544274592129,
    0.09513827248074014,
    0.09235264386198037,
    0.08966468546125826,
    0.08706908364572992,
    0.08456109206407243,
    0.0821364398152206,
    0.07979255525983342,
    0.07752561575814555,
    0.07533221009488193,
    0.0732088697871103,
    0.07115347059545465,
    0.06916337648436191,
    0.06723605489904858,
    0.06536876749459075,
    0.06355944825254513,
    0.061805463973087615,
    0.060105236286189474,
    0.05845669081706107,
    0.056858347295903874,
    0.055308130659524786,
    0.053805040255673356,
    0.05234746187761739,
    0.05093368399322169,
    0.04956266672063774,
    0.0482338821840579,
    0.0469457988860853,
    0.04569741459697305,
    0.044486884443125284,
    0.04331285916333785,
    0.04217361046027762,
    0.04106868119009784,
    0.03999622916604938,
    0.0389553940186591,
    0.037945386555448386,
    0.03696517210166115,
    0.03601351852938619,
    0.03508953492286506,
    0.03419197134450169,
    0.03331909334357661,
    0.032470332405540786,
    0.031644927586493295,
    0.03084255555986729,
    0.030063016147582666,
    0.02930613672577209,
    0.02857121472524095,
    0.027857593187908886,
    0.027164042785423333,
    0.026490063417778063,
    0.02583472276777416,
    0.025197862811293357,
    0.024578870998141884,
    0.023977121145792132,
    0.023392820207378724,
    0.0228252740644446,
    0.02227382604700965,
    0.021737622657287927,
    0.021215951783458392,
    0.02070818892575482,
    0.020213907978767414,
    0.019733068670747523,
    0.019265321811046638,
    0.018810725161970087,
    0.01836937410755714,
    0.01794059535983888,
    0.017524115306736605,
    0.017119164448530618,
    0.016725783475486547,
    0.016343861455504614,
    0.01597320313046262,
    0.015613476391567887,
    0.015264159461823131,
    0.014924889665707295,
    0.014595093861813737,
    0.01427452527260136,
    0.01396252300874927,
    0.01365912417187297,
    0.013364033665560882,
    0.013077016566397358,
    0.012798262032030914,
    0.012527419094502541,
    0.012263680448939605,
    0.012007120292469448,
    0.011757654790776386,
    0.011515023728183213,
    0.011279237599430543,
    0.011049839484695305,
    0.010826573788754628,
    0.010609409282896037,
    0.010397901858414405,
    0.010191421282918486,
    0.009989819373644281,
    0.009792730069778682,
    0.009600179533247408,
    0.009411807445339824,
    0.009227682058965831,
    0.009047426696385722,
    0.008870952894261167,
    0.008698301203296436,
    0.008529553999019895,
    0.008364892287741866,
    0.00820418017184123,
    0.008047402125077485,
    0.007894434999625034,
    0.007744841151801649,
    0.0075983683560888506,
    0.0074551604469670915,
    0.007315016889437955,
    0.00717793152041239,
    0.007043725359412041,
    0.006912554128100387,
    0.0067840065931990615,
    0.006658046659274668,
    0.006534597365379294,
    0.006413743003954028,
    0.006295411020081446,
    0.006179537653880761,
    0.006065998328912224,
    0.005954886244590617,
    0.005846273722597897,
    0.0057403897869343105,
    0.005636882145796872,
    0.005535934260972392,
    0.005437430260962718,
    0.005341336148791304,
    0.005247341574534273,
    0.005155631433109309,
    0.005066018251670348,
    0.0049783811665225376,
    0.004892850099053402,
    0.00480936378420382,
    0.004727694926102717,
    0.004647812018109497,
    0.004569629595210559,
    0.004493083409810929,
    0.004418202970922084,
    0.004344700112035942,
    0.0042725387755573035,
    0.004201736861805118,
    0.004132253545785112,
    0.00406402615701582,
    0.003996928211547887,
    0.003931036019728919,
    0.003866213375108369,
    0.0038025738806983416,
    0.0037399996689522204,
    0.003678517303910041,
    0.003618134740062994,
    0.0035588068825574974,
    0.003500496269677942,
    0.00344328887254376,
    0.003387089361507472,
    0.00333182553600428,
    0.0032776226070897452,
    0.0032244680734401913,
    0.0031722173161508604,
    0.003120750313624931,
    0.0030700993735606427,
    0.003020232277432855,
    0.0029711214120572145,
    0.0029226616228890077,
    0.002874881781413888,
    0.0028277887087439055,
    0.002781346458431257,
    0.002735585575924231,
    0.002690468436825699,
    0.002645998599628334,
    0.002602119161107855,
    0.002558753868277083,
    0.0025159521403074108,
    0.0024737524241324627,
    0.0024321389921709235,
    0.002391126445506169,
    0.002350658988697251,
    0.0023107190672371444,
    0.0022713163322149424,
    0.002232354463222503,
    0.002193857334181087,
    0.002155847308017192,
    0.0021183838978742525,
    0.0020815268630738205,
    0.00204527001404368,
    0.0020095069300374263,
    0.0019742423834575393,
    0.0019394358184382282,
    0.001905142164718487,
    0.0018714068430002774,
    0.0018381796097239693,
    0.0018054311540528576,
    0.0017731906517594682,
    0.0017415102167647825,
    0.001710318192095424,
    0.0016795556857787121,
    0.0016491978908421585,
    0.001619201893930388,
    0.001589613068946716,
    0.0015604474604434802
  ],