{
  "x0": [
    0.43880345880730387,
    0.36797332239005726,
    0.19322321880263876,
    0.3831318191373695,
    0.3831318191373695,
    0.9579916125607553
  ],
  "x": [
    0.440225624209489,
    0.5648711805896383,
    0.0,
    33.6422643790781,
    8.723515554451104,
    0.9579916125607553
  ],
  "SSE": 0.00010328858494409214,
  "exp_data": [
    1.0,
    0.9337566886676447,
    0.8685136283290641,
    0.8063597667890734,
    0.7489888714863924,
    0.6969959746008956,
    0.6503652845059834,
    0.6085077046987907,
    0.5707108780878705,
    0.5363924486133479,
    0.5051015589875602,
    0.476497248506954,
    0.4502795347673925,
    0.4261916044935855,
    0.4039966007775057,
    0.38349425537079423,
    0.36450840528714407,
    0.346892113778999,
    0.330513578981612,
    0.3152597200790619,
    0.3010240913574969,
    0.28771431967543537,
    0.275256720015497,
    0.2635787443304924,
    0.2526126786111164,
    0.24230319756334984,
    0.23259841019087593,
    0.22344312525628005,
    0.21479074617043165,
    0.20660256449232364,
    0.19884074721851236,
    0.1914770620285849,
    0.1844858318559332,
    0.17784105506977677,
    0.17152175317600754,
    0.16550774316506386,
    0.15977976955991724,
    0.15431554960062838,
    0.14909652899359918,
    0.14410603203035272,
    0.13933091941855413,
    0.13475694477238653,
    0.13037279441801422,
    0.12616638359701318,
    0.12212948755957924,
    0.11825131306982371,
    0.1145245650483055,
    0.11094024712574645,
    0.10748997748822703,
    0.10416432078318949,
    0.10095615645238949,
    0.09786043632893007,
    0.0948735211660077,
    0.09199277476989144,
    0.0892126774159142,
    0.08652626393584331,
    0.08392949778218554,
    0.08141883588405734,
    0.07899091532681315,
    0.0766423532049585,
    0.0743715114020404,
    0.07217492622841568,
    0.07004835295872637,
    0.06798887759598317,
    0.06599399188095162,
    0.06406151675348447,
    0.062189137559318014,
    0.06037307368795887,
    0.05861072157442389,
    0.056900639217782274,
    0.05524020356386478,
    0.05362746193564088,
    0.052061172336804275,
    0.050539963812287945,
    0.049062813743646044,
    0.04762620043579292,
    0.04622868769599763,
    0.04486944252129786,
    0.04354847965743226,
    0.04226439060001475,
    0.041017194743102704,
    0.03980540207608785,
    0.0386288439367519,
    0.03748637924449208,
    0.03637877046574258,
    0.035304588101344535,
    0.03426340555187265,
    0.03325489978248675,
    0.03227809019671507,
    0.031331588365768444,
    0.030414645794033468,
    0.029525528242323833,
    0.028661967350638105,
    0.02782357166847441,
    0.027009567583112327,
    0.026218911917686237,
    0.025451129870070033,
    0.024706410913871026,
    0.02398444844338872,
    0.023285423457797324,
    0.022608275565574616,
    0.021952344974655615,
    0.02131574648479935,
    0.020697816406392122,
    0.0200985759552885,
    0.01951705935841532,
    0.018953238234090487,
    0.018406433410042305,
    0.017876087484049778,
    0.01736100199674755,
    0.016859643559337854,
    0.016372269111822674,
    0.015897519548333384,
    0.015436019423582746,
    0.014987171999526195,
    0.014551327065603999,
    0.014128412697175028,
    0.01371788146421017,
    0.013319473644641217,
    0.012932560645220524,
    0.012557217719626501,
    0.012193398981945307,
    0.011841006291200325,
    0.011499854253313247,
    0.011169526316221728,
    0.010850161499538328,
    0.010540919113422715,
    0.010241727164784217,
    0.009951492053661514,
    0.009670278188154604,
    0.00939782662611858,
    0.009133369731197567,
    0.008877127107143824,
    0.008629003450422017,
    0.008388007690831688,
    0.008154155513573185,
    0.00792691297399437,
    0.007706105053336939,
    0.007492159667157074,
    0.007284990380747256,
    0.007084082265047917,
    0.006889302835801448,
    0.006700081285392315,
    0.006515756113438542,
    0.006335765222851065,
    0.006159686306162171,
    0.00598777465582003,
    0.0058200599181724684,
    0.005656558509273218,
    0.0054969530148447415,
    0.005341325864376887,
    0.005189545702856261,
    0.005041784269989466,
    0.004898133521179949,
    0.004758216079079984,
    0.0046222396697901645,
    0.0044898794865623395,
    0.0043606838675553875,
    0.004234850518762927,
    0.004112070008169126,
    0.003992297154140077,
    0.003875328984837336,
    0.0037610428841423423,
    0.0036495233152923526,
    0.0035403356859837905,
    0.0034334234652993703,
    0.003328648451871793,
    0.00322619803163721,
    0.0031262195120254645,
    0.0030284614046577245,
    0.00293292109141125,
    0.002839841486618399,
    0.002749539273945883,
    0.0026624827165413357,
    0.0025780246097127325,
    0.00249619994766389,
    0.002417139816350686,
    0.002340431537451868,
    0.0022657935861426864,
    0.0021937682232238734,
    0.0021239319353119545,
    0.0020563233091422267,
    0.00199148666719123,
    0.001929232354640136,
    0.0018693008909931928,
    0.0018113718457159898,
    0.0017555295870793938,
    0.0017017941518193578,
    0.0016500515752495312,
    0.0015998634787919128,
    0.0015511371945876088,
    0.0015039929993652741,
    0.0014584727362571027,
    0.0014143582147318344,
    0.0013716675799978434,
    0.0013303073133324713,
    0.0012900157522687712,
    0.0012509640317639118,
    0.0012131418550788942,
    0.0011764781187292065,
    0.001140966940132891,
    0.0011065087404573133,
    0.001073101996641631,
    0.001040843733152476,
    0.0010096528499068354,
    0.0009794338134025866,
    0.0009504861100263385,
    0.0009228324284033909,
    0.0008962219809298999,
    0.0008704171320762588,
    0.0008453683347023576,
    0.000821210349971053,
    0.000797746979992568,
    0.0007748144158015856,
    0.0007523905454914273,
    0.0007304009151164713,
    0.0007087422378784567,
    0.0006874155238089638,
    0.0006664741989280311,
    0.000645843128627053,
    0.0006255089393443896,
    0.0006054629821933314,
    0.0005857157097300392,
    0.0005662249371971909,
    0.0005471496552622789,
    0.0005284719466597124,
    0.0005103563668955543,
    0.0004928815897682753,
    0.0004759966419702932,
    0.0004595346915693521,
    0.00044353563609404273,
    0.0004280878241580311,
    0.00041312529337802177,
    0.0003985914857694084,
    0.00038436179826554313,
    0.00037035474919637306,
    0.0003565855924719417,
    0.00034303563429376015,
    0.00032970069445893674,
    0.000316576575363822,
    0.00030362981847098584,
    0.00029085122063585937,
    0.0002782559607005152,
    0.0002658886160675536,
    0.00025375479625316597,
    0.00024187483254556363,
    0.00023020538218404852,
    0.00021882075346762393,
    0.0002077218439434865,
    0.00019688987480236778
  ],