{
  "x0": [
    0.38950292992725527,
    0.33713690426788173,
    0.27336016580486294,
    0.8097660776739711,
    0.15428351728188866,
    0.30175213274873824
  ],
  "x": [
    0.2918874687486261,
    0.7081125312513739,
    0.0,
    53.32610488792261,
    13.028008254970546,
    0.30175213274873824
  ],
  "SSE": 0.0015869847112339186,
  "a1": 0.2918874687486261,
  "a2": 0.7081125312513739,
  "a3": 0.0,
  "a": 53.32610488792261,
  "b": 13.028008254970546,
  "c": 0.30175213274873824,
  "exp_data": [
    1.0,
    0.947918133626762,
    0.8963333132728636,
    0.8461923784336427,
    0.798157775398455,
    0.752441127906329,
    0.709269503039376,
    0.6688381804965904,
    0.6312921685049363,
    0.5966452877380742,
    0.5647910107987102,
    0.5355160362700638,
    0.5085712169678275,
    0.48370593937072154,
    0.46069992326067627,
    0.4393556975532137,
    0.4195078292687274,
    0.4010123286007821,
    0.3837357785268269,
    0.36756788714774374,
    0.352405704997909,
    0.33816443880491104,
    0.32476794822177335,
    0.3121424976049588,
    0.30022754453685013,
    0.2889656018265538,
    0.27830784214765986,
    0.268213508698069,
    0.2586426996514943,
    0.24956682852491213,
    0.24094958481311615,
    0.23275405346327643,
    0.2249516936300393,
    0.21751916704745491,
    0.21043254977125342,
    0.20366857069175925,
    0.19720863405572517,
    0.1910345347706777,
    0.1851320276855564,
    0.17948730621303852,
    0.17408438239376547,
    0.16891009151290162,
    0.16395429823647487,
    0.15920115436198456,
    0.15464029387767114,
    0.1502602980611153,
    0.14604995593785078,
    0.14200073248699688,
    0.13810452607340176,
    0.1343532394277419,
    0.13074102556210296,
    0.12725992809784722,
    0.1239023501292073,
    0.12066312399280964,
    0.11753803570742871,
    0.11452263590381342,
    0.11161352714347855,
    0.10880385331190845,
    0.10608777495759941,
    0.10346035892630757,
    0.10091953600340255,
    0.09845864523900338,
    0.09607515083086478,
    0.0937641912135385,
    0.0915246399257344,
    0.0893530827133544,
    0.08724598600153682,
    0.08520252934297526,
    0.08322189352460638,
    0.08130025297133738,
    0.07943642273236289,
    0.07762872462742929,
    0.07587570681364732,
    0.074174936648737,
    0.07252503662447606,
    0.07092495290118903,
    0.06937133004094101,
    0.0678640963356988,
    0.06640217897660226,
    0.06498525680415623,
    0.06361081425347079,
    0.062278003496199386,
    0.06098500272545916,
    0.05972915002825542,
    0.05850867536154669,
    0.05732256187511972,
    0.05616939425483028,
    0.055047407379473466,
    0.05395425753265272,
    0.05288962249179072,
    0.051852765776551804,
    0.05084224366513988,
    0.049855859773975844,
    0.04889411909455841,
    0.04795523550481633,
    0.047038784110521085,
    0.04614419014165276,
    0.045271224589682434,
    0.044419152356032436,
    0.04358762239677473,
    0.042774512897168944,
    0.0419803467188782,
    0.041205213971669465,
    0.04044896197608475,
    0.039710984969134035,
    0.03898997847357494,
    0.03828643382621308,
    0.03759989809772459,
    0.03692969389250056,
    0.03627508128981895,
    0.03563631783313822,
    0.03501201643033119,
    0.03440187291785253,
    0.03380567671106331,
    0.03322307858004259,
    0.032654543050505094,
    0.032099824160294166,
    0.031558627514832134,
    0.03103032898028615,
    0.030514258829811028,
    0.03000940259947234,
    0.029515539958026554,
    0.0290322848214723,
    0.028559566815284484,
    0.02809666303316769,
    0.027643496403346648,
    0.027200046202351752,
    0.026765794518142684,
    0.026340186588625112,
    0.02592356554610938,
    0.02551551055660865,
    0.025116470222957873,
    0.024726999973123106,
    0.024346460172298436,
    0.023973813752139868,
    0.023608757837295803,
    0.0232513358171201,
    0.022901177489375736,
    0.022558475198861085,
    0.022222517976873562,
    0.02189338671069704,
    0.021570782621652976,
    0.02125426428308843,
    0.020943357611430347,
    0.02063821147366545,
    0.020338518493643144,
    0.020043801437857042,
    0.019753736780645823,
    0.019468186568448353,
    0.019187003418856426,
    0.018910132967032436,
    0.01863775704161344,
    0.01836965634690648,
    0.018105789505908243,
    0.01784620892026601,
    0.01759104330911595,
    0.017340049899185295,
    0.017092913209326637,
    0.01684916387521666,
    0.01660952631118523,
    0.01637353098600702,
    0.016141102853140424,
    0.015912373929213693,
    0.015687400035962508,
    0.015465641050839163,
    0.015246993274270258,
    0.015031624111401727,
    0.014819647261864594,
    0.014610900300071294,
    0.014405392624335708,
    0.014203042816050535,
    0.01400391464685541,
    0.0138079947608758,
    0.013615429208147815,
    0.013426068183316563,
    0.013240089964215477,
    0.013057084086883247,
    0.012876990661540926,
    0.012699538965420065,
    0.012524810084129099,
    0.012352715694598964,
    0.012183089068004945,
    0.01201593288051363,
    0.011851443049842121,
    0.011689203764529539,
    0.01152938762938434,
    0.011371854154280362,
    0.011216471532150371,
    0.011063269256390574,
    0.010911976114303426,
    0.010762648735458796,
    0.010615186308569875,
    0.010469380860518882,
    0.010325455709722991,
    0.010183076937146554,
    0.010042542466235625,
    0.009903722658862125,
    0.00976687455127458,
    0.009631649156252397,
    0.009498098079839605,
    0.009366254418699052,
    0.009236113932935284,
    0.009107630170706251,
    0.0089809582941085,
    0.008855840687066107,
    0.008732173879155185,
    0.008609896348324729,
    0.008488965172438585,
    0.00836936555639441,
    0.008250978773601817,
    0.008133964464353447,
    0.008018109166225817,
    0.007903544264561357,
    0.007790145685909531,
    0.007678026122814145,
    0.007567165719733247,
    0.007457587335695049,
    0.0073492425247122135,
    0.007242149349485383,
    0.007136364102951927,
    0.007031909886735292,
    0.006928566151685622,
    0.006826451125076589,
    0.0067256404163184265,
    0.006626042154436332,
    0.006527722456052796,
    0.0064303826166112795,
    0.006333915055123067,
    0.00623840429731412,
    0.006143728013296418,
    0.006049903254898835,
    0.005956908515229593,
    0.005864818871069053,
    0.005773912932044373,
    0.005684296090588332,
    0.0055957881054016015,
    0.005508445817803467,
    0.005422136814978061,
    0.00533701509624288,
    0.005253128187522053,
    0.005170216756588755,
    0.005088264339030836,
    0.005007264169856709,
    0.004927458804296713,
    0.004848612171012307,
    0.004770594997242138,
    0.00469336575030048,
    0.004616779619318832,
    0.004540990991731223,
    0.004466017143419645
  ],