{
  "x0": [
    0.4176853741257999,
    0.4154485033039459,
    0.16686612257025416,
    0.7629305670331966,
    0.7550171228457883,
    0.6110160581122315
  ],
  "x": [
    0.13364367328749474,
    0.8115902321723921,
    0.05476628583518692,
    85.95105630608026,
    12.380972977767716,
    0.6110160581122315
  ],
  "SSE": 0.019894745257618862,
  "exp_data": [
    1.0,
    0.9217211769668491,
    0.8456477755230282,
    0.7745096733054763,
    0.710523006915347,
    0.6543040982186918,
    0.6055821338463045,
    0.5632277044190549,
    0.5258956510583201,
    0.49245818252293333,
    0.46221162640408164,
    0.43475505704798884,
    0.4097799464001846,
    0.3870156274496988,
    0.3661888200970029,
    0.34708101719260354,
    0.32948838005960257,
    0.31323894793547624,
    0.2981968401834666,
    0.28422532979928683,
    0.271237346653513,
    0.2591482561164182,
    0.2478733227421434,
    0.2373455468909247,
    0.22748814652221938,
    0.21823649327848682,
    0.20952964647999092,
    0.20131388658911342,
    0.19355565229679872,
    0.18620705533677034,
    0.1792493708173368,
    0.17266339616570398,
    0.1664390361068781,
    0.1605391735655304,
    0.15493682731139918,
    0.14961501624338627,
    0.14454595278582047,
    0.13971191115956552,
    0.13509485868930743,
    0.1306855929314704,
    0.1264758128153194,
    0.12246471679297535,
    0.11864067301403253,
    0.11498636302306901,
    0.1114903781634853,
    0.10814815852046769,
    0.10495213357719463,
    0.1019029601080886,
    0.098991505449132,
    0.09620483881801425,
    0.09353197678307178,
    0.09097995421157799,
    0.08853566191236266,
    0.08618331991555285,
    0.08391612589700692,
    0.08173088153091364,
    0.07962746071988469,
    0.07760657815434062,
    0.07564931638730765,
    0.07376297919120221,
    0.07194823517697972,
    0.07021027530260988,
    0.06854933095560294,
    0.06695653011419694,
    0.06542352089455304,
    0.06395856985292947,
    0.06255477823763801,
    0.06120178468067258,
    0.05990450958834373,
    0.05865205846118727,
    0.05743038634685343,
    0.0562305814956066,
    0.05505461147612535,
    0.053897362199872234,
    0.052773268600463975,
    0.05168033853639533,
    0.050607949849145135,
    0.049568702126330244,
    0.04856326182549964,
    0.04758692098723526,
    0.046641744380849254,
    0.045718594345368346,
    0.044829010293090076,
    0.04397254621266634,
    0.04315192019042096,
    0.04236456767315804,
    0.041597532699569034,
    0.040849166909417194,
    0.040127199033171336,
    0.039410696900774034,
    0.03871062454053764,
    0.03804086898624187,
    0.037409982072746255,
    0.03682417901819795,
    0.036278564596145174,
    0.03577883681807493,
    0.0353262501178931,
    0.03490732864885124,
    0.034508462890279715,
    0.03412956775875905,
    0.033754813828488654,
    0.03338291253931217,
    0.033018570471908266,
    0.032659614534488776,
    0.03230896209207251,
    0.031973394792760346,
    0.031668523222904185,
    0.03137779251637453,
    0.031107631561301235,
    0.03084611090873756,
    0.030583228268868404,
    0.030311452170462386,
    0.030041489395324257,
    0.029764721678705825,
    0.02947105710487609,
    0.029148092821951882,
    0.028791794187150686,
    0.028418775371794318,
    0.02803412898248758,
    0.02763850383569266,
    0.027239353048962304,
    0.02682773519208137,
    0.026410608478100006,
    0.025979876620914315,
    0.025548543294367756,
    0.025135691650859292,
    0.024741342620075067,
    0.02437314693698832,
    0.02402233135322044,
    0.02368586644173569,
    0.023362832196951944,
    0.02306688673444498,
    0.02278799187198653,
    0.02251927473319245,
    0.022267516024939114,
    0.022034104880096685,
    0.021822769752849885,
    0.021620955920624345,
    0.021437350987888466,
    0.02126537791333589,
    0.02110085549489893,
    0.020951021788268,
    0.020811696355230794,
    0.020683569183624823,
    0.02055196304572444,
    0.020420357400957777,
    0.020269568669953743,
    0.020113275660490017,
    0.019950585238824765,
    0.01979218047001742,
    0.019623767155473055,
    0.019454723719035203,
    0.019275286310660406,
    0.019096114880130344,
    0.018919279793092374,
    0.018759083784568434,
    0.018616164108527126,
    0.018499536436144284,
    0.01840896008636979,
    0.018336075845385866,
    0.01828351818578678,
    0.01825326541076746,
    0.018238553650240064,
    0.018235205048973167,
    0.018239672648223137,
    0.018261831913221498,
    0.018306665342957436,
    0.018367505054522507,
    0.018443604293179455,
    0.01852400261786699,
    0.018606834842846552,
    0.01870060333571675,
    0.018796232516622817,
    0.01888961903750986,
    0.018980949127832752,
    0.01906008558003012,
    0.019122136755400608,
    0.019179679529622493,
    0.01923694782904062,
    0.019294688864264532,
    0.019355742813368434,
    0.01941863663524188,
    0.019499815856956274,
    0.01958254318720309,
    0.019662583402521954,
    0.019745558319188953,
    0.01982928751836046,
    0.019926920808253278,
    0.02005123105977456,
    0.020205204969002175,
    0.020388783765066615,
    0.020594649700610087,
    0.02080848984011618,
    0.0210078919052178,
    0.021187984734524525,
    0.021332254740724345,
    0.021464258136109495,
    0.021574284093913605,
    0.02167215897676794,
    0.021747658897422043,
    0.021801518917442204,
    0.021824395674140497,
    0.021835866963687247,
    0.021835655984456012,
    0.021825354914539723,
    0.02181856724323991,
    0.021814126196998244,
    0.02181578481455327,
    0.021832872160467125,
    0.0218538694757978,
    0.02186557423269174,
    0.021872180452804514,
    0.021881508331578203,
    0.0218705752736213,
    0.021831195012728885,
    0.02178481237075493,
    0.021740496373351646,
    0.02170506127579784,
    0.021693982391464195,
    0.021705189081013113,
    0.021734348416826876,
    0.021758959635669557,
    0.021779739129418597,
    0.021815076122679602,
    0.02186253836574509,
    0.021915868525228713,
    0.02197740880645212,
    0.022043350282303777,
    0.02210508616395323,
    0.022140574820060186,
    0.022151491024776437,
    0.02213257613586952,
    0.022084679927851545,
    0.022010178447969778,
    0.02191475651395402,
    0.021794135744561065,
    0.02164226452485854,
    0.021467278584753606,
    0.021278792482781583,
    0.021081172195334712,
    0.02087572844484878,
    0.020671151068889625,
    0.020464993802815853,
    0.02026156341316042,
    0.02006613299244789,
    0.019884895238542498,
    0.01972250226905847,
    0.019561699905406658,
    0.019400946409331488,
    0.019224711943606077
  ],