{
  "x0": [
    0.3457584797685084,
    0.3722936323987989,
    0.2819478878326927,
    0.8038356246858153,
    0.8038356246858153,
    0.3342961107613236
  ],
  "x": [
    0.8031840334212318,
    0.18191463678184042,
    0.014901167859258779,
    12.528528078079361,
    121.25775854950047,
    0.3342961107613236
  ],
  "SSE": 0.011599113492766202,
  "exp_data": [
    1.0,
    0.9388409844170145,
    0.8788681589311294,
    0.8211425065796468,
    0.7663870360507274,
    0.7147783218942858,
    0.6665805989330585,
    0.6220648830516573,
    0.5814716863917316,
    0.5448567316117755,
    0.512073863012607,
    0.48277083347160915,
    0.45652366565148883,
    0.4329041808067154,
    0.41154397308667867,
    0.3921340636144123,
    0.37441977767200585,
    0.3581918756700306,
    0.3432667664513838,
    0.3294820937928868,
    0.3167066511656508,
    0.30483005624957427,
    0.2937703253625332,
    0.28343987449753627,
    0.2737760839629346,
    0.26471424577406044,
    0.2561969523836105,
    0.24818131318152548,
    0.24062157208800278,
    0.23349839736902556,
    0.22676507403144058,
    0.22038211110778658,
    0.21432035849253417,
    0.20855983183285517,
    0.2030783247425628,
    0.1978500268376115,
    0.19286476707394115,
    0.188098463987464,
    0.1835351428464629,
    0.17917241293460692,
    0.17499220196288678,
    0.17098701331677638,
    0.16714874562644494,
    0.16346609252841357,
    0.15993305562267726,
    0.15653871118574927,
    0.15327433063428816,
    0.1501360824569068,
    0.14712237779697798,
    0.14421715823095324,
    0.1414258715255167,
    0.13873559792458945,
    0.13613608636679345,
    0.13362597908550797,
    0.1312100168965435,
    0.128877476807262,
    0.12663429774227555,
    0.12446782180817387,
    0.1223753108386149,
    0.12035980042278913,
    0.11840848007536701,
    0.11652144168340833,
    0.11468941568593359,
    0.11290499420836318,
    0.1111726511099499,
    0.10948143352827137,
    0.10782167754425206,
    0.10620111889645445,
    0.10462460841734544,
    0.1030954303787218,
    0.10161252403452034,
    0.1001828499569992,
    0.09880716346060683,
    0.09748102062895007,
    0.09619966898317692,
    0.09496086414153064,
    0.09375896126817178,
    0.09259704834285509,
    0.09147795991647387,
    0.09040846174456835,
    0.08938080313549764,
    0.08839262646774779,
    0.08744045991879656,
    0.08651902382957499,
    0.08562608684733551,
    0.08476117867238411,
    0.08392204187392477,
    0.08310936792727336,
    0.08231809449260725,
    0.08155150875522048,
    0.08080428695949667,
    0.08007686793067388,
    0.07935541549200201,
    0.07864873590483965,
    0.07794594993442047,
    0.07724542728182324,
    0.07654729354144903,
    0.07585850917375425,
    0.07517408883229917,
    0.07450679487402563,
    0.07384808771515101,
    0.07319844074866548,
    0.0725568579065494,
    0.07191804211505372,
    0.07129063361664807,
    0.0706661636088321,
    0.07004479081948942,
    0.06942642823812337,
    0.0688157282341871,
    0.06820801819637373,
    0.06759963164033894,
    0.06698773623961381,
    0.06638118006382011,
    0.06576926194537114,
    0.06515675825374795,
    0.06454225451700346,
    0.06393028165091678,
    0.06333146516786407,
    0.06274075336039403,
    0.06216101504772095,
    0.06158976243238773,
    0.06102536925164894,
    0.060468782225500166,
    0.05992882336540153,
    0.05939735866692368,
    0.05887330783805704,
    0.05836046708857004,
    0.057859379822949863,
    0.057367675121265733,
    0.05689224858244876,
    0.056429073807694796,
    0.055976828277232736,
    0.0555402139836972,
    0.0551202738630727,
    0.05471110683927141,
    0.054322076047597076,
    0.053949179409553544,
    0.0535917698406101,
    0.053246414389499216,
    0.052917869965238236,
    0.05259806690670996,
    0.05228584185238628,
    0.051985599368464586,
    0.05169103174051897,
    0.051400016634040584,
    0.05111716801272742,
    0.050839991275867406,
    0.05055866166078907,
    0.05027139678190039,
    0.0499785038216272,
    0.04968297555303034,
    0.049393284399952504,
    0.049109169204641805,
    0.04882656316965695,
    0.048549011009899654,
    0.04828406695601886,
    0.04802201515522402,
    0.04776626172703707,
    0.047517868851700534,
    0.04727265115240289,
    0.04702195878148669,
    0.04676269291759053,
    0.04649790417925549,
    0.046228864097168275,
    0.04595757038762893,
    0.04568025270265625,
    0.04539735054791838,
    0.045114613397062665,
    0.04483049775295938,
    0.044544258842632876,
    0.04426027002082899,
    0.04397544623079021,
    0.04369982786633436,
    0.04343496656152995,
    0.04318017617393947,
    0.042938209271418865,
    0.04270596988194122,
    0.042485377087725915,
    0.042276266158790723,
    0.04207458095458878,
    0.04187575923899836,
    0.04167718893996507,
    0.041481618012280015,
    0.04128801260496574,
    0.04109745469409117,
    0.040914884738939554,
    0.04073048083481446,
    0.040544432811480596,
    0.04036094891358245,
    0.04017530317257549,
    0.03999068790330303,
    0.03981142438685838,
    0.039638308018507803,
    0.03947964513112528,
    0.039333064773791136,
    0.03919678793911825,
    0.039069209125780206,
    0.03896201152054437,
    0.038859726983911734,
    0.03876665161264023,
    0.03867563181714989,
    0.03857778588720557,
    0.03846969644773047,
    0.038348913364006566,
    0.03821598866699433,
    0.03807727474671779,
    0.03793090791450282,
    0.03777907831372126,
    0.03762769033445689,
    0.03747958400887447,
    0.03733854323175649,
    0.037199095007749636,
    0.037066076822054796,
    0.036943115502736094,
    0.03682921074702071,
    0.03673743731247998,
    0.036655003254851354,
    0.03657721399293059,
    0.03651073633831611,
    0.03644789252118307,
    0.036389629960865776,
    0.03633517697593954,
    0.036273556396708984,
    0.03620332902299245,
    0.03613261996852478,
    0.03606287602601522,
    0.03599285348581476,
    0.03592934470228705,
    0.03586175400253678,
    0.035795325544789036,
    0.03573452643811207,
    0.0356840009973689,
    0.035637753084874074,
    0.03559083564494643,
    0.03554605637813257,
    0.03549788195418684,
    0.03544091567217745,
    0.03538332328774348,
    0.03532784435079823,
    0.03527008877330551,
    0.035210862158203814,
    0.03515140889771144,
    0.035088373125259,
    0.03502164600823786,
    0.0349520780593348,
    0.03488058664019724,
    0.03480294985194889,
    0.03471515869132331,
    0.03461805842082265,
    0.03451699855139173
  ],