{
  "x0": [
    0.2941764901053974,
    0.2959750073411754,
    0.40984850255342725,
    0.8241266063553094,
    0.7033253660215887,
    0.5599273489924865
  ],
  "x": [
    0.08219610274828525,
    0.8261868177903479,
    0.09161699384102477,
    678.9724650812711,
    2.2667373636781876,
    0.5599273489924865
  ],
  "SSE": 0.014912813792539864,
  "exp_data": [
    1.0,
    0.6453827081728115,
    0.38585911730214606,
    0.26780936822071405,
    0.21233136170786393,
    0.1812721930044051,
    0.16153572096272714,
    0.14725455737791385,
    0.13636866634030465,
    0.1278014982594051,
    0.12094907086357493,
    0.11531414706501911,
    0.11058316130660971,
    0.10652644467998727,
    0.1029466391497185,
    0.0998125178910929,
    0.09702356944128973,
    0.09456414360584682,
    0.09241011944793308,
    0.09049160426863449,
    0.0888287694516548,
    0.08736025279875191,
    0.08600157063721757,
    0.08479315971212091,
    0.08372491920665388,
    0.0827495165789992,
    0.08178905481227454,
    0.08090390332789034,
    0.08010687485125928,
    0.07932214182267536,
    0.0785609815412581,
    0.07788874176404487,
    0.0773391363805579,
    0.07681537645002147,
    0.07629562002215048,
    0.07584711097152196,
    0.07546063318396583,
    0.07509300849815498,
    0.07473689740363683,
    0.07435140846272364,
    0.07399469768729143,
    0.07366884235911647,
    0.0733879439871903,
    0.07311631911329362,
    0.07283695921497518,
    0.07257469816604066,
    0.07233085401093227,
    0.07214738795126753,
    0.07194747356064143,
    0.07170800246181151,
    0.07143811177430877,
    0.07119178077796684,
    0.0709233173517479,
    0.07066475877383177,
    0.07045824937828207,
    0.07027311903925484,
    0.07008016061357741,
    0.06989400816486868,
    0.0696868665881915,
    0.06949851991589884,
    0.06932774883832082,
    0.06916493214454375,
    0.06905996729494812,
    0.06894601557737304,
    0.06881778575235907,
    0.06869635950171539,
    0.06855970131153952,
    0.06838287697906695,
    0.06821911525225066,
    0.06809991707795268,
    0.06805295169116615,
    0.06801416847226684,
    0.06797562671480137,
    0.06789104167147086,
    0.067837094032813,
    0.06779075424007558,
    0.06768189994651037,
    0.06758969935463663,
    0.06752396938881264,
    0.06746767434639311,
    0.06742283912770726,
    0.06732274934440573,
    0.06721901663367429,
    0.06713134703243809,
    0.06706870977952283,
    0.06701276010430027,
    0.06695495088240071,
    0.06689568583060697,
    0.06684754860897966,
    0.06678399604858268,
    0.06670647870138538,
    0.0666627737658342,
    0.0666528569890024,
    0.06661247026413594,
    0.06652785205089551,
    0.06647240554691211,
    0.0664542716281138,
    0.0664102694987987,
    0.06631133685010428,
    0.06622299905069617,
    0.0661548392798011,
    0.06603886794513113,
    0.06597471880356276,
    0.06593780101140805,
    0.06592719932755645,
    0.06589849031877869,
    0.0659143609902338,
    0.06585924920271398,
    0.06581309462274264,
    0.06577443575298801,
    0.065688673409847,
    0.06562128393784752,
    0.06561388349228092,
    0.06561601993929775,
    0.06557287715036943,
    0.065473740500485,
    0.06536985844431963,
    0.06527325930360095,
    0.06520677480318543,
    0.0651416779629958,
    0.06515080014626842,
    0.06518633840760352,
    0.06524024006640133,
    0.06520333021914256,
    0.0651702869081667,
    0.06509336701195699,
    0.06501924715218875,
    0.06499073397222326,
    0.0649805783520331,
    0.0649767860227183,
    0.0649496358063457,
    0.0648827820485435,
    0.06483900103045635,
    0.06476663809291984,
    0.06469436917844351,
    0.06463893009440157,
    0.06465066595906284,
    0.06457089655070157,
    0.06450099388740983,
    0.06448916101350262,
    0.06445322852908206,
    0.06439407542185871,
    0.06432429260082903,
    0.06427075438645719,
    0.06421693803913354,
    0.06420372932077699,
    0.06417960572256638,
    0.06418081461959188,
    0.0641603489200457,
    0.06415655857961718,
    0.06413258699265605,
    0.06408517398839282,
    0.06403795988769753,
    0.0640199895260263,
    0.06399443521999586,
    0.064010154466693,
    0.06401082042443869,
    0.06403700864116264,
    0.06409791598112696,
    0.06409971023636786,
    0.06408039968725066,
    0.06405655007677286,
    0.06406216411971917,
    0.06400002916821844,
    0.06391138277562586,
    0.06386825385326189,
    0.0638164567096738,
    0.06377021650622293,
    0.0637837802697708,
    0.06375863199329185,
    0.0636875469769785,
    0.06366681327611486,
    0.06363240039833094,
    0.06357146810345311,
    0.06351898918754557,
    0.06350599888661444,
    0.0634111039065015,
    0.0633586335976295,
    0.06334144215652622,
    0.0633650256454956,
    0.06335552591541795,
    0.06330213117072249,
    0.06330178634375844,
    0.06325820076288789,
    0.06323762876332151,
    0.06323357636717447,
    0.06320323059579397,
    0.06316863352256193,
    0.06312286836077152,
    0.06311131390315589,
    0.06308571606993696,
    0.06305954727728108,
    0.0630713287559597,
    0.06306736860735059,
    0.06305918003177058,
    0.06302889966300806,
    0.06305812459302534,
    0.06309412971212051,
    0.06314635306357182,
    0.06316682187901426,
    0.06318058955230152,
    0.06318422651705849,
    0.06324905678884536,
    0.06330114755497303,
    0.06331781070555445,
    0.06333414393338677,
    0.06329284469018688,
    0.06320412296460219,
    0.06317462664216275,
    0.06317647430331921,
    0.06316384522448308,
    0.06316673540759814,
    0.06321365665652391,
    0.06323937670716057,
    0.06322196899185457,
    0.06319016142743324,
    0.06317103244035818,
    0.06312496380455068,
    0.0631198646513863,
    0.06316873759010921,
    0.06323023175094082,
    0.06321985096543185,
    0.06319667525270777,
    0.0631906085799539,
    0.06321441975135152,
    0.06324444101378601,
    0.0633072060721998,
    0.06335055941277765,
    0.06336436069252904,
    0.06330033498123387,
    0.0632524594541956,
    0.06323912951424934,
    0.06318058415385581,
    0.06313467989796706,
    0.06314165384472502,
    0.06315010484033269,
    0.06307107753480296,
    0.06298020949138902,
    0.06289453614753701,
    0.06285176182173488,
    0.06284011306514513,
    0.06289118990514898,
    0.06295465884542158,
    0.06299795420616155,
    0.06300102685735072,
    0.06298501525209242,
    0.06299401084649793,
    0.06297547360399398,
    0.06295618676552131,
    0.06293957004309178
  ],