{
  "x0": [
    0.5122923722674324,
    0.10834939740832189,
    0.3793582303242457,
    0.5908364341990979,
    0.16657999247705654,
    0.27057035463102186
  ],
  "x": [
    0.08452212591201687,
    0.8745125843451196,
    0.0409652897428635,
    649.09253606111,
    2.741041521077392,
    0.27057035463102186
  ],
  "SSE": 0.011872748309378964,
  "a1": 0.08452212591201687,
  "a2": 0.8745125843451196,
  "a3": 0.0409652897428635,
  "a": 649.09253606111,
  "b": 2.741041521077392,
  "c": 0.27057035463102186,
  "exp_data": [
    1.0,
    0.7186124356942628,
    0.48755784348986897,
    0.34736547310658916,
    0.2666636273692557,
    0.21780652294049624,
    0.18690719573703382,
    0.1662979208243913,
    0.15181083713666518,
    0.14097844374690563,
    0.13251378339130887,
    0.12553625965248277,
    0.11967150378578226,
    0.11466482480615478,
    0.11036165030861682,
    0.1066278034733404,
    0.10338369602987522,
    0.10053932455864673,
    0.09802580544655734,
    0.09578280224746778,
    0.09377637497121132,
    0.09201678169897633,
    0.09048431243358755,
    0.08909157178354087,
    0.08784397478265471,
    0.08672449949955441,
    0.08569207131960457,
    0.08475834865191854,
    0.08389427362126854,
    0.08312587382368648,
    0.08240890000411849,
    0.0816955888503584,
    0.08103381615556919,
    0.08041961634240789,
    0.07981857849484322,
    0.07927119679475761,
    0.07877893230930309,
    0.07832274047026924,
    0.07786486000086423,
    0.07743007233986789,
    0.07703568256686348,
    0.07665884869605122,
    0.07629447899494553,
    0.07591694791934717,
    0.07555761253571944,
    0.07522404395922393,
    0.07488620789669119,
    0.07457632489265183,
    0.07434515565512567,
    0.0741126726528,
    0.07391015359890755,
    0.07371628673955284,
    0.07349442467375993,
    0.07325853835704262,
    0.07303686679673191,
    0.07282616691505413,
    0.07261767832551327,
    0.0723997933599292,
    0.072167319001609,
    0.07195260350748173,
    0.07174728289449915,
    0.0715626572476683,
    0.07139957037299757,
    0.07125635558682117,
    0.07113930833895019,
    0.07105030656264037,
    0.0709419538545598,
    0.07081574326139094,
    0.07069063893945855,
    0.07056083735781836,
    0.07040737381742847,
    0.07023547527758497,
    0.07010089202698525,
    0.06997094481188657,
    0.06983214790168843,
    0.06974874130428318,
    0.06965927102627605,
    0.06957356765801989,
    0.06949252494554588,
    0.06941117115600721,
    0.06931149838753065,
    0.06918080274612216,
    0.06904307075059045,
    0.0689122871660319,
    0.06879476281051985,
    0.0686886084554212,
    0.06858466133668557,
    0.06851636982313089,
    0.06844531208970597,
    0.0683891086524379,
    0.06833545210399389,
    0.06826747841014655,
    0.06817883229095673,
    0.06811673740024608,
    0.06805149281227092,
    0.06796380396888689,
    0.0678939390364938,
    0.06784876752812198,
    0.06775789336190205,
    0.06769182525672676,
    0.06763419452754245,
    0.06757840123389841,
    0.06754547411317068,
    0.06748343736391745,
    0.06742341596692793,
    0.06736521304603404,
    0.06729806471874313,
    0.06721798711960353,
    0.06715357188464809,
    0.06707858221393476,
    0.06698174185920865,
    0.06685890965816599,
    0.06680261161520948,
    0.06675829299133637,
    0.06671375311910394,
    0.06668489165624551,
    0.06662633147140372,
    0.06656102848778736,
    0.06648061990523803,
    0.06640912655031993,
    0.06630606065828495,
    0.06622068424515437,
    0.06617323759062076,
    0.06618321302570618,
    0.06615050583407914,
    0.0660887121808176,
    0.06602892131134158,
    0.06595863726643883,
    0.06590608879752258,
    0.06588170491787276,
    0.06585257695751792,
    0.06582183414298229,
    0.065795118516259,
    0.06574707904308805,
    0.0656807414428574,
    0.0656445193388635,
    0.06560122387174554,
    0.06553278418625395,
    0.06548892853173949,
    0.06543154470358035,
    0.06534404403257216,
    0.06524877801228225,
    0.06518016686518596,
    0.06511332399750626,
    0.06504814397350452,
    0.0649908562726562,
    0.06499561149854766,
    0.06500509472686779,
    0.06498931551341172,
    0.06495660329450964,
    0.06492396207516835,
    0.06493409145969489,
    0.06495015033577752,
    0.06495610169005295,
    0.06493070632790747,
    0.06492325582689498,
    0.06489161291740597,
    0.0648904517509051,
    0.0648890196916186,
    0.0648824417450557,
    0.06485864601420066,
    0.06481886262360093,
    0.06478885784366802,
    0.06474582589340538,
    0.06471176324083135,
    0.06469566684075065,
    0.06467415829531642,
    0.06465229193474813,
    0.06462872168472947,
    0.06461867092305154,
    0.06464908664531005,
    0.06463748314041053,
    0.06463459408723313,
    0.06461782013187875,
    0.06460118401235188,
    0.06458023655287315,
    0.06456690300713461,
    0.06456941532061201,
    0.06455852180199477,
    0.06458408563376596,
    0.06458976702223342,
    0.0645644267315835,
    0.0645310044236392,
    0.06449334148457343,
    0.06445470890307176,
    0.06440563430948605,
    0.0643476397759859,
    0.06427864925080003,
    0.064254647389855,
    0.06423906663448345,
    0.06421064717646056,
    0.06417180165943949,
    0.0641335502394862,
    0.06410982953354169,
    0.06408326729140908,
    0.06405347201752848,
    0.06404415806011395,
    0.06405214201840459,
    0.06405733637981346,
    0.06408186153666182,
    0.064102948058953,
    0.06412928437013998,
    0.06415594228059866,
    0.06415717194572293,
    0.06414500630335651,
    0.06416615674212675,
    0.06417695260920729,
    0.06416844685765355,
    0.064198397986759,
    0.06423510693782288,
    0.06427937182228684,
    0.06431469183756999,
    0.06433586871981983,
    0.06431906957778695,
    0.06425159161853448,
    0.06424053466033135,
    0.0642323832072755,
    0.06419329179041215,
    0.06417009708111895,
    0.06413182559837281,
    0.06412638655819582,
    0.06413151666618032,
    0.06412456339926696,
    0.06408273373481937,
    0.06402395502748265,
    0.0639705111443769,
    0.06391015522577766,
    0.0638908666277683,
    0.06387174234999332,
    0.06381652805497647,
    0.06376628659915456,
    0.06374774495812299,
    0.06370883648730398,
    0.06366321313459865,
    0.06365062925966058,
    0.06365880991180099,
    0.06364849438087242,
    0.06361566420440522,
    0.06355901239412182,
    0.06349143997327628,
    0.06341383625438089,
    0.06337760798165665,
    0.06338188630073051,
    0.06336414874617773,
    0.06336820231257495,
    0.0633862495514575,
    0.06338419685998488,
    0.0633923600660591,
    0.06337716241543809,
    0.06340105977321556
  ],