{
  "x0": [
    0.24804918992198022,
    0.272357310497429,
    0.4795934995805907,
    0.5514574585948641,
    0.5514574585948641,
    0.22989223998351116
  ],
  "x": [
    0.7698670281404958,
    0.23314025049038545,
    0.0,
    9.31150998034465,
    1226.1984495833424,
    0.22989223998351116
  ],
  "SSE": 0.0020181248988859557,
  "exp_data": [
    1.0,
    0.9299037796232936,
    0.8610447008033479,
    0.795427794024327,
    0.7350352243991951,
    0.6807117020913204,
    0.6324838521229376,
    0.5898339369395488,
    0.552061773336616,
    0.5185172548319761,
    0.4886807215612541,
    0.46213129511782236,
    0.43849584652215234,
    0.4174404998039672,
    0.39867666263797663,
    0.38193301283320397,
    0.3669619098161841,
    0.3535640209407819,
    0.3415553884619519,
    0.33076977207083635,
    0.3210603348703128,
    0.3123214445510835,
    0.30444307848139884,
    0.2973334084289449,
    0.29091074821200036,
    0.28509628491553607,
    0.27982189434425164,
    0.2750262423691219,
    0.2706626332301577,
    0.2666917612989054,
    0.263063589804153,
    0.2597643091223373,
    0.25676483279112944,
    0.2540339474294891,
    0.25154925245251786,
    0.24928099741266152,
    0.24719649777469868,
    0.24526648194144632,
    0.2434707816749831,
    0.24179282621757592,
    0.2402278303289224,
    0.23876957098073867,
    0.23741556277990183,
    0.2361577913984532,
    0.23499075400325087,
    0.23391050302276561,
    0.23291681257853228,
    0.23199908108323114,
    0.23114013056164845,
    0.23034343298982474,
    0.2296097420990749,
    0.22893910176580765,
    0.22832058200889888,
    0.2277564315189116,
    0.22723149524281744,
    0.22674276589498252,
    0.22627683864535614,
    0.22583265487268944,
    0.2254066190176847,
    0.22499197808111265,
    0.2245877631914214,
    0.2241900840702142,
    0.22379812124597329,
    0.22340911372296293,
    0.22301991126293297,
    0.22263797778856634,
    0.22225270172826891,
    0.2218633496062619,
    0.22146401088587805,
    0.22105668540573176,
    0.2206577594705469,
    0.22025621590694155,
    0.219855830566549,
    0.21946124134788647,
    0.21907950139611665,
    0.2187318691803138,
    0.2184159071258538,
    0.21811825739498777,
    0.2178403728975685,
    0.21757758593531024,
    0.21732988483677093,
    0.21710718505071613,
    0.21690167814410763,
    0.21670245178298328,
    0.21650769486859187,
    0.21631533155481975,
    0.2161239909621558,
    0.21593754789889172,
    0.21576409509834507,
    0.21559332997821032,
    0.21543458848347596,
    0.21529052207681595,
    0.21514961496686644,
    0.21499834196641382,
    0.2148292645946615,
    0.2146453338929128,
    0.2144600357581295,
    0.21428200152607857,
    0.21411076773684248,
    0.2139433671481066,
    0.21377103961798016,
    0.21359303421859263,
    0.21340093356580572,
    0.21319551890994376,
    0.21297147505147881,
    0.2127359478587765,
    0.21249422948682337,
    0.2122497202429847,
    0.2120280986584335,
    0.2118147945331236,
    0.2116150039544049,
    0.2114099389310553,
    0.21120049731700144,
    0.21099749019798797,
    0.21078907832978144,
    0.21058143369459117,
    0.2103790552101172,
    0.21017829734533405,
    0.2099682189820259,
    0.2097426487398258,
    0.2095011723303368,
    0.20924796426009895,
    0.208995650355864,
    0.208740925627976,
    0.20849323883547996,
    0.20826594514041155,
    0.20806650242339503,
    0.20787900712787882,
    0.2077081406914448,
    0.2075544593969538,
    0.20741555243825865,
    0.20728235426741304,
    0.2071544774000163,
    0.2070253389609974,
    0.2068897921656215,
    0.20675407875452176,
    0.2066033394102298,
    0.20642041729327604,
    0.20621789333525745,
    0.2059932788312468,
    0.20574238942393908,
    0.20546639967831762,
    0.20517048077531663,
    0.20486603705855558,
    0.20455588797489724,
    0.20426595339504583,
    0.20400922156335613,
    0.2037776602287452,
    0.2035687437529308,
    0.2033734875185746,
    0.20319164222505715,
    0.20303854196045099,
    0.20290273217782354,
    0.20277944007770687,
    0.20266619184642365,
    0.20254697554211587,
    0.20241913218177748,
    0.2022835311443791,
    0.20213902875603357,
    0.20198448516471446,
    0.2018229715913423,
    0.2016805235557903,
    0.2015546322430863,
    0.201436272667517,
    0.20131724988751704,
    0.2011987765114699,
    0.20108271335325084,
    0.20096433892726295,
    0.2008367503592768,
    0.20070169523129414,
    0.2005656379885124,
    0.20041736986132,
    0.20025607653222055,
    0.2000777625323895,
    0.19987790775122444,
    0.19966358428183856,
    0.19944789490782647,
    0.19923191079608787,
    0.19902783884678266,
    0.19883301635229236,
    0.19864738465792703,
    0.1984670304924616,
    0.19829939894176501,
    0.1981558080586084,
    0.19804289305803272,
    0.1979613885558587,
    0.19790446028811584,
    0.19786181631712563,
    0.19782665408960773,
    0.19779096620033906,
    0.19775665001623824,
    0.19772157965391768,
    0.19769255584561113,
    0.1976736255671249,
    0.19766561138914107,
    0.1976698451310624,
    0.19768494382889515,
    0.19770785341303693,
    0.19772891596882275,
    0.19774379948679935,
    0.19774150690216938,
    0.19771284638885642,
    0.19767271166586536,
    0.19761285685260385,
    0.1975274341618187,
    0.19742411355845702,
    0.1973138485583972,
    0.19719060877045405,
    0.19705007723545442,
    0.19691386144261777,
    0.19678693825652457,
    0.19667140707888348,
    0.19657612157992393,
    0.19651431882698883,
    0.19648881436314808,
    0.19648298285227433,
    0.19649181187015413,
    0.19651180241000468,
    0.19652887372006184,
    0.1965513214117876,
    0.1965739965417812,
    0.19659449690439768,
    0.19660478825083594,
    0.19660679690123856,
    0.1966057832979161,
    0.19660472535515033,
    0.19660557219726488,
    0.19661636572142696,
    0.1966330827253489,
    0.19666110499525072,
    0.19669220652649297,
    0.19672656720055667,
    0.1967663728401793,
    0.19680338168503703,
    0.19683563563360007,
    0.19686722734469952,
    0.19690760704489382,
    0.19694488480297107,
    0.19698360457756672,
    0.1970397101953314,
    0.1970932194348647,
    0.19713379286778956,
    0.19715679499038485,
    0.19715113287429595,
    0.19711862950723877,
    0.1970655364276869,
    0.1969931256097808,
    0.1968995952756507,
    0.19679850389314368,
    0.19668967598082682
  ],