{
  "x0": [
    0.4500603798725429,
    0.3393503341404897,
    0.21058928598696736,
    0.9442157251895876,
    0.9442157251895876,
    0.18533583603034973
  ],
  "x": [
    0.24458229310298538,
    0.7442516482164154,
    0.011165819334267298,
    1246.602923689338,
    9.866901015798751,
    0.18533583603034973
  ],
  "SSE": 0.0052223130646703985,
  "exp_data": [
    1.0,
    0.9308854602079807,
    0.86304555572992,
    0.7985828429981114,
    0.7395511634384246,
    0.6867944913573221,
    0.640238542956856,
    0.5992890550012709,
    0.5631568939288761,
    0.531158451243088,
    0.5027489767649771,
    0.4774948950661826,
    0.45501041983220447,
    0.4349554283539905,
    0.4170302206248655,
    0.40097533660429185,
    0.3865724428499321,
    0.3736200620010768,
    0.3619428601148999,
    0.35139206616162494,
    0.34185355800936595,
    0.3332128358968404,
    0.325369880959023,
    0.3182377392203547,
    0.31174293921988,
    0.30581276604907764,
    0.3003954604978159,
    0.29542502043211366,
    0.29085078878426457,
    0.2866510444564926,
    0.28279330930667906,
    0.2792620290178303,
    0.27601877629352634,
    0.27304170098615743,
    0.2702978561138748,
    0.2677583562250312,
    0.26540142991651305,
    0.2632185258675706,
    0.26118888858151207,
    0.2593068404502653,
    0.257554179165081,
    0.2559256849972617,
    0.2544167247492303,
    0.25300451595872475,
    0.25168185107993335,
    0.2504385482338165,
    0.24926987562541775,
    0.24816923665316842,
    0.2471302465322004,
    0.24613226094896912,
    0.24518713226933125,
    0.2442827277921268,
    0.24341122693089645,
    0.242567061969325,
    0.24174186683016316,
    0.24092721604568645,
    0.24011438184576006,
    0.23930574321730247,
    0.2385069269082959,
    0.23774543752053753,
    0.2370150108661631,
    0.23630943728466944,
    0.23563235459206722,
    0.23498733190142754,
    0.23436940639945059,
    0.23377620925569004,
    0.2332150270950522,
    0.23267809031769468,
    0.23216796348037053,
    0.2316790856858355,
    0.23120458928286278,
    0.23074121283305526,
    0.23031342648077713,
    0.2299055330782742,
    0.22950826494350868,
    0.22911042094574813,
    0.22871316840322767,
    0.22832574243712592,
    0.22793491589381873,
    0.2275430396678468,
    0.2271504911873304,
    0.22675706399594095,
    0.2263669453838174,
    0.22599469957456622,
    0.22565111995373344,
    0.22534316219136644,
    0.2250752468717708,
    0.2248384987595225,
    0.22462619967850378,
    0.2244343851367579,
    0.22425006249607515,
    0.22406401400335693,
    0.22385886694954163,
    0.2236406825953891,
    0.22339990268683327,
    0.22314167950147537,
    0.22286092317784206,
    0.22256005511359817,
    0.22223774702900811,
    0.2219073748914953,
    0.22159071491830892,
    0.22129522277474328,
    0.22102136736997122,
    0.2207762784641007,
    0.22054760561578401,
    0.22034023115837495,
    0.2201519135532422,
    0.21998115515557806,
    0.2198121776235868,
    0.2196366998465339,
    0.2194440425970982,
    0.21922749876336145,
    0.21898773187295406,
    0.21873898933512126,
    0.2184963139086923,
    0.21826411239194274,
    0.2180456884662955,
    0.21784153304776696,
    0.21764214571938417,
    0.21744996073142475,
    0.21724771582171573,
    0.21704823352850572,
    0.21685678172004713,
    0.216690626259313,
    0.21653904084076644,
    0.21641257116525256,
    0.21630894981359683,
    0.21623142580348384,
    0.21616450253309544,
    0.21610370646515878,
    0.21604100762662173,
    0.2159656613700101,
    0.2158684866944036,
    0.2157463823602286,
    0.21559867883980924,
    0.21543901378349967,
    0.21527321550503817,
    0.21510176975611606,
    0.2149276147791986,
    0.21474915636838987,
    0.21456016765917302,
    0.21436873991581926,
    0.21419196247934294,
    0.21403993501900545,
    0.21390896591236247,
    0.2137886828788998,
    0.21367523098502178,
    0.21356635961205162,
    0.21346383842907202,
    0.21337600030554044,
    0.21329487106069375,
    0.21322284831455468,
    0.21315625028940677,
    0.2130962805713244,
    0.2130343140502216,
    0.2129807419629818,
    0.21293291634698855,
    0.21289429114484448,
    0.2128535628543276,
    0.2127963320551785,
    0.2127353981266546,
    0.21265080887312715,
    0.21255126077593373,
    0.21243565948641915,
    0.21231425468477041,
    0.21217942472426007,
    0.21203054033611635,
    0.2118649158394355,
    0.2117036921532631,
    0.2115436317069643,
    0.2113914684014026,
    0.21124481335956852,
    0.21111050388421265,
    0.21097218049820032,
    0.210814679307928,
    0.21063757152125012,
    0.21045569860495733,
    0.2102609802358299,
    0.21007304455817902,
    0.20990193453549272,
    0.2097390676822724,
    0.20958563121710494,
    0.20943824689611576,
    0.2092968944211872,
    0.20916867186872895,
    0.20906655311439415,
    0.20898243936020236,
    0.20891628237196405,
    0.20885845151400165,
    0.20879845765477612,
    0.2087403208327402,
    0.2086853550869523,
    0.20863285097665177,
    0.20858709586920773,
    0.20854218222577067,
    0.2085024647194517,
    0.20846191364220085,
    0.20842752547284515,
    0.2084010237695959,
    0.20839409738133047,
    0.20841018439438666,
    0.2084311062216001,
    0.20845741586681613,
    0.20848415310126792,
    0.2084977723460071,
    0.2085168998357589,
    0.20854129356749881,
    0.20856262631246605,
    0.20857098081393835,
    0.20855872005841508,
    0.20852387868487154,
    0.20846489609787966,
    0.20839038170068394,
    0.20832872509531294,
    0.20827928735890464,
    0.2082428254568565,
    0.20822139384029018,
    0.20822182657907637,
    0.20824358660130862,
    0.20828164077295697,
    0.2083426929203083,
    0.20841244082691152,
    0.20849645619922375,
    0.20858343033771443,
    0.20866502974464224,
    0.2087348765668654,
    0.2087866712760362,
    0.2088235013956843,
    0.20883062251252535,
    0.20880378109659956,
    0.20875316309502315,
    0.20868590780637106,
    0.20860882970964637,
    0.20851948213607105,
    0.20841792637123116,
    0.20830146093510984,
    0.20816732455456616,
    0.2079940339686856,
    0.20778795089961788,
    0.2075608997679064,
    0.20732388587714654,
    0.20709022970601856,
    0.2068682569136343,
    0.20666375770318626,
    0.2064825063795117,
    0.20633046194901564,
    0.20621510872040633,
    0.20613052167449694,
    0.20607129942629385,
    0.20603252409381645
  ],