{
  "x0": [
    0.37634570528052663,
    0.21390909840766215,
    0.4097451963118112,
    0.4203474293189003,
    0.4203474293189003,
    0.5923791302350147
  ],
  "x": [
    0.25354947815644496,
    0.7579827567014854,
    1.652256673071744e-18,
    892.3215032341119,
    10.614954241897037,
    0.5923791302350147
  ],
  "SSE": 0.004100008126536731,
  "exp_data": [
    1.0,
    0.944186137326335,
    0.8888417736638269,
    0.8347558072004789,
    0.7826771097524393,
    0.7332264061405926,
    0.6869018056071141,
    0.6440999020822753,
    0.6050693920092584,
    0.5698821872542966,
    0.5384170603980795,
    0.5104016917097052,
    0.4854718120903207,
    0.4632622254239115,
    0.4434434161111596,
    0.42572184152174064,
    0.40984456411852027,
    0.39559496105738057,
    0.3827741068506498,
    0.37121063253753045,
    0.36075003794422494,
    0.3512722327652425,
    0.3426730459664984,
    0.33486428072374436,
    0.327755923933341,
    0.3212652019491765,
    0.31534355826850113,
    0.3099254182549725,
    0.3049561558868037,
    0.3003909050961882,
    0.2961875645123653,
    0.29230743335079157,
    0.28871623724077156,
    0.2853778234737289,
    0.2822707511120705,
    0.2793689489768235,
    0.2766572373491494,
    0.27410965246104585,
    0.27171473603601803,
    0.2694666393459226,
    0.26735106614164555,
    0.2653555719859679,
    0.26346925635684837,
    0.26168671247169406,
    0.26000532187229636,
    0.2584173134341142,
    0.2569253407011952,
    0.2555193024287229,
    0.25418709775244286,
    0.2529327741726827,
    0.2517459240364989,
    0.25061837840093604,
    0.2495408689794438,
    0.24850983211523606,
    0.2475273540269264,
    0.24658174366231778,
    0.24568251073536135,
    0.24482745405147532,
    0.2440037854914106,
    0.24321670537182094,
    0.24245515472895773,
    0.24171840117972276,
    0.24100709497920153,
    0.2403154828364245,
    0.2396423558959472,
    0.23898478746930596,
    0.23834025442153275,
    0.23770364913056227,
    0.23708397331575082,
    0.2364866417214826,
    0.23590656689533,
    0.23534582801919543,
    0.23481525572587492,
    0.23431343838287855,
    0.23383676477120144,
    0.23337987571850885,
    0.2329440341007218,
    0.23252750049112764,
    0.2321273093910203,
    0.23174146405177706,
    0.23136686641323037,
    0.2310072983373908,
    0.23064918299351475,
    0.2302854703919239,
    0.2299196786355809,
    0.2295429220836366,
    0.22915366946091076,
    0.22875083112023056,
    0.22832988158192763,
    0.2278955355804461,
    0.2274513858089946,
    0.22699274261351854,
    0.22651652708009407,
    0.2260337750055423,
    0.22555448985734072,
    0.22509612579186605,
    0.22464877157348287,
    0.2242183868048905,
    0.22380394586470578,
    0.22340725156122368,
    0.22302789546901286,
    0.22267256711391015,
    0.2223419364069125,
    0.22203175445592127,
    0.22173725897006047,
    0.22145581187914026,
    0.2211917066166336,
    0.22093779548968032,
    0.2206938375075178,
    0.22044692596353882,
    0.22019547134238288,
    0.21994058348835338,
    0.21968670967467854,
    0.21943320310630696,
    0.21918611447428418,
    0.21894631361442607,
    0.2187098576185512,
    0.2184843708334292,
    0.21827068973125277,
    0.21805783904715012,
    0.2178503862821229,
    0.21765355192100375,
    0.21746323704977247,
    0.2172751252505328,
    0.21707971270768478,
    0.2168801951011049,
    0.21667153046934115,
    0.21645746122601517,
    0.2162381051934045,
    0.21601016835363884,
    0.21577332512389874,
    0.21552559159608856,
    0.2152643425751994,
    0.21499799872112485,
    0.21473178012350103,
    0.21447367195630448,
    0.21422478441455028,
    0.21397930429113876,
    0.21373798117564358,
    0.2135062399960589,
    0.21328631943775148,
    0.21306985109956114,
    0.21285442347141503,
    0.21263618481342952,
    0.21241527587937006,
    0.21219664225828455,
    0.21197133205165847,
    0.21174067465451019,
    0.21151578543828511,
    0.21129298800477733,
    0.2110772346060331,
    0.21086556407982315,
    0.21065331339263635,
    0.210444769007313,
    0.2102381719914715,
    0.2100325514577308,
    0.20982149223927796,
    0.20960348232626913,
    0.20938827537215016,
    0.2091745995133146,
    0.2089624596362379,
    0.2087539969604485,
    0.20854728936921854,
    0.20834680299545388,
    0.2081478437012655,
    0.20795416546462916,
    0.20775631940717676,
    0.2075644468471029,
    0.20738325748598457,
    0.2072208822151432,
    0.2070637325272058,
    0.20690990786665672,
    0.20675673785082088,
    0.20659961019257841,
    0.20643859589864477,
    0.2062765930306379,
    0.2061055555365427,
    0.2059253522450043,
    0.20574120426274034,
    0.2055481836790667,
    0.20534373918842355,
    0.20513196793433278,
    0.2049135981030195,
    0.2046990380252967,
    0.2044939512391941,
    0.2043020212274261,
    0.2041214495548904,
    0.20396000607675094,
    0.20381268711497294,
    0.20367796954842582,
    0.20355898825305505,
    0.20345991665404006,
    0.20337143010340433,
    0.203282415104459,
    0.20320409836173758,
    0.20313299861975348,
    0.20306050778234302,
    0.2029871505828308,
    0.20291107613767198,
    0.20283845584653434,
    0.2027719114255406,
    0.2027069049848258,
    0.20264295940561172,
    0.20258157216586484,
    0.20252307101379677,
    0.2024677212546223,
    0.2024119963233133,
    0.20234652522419017,
    0.20228002335123343,
    0.20222502812662027,
    0.20217636813333825,
    0.2021297816031176,
    0.20208696404425436,
    0.2020362980199627,
    0.20198564212814255,
    0.20193120632018954,
    0.20187367563669847,
    0.20180514148065973,
    0.20172803997989183,
    0.20163548327194897,
    0.20152496734822653,
    0.20139972165175332,
    0.20126233888639244,
    0.2011252484287727,
    0.20098648779842682,
    0.2008435485876506,
    0.20069038631750055,
    0.20052784099448184,
    0.20036706401824075,
    0.20020740010146093,
    0.20005876637224126,
    0.19991666874058034,
    0.19977661594056859,
    0.19963746525501974,
    0.1994967099890798,
    0.19935600713029375,
    0.19921687947862454,
    0.1990821351009876,
    0.19894548558625316,
    0.19880986626039823,
    0.19866951346330064,
    0.19851961646308305,
    0.19836603686636364,
    0.19820801809077038,
    0.19804845122586845,
    0.19788552460368228,
    0.19771963306158702,
    0.19755281133376368,
    0.19738353605773093,
    0.19721949916755022
  ],