{
  "x0": [
    0.47403167264405227,
    0.17678384037813427,
    0.3491844869778134,
    0.31659579596890414,
    0.31659579596890414,
    0.8880167299018714
  ],
  "x": [
    0.3418972558974858,
    0.6668706815853381,
    0.0,
    21.305578458767606,
    10.834374963493204,
    0.8880167299018714
  ],
  "SSE": 0.00018835206272186633,
  "exp_data": [
    1.0,
    0.9349917923858696,
    0.8704391009612926,
    0.8078041067545207,
    0.7485180482257509,
    0.6932853452513701,
    0.6422939935342069,
    0.5954170278462528,
    0.5523906338811592,
    0.5129216023668209,
    0.47670997576336177,
    0.44346308092040787,
    0.412892435817872,
    0.3847403880841339,
    0.35877762729804613,
    0.3348006571758012,
    0.3126251594380155,
    0.2920970060300745,
    0.2730722440874666,
    0.2554203466730048,
    0.23903020904593036,
    0.22380337264337874,
    0.20964698142563007,
    0.1964787406213775,
    0.1842182922712694,
    0.17279479355901087,
    0.16214706381800742,
    0.15221701324945033,
    0.14295056819933627,
    0.13429728809386185,
    0.12621329065481074,
    0.11865991818191178,
    0.11159973896011226,
    0.10499841899981145,
    0.09882377714312965,
    0.09304771581963169,
    0.08764051511282057,
    0.08257597400376837,
    0.07783002021187907,
    0.07338260447543636,
    0.06921261261061136,
    0.06530120658342531,
    0.06162980022273182,
    0.05818258826330576,
    0.05494610427516689,
    0.051904304581195874,
    0.04904375533180342,
    0.04635120573389154,
    0.04381702330672884,
    0.041431744935312036,
    0.03918759386392768,
    0.03707517594596835,
    0.03508674269361559,
    0.03321402955041989,
    0.031449145263435764,
    0.02978492813993677,
    0.028215815695555264,
    0.026736990558945163,
    0.025341945273527365,
    0.024026218271560006,
    0.022784628951635785,
    0.02161266620983404,
    0.020505844854043855,
    0.01945995524720909,
    0.018471518147275306,
    0.017537277708392706,
    0.016653608565090555,
    0.015817614857154376,
    0.015027040071248965,
    0.014279200215074651,
    0.013571748606212932,
    0.012902576927865096,
    0.012269126192624555,
    0.011669819325314131,
    0.011102526240715008,
    0.01056513644228861,
    0.010054942031959838,
    0.009570731471936838,
    0.009111473704130919,
    0.008675720142463398,
    0.008261952433317187,
    0.007868971020759008,
    0.00749605189307078,
    0.007141931219696952,
    0.006805700761511817,
    0.006486729119368827,
    0.006183842500479839,
    0.005896432489122488,
    0.005623246367628431,
    0.0053635652729257036,
    0.005116558277713246,
    0.0048815274800641404,
    0.004657932981928147,
    0.004445131312322917,
    0.004242408755616891,
    0.004049062306213283,
    0.003864569274258538,
    0.0036882120818623127,
    0.003519934899367069,
    0.0033594952876871515,
    0.0032066471142912652,
    0.003061099638480788,
    0.002922432684324195,
    0.0027903937669994934,
    0.002664423109370206,
    0.002544135244705401,
    0.002429351404988593,
    0.00232015267659868,
    0.002216031529970915,
    0.00211668177044651,
    0.0020216886693649612,
    0.0019309718066433158,
    0.0018443622199526715,
    0.001761544005339397,
    0.0016824251098279703,
    0.0016070831643844484,
    0.0015352722622427207,
    0.0014668258489907069,
    0.0014015184458842339,
    0.0013391333723424832,
    0.0012795169866945187,
    0.0012228933869866414,
    0.0011689417359711412,
    0.0011173956390186208,
    0.0010681229569850545,
    0.00102108459178949,
    0.0009761448091342917,
    0.0009332023075897125,
    0.0008921245452026436,
    0.000852699893027381,
    0.0008149236360312975,
    0.0007788149317296449,
    0.0007443648795140095,
    0.0007114265266776631,
    0.0006798946053263107,
    0.000649704337124433,
    0.0006207963257535477,
    0.0005930670889459212,
    0.0005664410269327013,
    0.000540879070186735,
    0.000516245522393903,
    0.0004925503881949302,
    0.00046984778204567194,
    0.00044821908225379614,
    0.0004275252064479477,
    0.00040780901967735726,
    0.00038899508337909795,
    0.00037097763318454617,
    0.00035378921971999987,
    0.0003375040589090794,
    0.00032205619413528053,
    0.0003074181366208474,
    0.00029351631216167727,
    0.0002803127873350124,
    0.00026770900587455283,
    0.00025570110730595497,
    0.00024422895214606325,
    0.00023320181841317557,
    0.00022261823198376865,
    0.0002125042098618833,
    0.0002029134064102122,
    0.0001938300894883414,
    0.00018521377824776952,
    0.00017700056447833085,
    0.00016914663632983963,
    0.000161634211851096,
    0.00015447022026022003,
    0.00014754047031441994,
    0.00014090416427919286,
    0.00013452421554904383,
    0.00012841316587567137,
    0.00012252937177394094,
    0.0001168911779661131,
    0.00011144208483969595,
    0.00010620476515061873,
    0.00010112248741615241,
    9.617512100866101e-05,
    9.139113806582215e-05,
    8.679174897320364e-05,
    8.233171659389476e-05,
    7.805442306467952e-05,
    7.39812111945341e-05,
    7.00623092256587e-05,
    6.634723057566598e-05,
    6.282028875782308e-05,
    5.951186771119941e-05,
    5.639586498325853e-05,
    5.34535218378933e-05,
    5.067645001969226e-05,
    4.8059214221390743e-05,
    4.5608327505739645e-05,
    4.3276397152680667e-05,
    4.1087813453154365e-05,
    3.902052830283464e-05,
    3.704037113787903e-05,
    3.517020279051591e-05,
    3.338327189244373e-05,
    3.167231431158882e-05,
    3.001946506315362e-05,
    2.8405268370166215e-05,
    2.683287939530679e-05,
    2.529637827756424e-05,
    2.3823182463835127e-05,
    2.2393766798474902e-05,
    2.1015877446285468e-05,
    1.9704903262740377e-05,
    1.8458022162933816e-05,
    1.7249524090926528e-05,
    1.60795381373866e-05,
    1.4951250863445173e-05,
    1.3880104451716446e-05,
    1.2875483031335116e-05,
    1.1959081872500138e-05,
    1.1126593339067069e-05,
    1.0355245499346406e-05,
    9.620624688888751e-06,
    8.93517993308217e-06,
    8.308332065366687e-06,
    7.72329593846678e-06,
    7.169393370361146e-06,
    6.657563354017648e-06,
    6.177104302597303e-06,
    5.735878785240748e-06,
    5.324703943468466e-06,
    4.934354987242795e-06,
    4.5617905312484235e-06,
    4.216420669509579e-06,
    3.8874191372486225e-06,
    3.601391971231155e-06,
    3.350669481716585e-06,
    3.129112053471345e-06,
    2.9462232122670756e-06,
    2.778602422650844e-06,
    2.623161005374148e-06,
    2.479941152187812e-06,
    2.3379645416461073e-06,
    2.2051165360320883e-06,
    2.076694762517875e-06,
    1.9542944912614444e-06,
    1.8331915998645335e-06,
    1.7149741544929822e-06,
    1.6139206863928626e-06,
    1.5189805885053251e-06,
    1.4301752615547103e-06,
    1.3427533851804928e-06,
    1.2567198143902286e-06,
    1.1720794254485063e-06,
    1.0968197951658102e-06,
    1.0245803177177412e-06,
    9.537713522701545e-07
  ],