{
  "x0": [
    0.38561650805781306,
    0.12267391073875925,
    0.4917095812034277,
    0.34750460240983483,
    0.27454473674086405,
    0.2767473874997632
  ],
  "x": [
    0.36335007170214184,
    0.6430641767972971,
    3.2854084550582756e-18,
    21.415167094022507,
    10.00255889643737,
    0.2767473874997632
  ],
  "SSE": 0.00013470229757371044,
  "exp_data": [
    1.0,
    0.9308854602079807,
    0.8623646259553231,
    0.7963319223254206,
    0.7346236776748671,
    0.6780061122352987,
    0.6264877409327354,
    0.5796754267310058,
    0.537043567361108,
    0.49812530237549557,
    0.46252393723824475,
    0.4299040777206477,
    0.3999609396596011,
    0.3724371588873283,
    0.34709492621175214,
    0.32372724214754006,
    0.3021490776365986,
    0.2822015723325227,
    0.26373569633891725,
    0.2466238001795536,
    0.23075721706657407,
    0.21603725212685682,
    0.2023715789607689,
    0.1896733094678521,
    0.1778581600033279,
    0.16685649966502292,
    0.1566089259433335,
    0.1470547221084372,
    0.1381431015435557,
    0.12982519366206674,
    0.12205760765732229,
    0.11480364289969062,
    0.10802858440452869,
    0.10169899611556646,
    0.09578447456170074,
    0.09025610560452858,
    0.08508686693521479,
    0.08025186757701747,
    0.07572778471400536,
    0.07149437283249156,
    0.06752973362118642,
    0.06381403877326117,
    0.0603285975475287,
    0.057055695945231605,
    0.05398138305725355,
    0.05109162797222814,
    0.04837214496720205,
    0.04581204716287339,
    0.043401610197070256,
    0.04113247211941143,
    0.03899674884346892,
    0.036982760050478625,
    0.03508502999202286,
    0.0332955802428764,
    0.031607456450930355,
    0.030013583814099323,
    0.02850858620969056,
    0.027087317591409893,
    0.025745870753872534,
    0.024479016578493613,
    0.023282350440278574,
    0.02215193441508171,
    0.021084134217059774,
    0.02007458056532025,
    0.019119478844006305,
    0.018216547406529306,
    0.01736153993907196,
    0.01655173614234168,
    0.015784163683352347,
    0.015057312818172347,
    0.014367688637393662,
    0.01371350579634902,
    0.013092324199961496,
    0.012503205936736594,
    0.011943947143986377,
    0.011412191866659475,
    0.01090502834699014,
    0.010421238743133459,
    0.009960655809728356,
    0.00952138299713621,
    0.00910311848846397,
    0.008704721326609235,
    0.008325274829134666,
    0.007963392708221216,
    0.007618008935010163,
    0.007289103845427196,
    0.006975493280347436,
    0.00667637558274748,
    0.006390425142524623,
    0.006117434525652817,
    0.005856774787933447,
    0.00560780639364883,
    0.005370134508896733,
    0.0051430543892288455,
    0.004925866610366629,
    0.004718153528811175,
    0.004519910901354594,
    0.004330010233188715,
    0.004148859773887941,
    0.003976004136454288,
    0.0038107246381655735,
    0.003652209746972345,
    0.0035006353587789885,
    0.003355567498897108,
    0.003216537634233794,
    0.003082993226859373,
    0.0029548151960389854,
    0.0028325875325298784,
    0.0027158834353540767,
    0.002604431041059497,
    0.0024978377104980035,
    0.002395911634257645,
    0.0022982741443552104,
    0.0022047354480789873,
    0.0021152582938799413,
    0.002029714028428893,
    0.0019479859313111662,
    0.0018699817442923356,
    0.0017952385558181424,
    0.001723857960939264,
    0.0016554917268561688,
    0.0015902993247706057,
    0.0015280690861689625,
    0.00146837520854875,
    0.0014111501401381597,
    0.0013562129141665036,
    0.0013032895396156506,
    0.0012523988224026,
    0.0012034377523297188,
    0.0011563870459130698,
    0.0011114674179211153,
    0.0010685716277104638,
    0.0010279507418982712,
    0.0009892400218309261,
    0.0009521281998549981,
    0.0009164381969376888,
    0.0008820684851807724,
    0.0008489637825471109,
    0.0008170600833019059,
    0.0007863653880116631,
    0.0007565557809407714,
    0.0007276979339088403,
    0.0006998843850095209,
    0.0006731269461158153,
    0.0006472280735377263,
    0.000622370142276452,
    0.0005985864034462553,
    0.0005756015819860386,
    0.000553714310876779,
    0.0005329624207422208,
    0.0005131086655181187,
    0.00049421615572205,
    0.0004760810707883298,
    0.00045864541156082663,
    0.0004418595711359667,
    0.00042579910880855205,
    0.000410314853440228,
    0.0003951876813682888,
    0.00038048812316058325,
    0.0003662175420909729,
    0.0003523859998613106,
    0.0003389600916200416,
    0.0003259759593440426,
    0.00031333473221729804,
    0.00030109861771016066,
    0.00028929950253393696,
    0.00027795191302695284,
    0.0002668909020140067,
    0.0002562269824625233,
    0.00024582100741832547,
    0.0002357353116230627,
    0.00022592255381105632,
    0.00021642764147535988,
    0.0002071237925780466,
    0.00019805133432853673,
    0.00018913593169378996,
    0.00018036040829972965,
    0.0001718358778929111,
    0.00016358088181244278,
    0.00015558742606765755,
    0.00014787412669982263,
    0.00014053525648675386,
    0.00013349193054245677,
    0.00012681194564335182,
    0.00012053663347920918,
    0.00011474322694320197,
    0.00010935731863791044,
    0.00010422810280014366,
    9.928474777842068e-05,
    9.458616633293352e-05,
    9.009275902933655e-05,
    8.577374125144252e-05,
    8.163868815034987e-05,
    7.766118152253702e-05,
    7.377861117425527e-05,
    7.004095023464225e-05,
    6.640800503442193e-05,
    6.285297706048837e-05,
    5.937612546079605e-05,
    5.594596942758548e-05,
    5.257628305825136e-05,
    4.926272361156488e-05,
    4.603277614793756e-05,
    4.289127497106866e-05,
    3.986131495691414e-05,
    3.698891841029606e-05,
    3.426547417125518e-05,
    3.162743171447614e-05,
    2.907049807034361e-05,
    2.6604117003693136e-05,
    2.4288270087253633e-05,
    2.2146443567143618e-05,
    2.0229834442243085e-05,
    1.8553022479689974e-05,
    1.7038429027810045e-05,
    1.56173576403549e-05,
    1.4322477213307029e-05,
    1.3177350875519907e-05,
    1.2117638249639498e-05,
    1.1129718039264953e-05,
    1.0227762949231855e-05,
    9.398122573362356e-06,
    8.650350455722004e-06,
    7.961433980130563e-06,
    7.322247003850987e-06,
    6.72829084504628e-06,
    6.189069807594377e-06,
    5.69073234830143e-06,
    5.275586330828715e-06,
    4.920465169854033e-06,
    4.620879830773096e-06,
    4.377022038185258e-06,
    4.156136543117518e-06,
    3.958302834516002e-06,
    3.774165355335419e-06,
    3.5943252850296933e-06,
    3.4235261731129894e-06,
    3.257065341908498e-06,
    3.094957888853419e-06,
    2.9372189825712975e-06,
    2.7838638628720222e-06,
    2.6301516882886124e-06,
    2.476081210093943e-06,
    2.3216511746173945e-06,
    2.1716331407278897e-06,
    2.026042590466629e-06,
    1.8801110783785555e-06,
    1.7338374056658556e-06,
    1.592015594938246e-06,
    1.4498604783762898e-06
  ],