{
  "x0": [
    0.26580007454580845,
    0.29361578033265173,
    0.4405841451215397,
    0.4447026361528043,
    0.34750954946935303,
    0.6609985440160338
  ],
  "x": [
    0.3138777091842284,
    0.6993803735642804,
    0.0,
    22.198752727390353,
    12.732573233309475,
    0.6609985440160338
  ],
  "SSE": 0.0004940889875189912,
  "exp_data": [
    1.0,
    0.944186137326335,
    0.888566573135642,
    0.8338231248527539,
    0.7806226900356554,
    0.7295316357478275,
    0.6809967712022105,
    0.6353552333386336,
    0.5928016333679219,
    0.5533755139679688,
    0.5169632729422068,
    0.48335670219387356,
    0.45229377253959885,
    0.42352805069854704,
    0.3968459408731527,
    0.3720622911526947,
    0.34900626303247745,
    0.3275406858943073,
    0.3075334665897765,
    0.28886707276953627,
    0.27143157166276666,
    0.2551375655843324,
    0.23990181347568804,
    0.22565799871348985,
    0.21233085929811196,
    0.19985065654380182,
    0.18816061485738744,
    0.1772069796298445,
    0.1669395496407224,
    0.15730818794628457,
    0.14826982104324954,
    0.13978543355323622,
    0.13181699246772846,
    0.12432982189727201,
    0.11729317837500082,
    0.11068105957223925,
    0.10446307252466973,
    0.09861388311736462,
    0.09311147412070414,
    0.08793645615333823,
    0.08306545842920289,
    0.07848082805224248,
    0.07416126957813814,
    0.07009311035110023,
    0.06626332619169634,
    0.06265396026164076,
    0.05925003428277163,
    0.05603732397834321,
    0.05300625789489623,
    0.05014516011665125,
    0.0474451428850519,
    0.04489770128339589,
    0.042492099230056396,
    0.04021987749428249,
    0.03807311084676284,
    0.036043511406219794,
    0.034125158418590935,
    0.03231273907608251,
    0.030598061870791494,
    0.028978131418974543,
    0.02744705737199701,
    0.025998926704230915,
    0.024628460910352843,
    0.02333141698078672,
    0.022103231869125217,
    0.020939151209462877,
    0.01983645686434147,
    0.018791605437296605,
    0.01780265896773538,
    0.01686554797414835,
    0.015978428265106207,
    0.01513928172382005,
    0.01434506497166415,
    0.013593955995176361,
    0.012883018680987521,
    0.012209967114939067,
    0.011571975812872603,
    0.010967665935765281,
    0.010395509334828414,
    0.00985361974218792,
    0.009339570771249242,
    0.008851960924747873,
    0.008390129671364592,
    0.007952682743977793,
    0.007538156047105343,
    0.007145321224831523,
    0.006773247260120596,
    0.00642081393689351,
    0.006087183244653381,
    0.005770778380391324,
    0.005470343948071077,
    0.0051848868149452524,
    0.004914313750599381,
    0.004658157897955803,
    0.004415479448274429,
    0.004185403960818817,
    0.003966703554925153,
    0.003758894942883415,
    0.003561358354176858,
    0.0033735776594494985,
    0.0031954677314309206,
    0.0030271025973231547,
    0.002867811523726644,
    0.002716986651476605,
    0.00257402588408916,
    0.002438337022786249,
    0.0023096912930641966,
    0.0021881593452791792,
    0.002073054314005726,
    0.001963913306480301,
    0.0018602220380431547,
    0.0017618070149152535,
    0.0016688413940075134,
    0.0015807166976837428,
    0.001497141032696714,
    0.0014182858684731847,
    0.0013436466011040073,
    0.001272924382817253,
    0.0012059606028736384,
    0.0011424502406109983,
    0.0010821037060350616,
    0.0010251351795842903,
    0.0009711706989849951,
    0.0009201358542656781,
    0.0008716922126249181,
    0.0008258435567038538,
    0.0007826566035793078,
    0.0007418624322491701,
    0.0007034011762544686,
    0.0006669476466760044,
    0.0006323016703317167,
    0.0005994013835649827,
    0.0005681762258963414,
    0.0005385215453125146,
    0.0005104549070662193,
    0.0004839346772223316,
    0.0004588597156099262,
    0.0004350605818458977,
    0.00041242658784886347,
    0.0003909698735629912,
    0.00037058772387386506,
    0.0003511471738239577,
    0.0003326895538988035,
    0.00031525636733292664,
    0.00029863715031998344,
    0.0002828173476476758,
    0.00026775664789363833,
    0.000253350265075353,
    0.0002396088441713551,
    0.00022654307493194113,
    0.00021413788874691993,
    0.0002024168993339183,
    0.0001914081296833403,
    0.0001811095218493827,
    0.0001715060529452388,
    0.00016245293700430446,
    0.00015391729985933544,
    0.00014586612789892575,
    0.00013827060441234698,
    0.0001310931068050931,
    0.00012435670076622443,
    0.00011803233894471734,
    0.00011212569475824874,
    0.00010652473967866197,
    0.00010115188551827877,
    9.603845103606653e-05,
    9.124650875383191e-05,
    8.665886152145656e-05,
    8.233315400240194e-05,
    7.823512362777109e-05,
    7.435232569674641e-05,
    7.065467082320279e-05,
    6.708992734836067e-05,
    6.366293267054792e-05,
    6.036089698941383e-05,
    5.7170975196278524e-05,
    5.412890388601063e-05,
    5.120860542835654e-05,
    4.8401613718386745e-05,
    4.565063014379594e-05,
    4.306241648732435e-05,
    4.0628612837754716e-05,
    3.831412002153113e-05,
    3.6128239019995904e-05,
    3.404462991137177e-05,
    3.205469788433556e-05,
    3.0087231218075965e-05,
    2.816467795926871e-05,
    2.629614535314817e-05,
    2.4535627329343994e-05,
    2.291939676307264e-05,
    2.1407479018024448e-05,
    2.0009217714184586e-05,
    1.8733997677061565e-05,
    1.7591245168054168e-05,
    1.6572370500267324e-05,
    1.562355202145128e-05,
    1.4772168881567612e-05,
    1.3968721559171253e-05,
    1.3208835219856513e-05,
    1.250173403045097e-05,
    1.1829416011003457e-05,
    1.1232943695221763e-05,
    1.0657914774720869e-05,
    1.010896079372863e-05,
    9.586169154739785e-06,
    9.089627650785267e-06,
    8.60569927009001e-06,
    8.152747213373513e-06,
    7.717119771846696e-06,
    7.294284855031325e-06,
    6.879689981516302e-06,
    6.468762161796802e-06,
    6.056907785562577e-06,
    5.653346140410518e-06,
    5.248872490913308e-06,
    4.848105387813557e-06,
    4.4556843022351766e-06,
    4.0809018723820315e-06,
    3.709906013253101e-06,
    3.370565547381888e-06,
    3.044396778307969e-06,
    2.7407511664013854e-06,
    2.4410716240580758e-06,
    2.140707882075518e-06,
    1.848995957341825e-06,
    1.5706400718819993e-06,
    1.3010062443245897e-06,
    1.0729211986871321e-06,
    8.771467938671677e-07,
    7.13794445391917e-07,
    5.923789225206334e-07,
    4.848041492137296e-07,
    3.911180180617744e-07,
    3.160863485346768e-07,
    2.4088119541461947e-07,
    1.7968783781395703e-07,
    1.23086771598779e-07,
    8.057317643619983e-08,
    3.7960827028704404e-08,
    0.0,
    0.0,
    0.0,
    0.0,
    0.0,
    0.0,
    0.0,
    0.0,
    0.0,
    0.0
  ],