{
  "x0": [
    0.3008853191800763,
    0.3015328802026572,
    0.3975818006172664,
    0.7792111324844623,
    0.45041146182956665,
    0.8640179412136307
  ],
  "x": [
    0.07428626925025575,
    0.9390858363214702,
    0.0,
    77.59821812256988,
    8.672811862276179,
    0.8640179412136307
  ],
  "SSE": 0.0007731879255540327,
  "exp_data": [
    1.0,
    0.9121286334194944,
    0.8258089182941584,
    0.743556582078326,
    0.667860888457372,
    0.5997861362999255,
    0.5393711119638983,
    0.4859694631913083,
    0.43870327128995074,
    0.3967540263245977,
    0.35946875601106526,
    0.3263183083868211,
    0.29683513945729245,
    0.2705999328263189,
    0.24724992378894117,
    0.22644212427099505,
    0.20786480997597367,
    0.1912675759130929,
    0.17641828063396878,
    0.16310624817443004,
    0.15114680611037506,
    0.14040286056601795,
    0.1307374931090043,
    0.12203040569462548,
    0.11417625580876449,
    0.10707428759037355,
    0.10064192005254552,
    0.09480508984693128,
    0.08950672817556093,
    0.08469407689708484,
    0.08030337751874882,
    0.07632169039570107,
    0.07271229468394316,
    0.06943787588358208,
    0.06647047789135424,
    0.06376972383429011,
    0.06129555195509453,
    0.05900657896850535,
    0.05687740680795881,
    0.0548865626290975,
    0.05303323967624747,
    0.05131055869599913,
    0.049716518143279535,
    0.04824091538404391,
    0.046873480038178206,
    0.04561184483264722,
    0.04445634492047433,
    0.04339600845717113,
    0.04240728089293845,
    0.04149231584109651,
    0.04065123625364178,
    0.03988532754324299,
    0.039180578902664506,
    0.038536930776702324,
    0.037938170417887544,
    0.03738053529111074,
    0.036851702713592296,
    0.0363484115449315,
    0.03586457667884454,
    0.035389947122952,
    0.03492456912931137,
    0.0344644125893387,
    0.034004519063427045,
    0.03354791186789449,
    0.033092979023834034,
    0.032649948695508704,
    0.03221053413220237,
    0.03177342702258362,
    0.03133188970468305,
    0.030879352110991465,
    0.030434020894755682,
    0.029981791735113335,
    0.029526500612234528,
    0.029068228346032607,
    0.028618951450673214,
    0.028207741701151243,
    0.02784177276272095,
    0.027505046669663424,
    0.027203392215930683,
    0.026929167421343887,
    0.02667949551599989,
    0.026462314564615893,
    0.02626287385221973,
    0.02606858549735274,
    0.025879167300694526,
    0.02568555614694262,
    0.02549132572764465,
    0.02530554436160516,
    0.0251329487210656,
    0.0249606448735537,
    0.024797036073985118,
    0.02464187915375207,
    0.02447681147200863,
    0.024285792930660126,
    0.024064383149127754,
    0.02381888188144836,
    0.023570682770480574,
    0.02333255354325528,
    0.02311007014173525,
    0.022896899261040965,
    0.02267789880095718,
    0.022454702045854792,
    0.022216488777364582,
    0.02196076347897045,
    0.021682989474311704,
    0.02139420813388766,
    0.0211050106234343,
    0.020817252441746037,
    0.02056520381089953,
    0.020327794102753857,
    0.020106154067554127,
    0.01987157006303088,
    0.019621654543556983,
    0.019370942025131264,
    0.01910638726565626,
    0.018840978166884754,
    0.0185817698729638,
    0.018329781651895867,
    0.018074390868311693,
    0.017808653965552472,
    0.01753480738782348,
    0.017254997320171432,
    0.016980883446704863,
    0.016701888931677622,
    0.016426804064801674,
    0.016168920141507705,
    0.01594328672017375,
    0.015730843473255023,
    0.015534128658254666,
    0.015358971736105067,
    0.015201648376044503,
    0.015043323772011218,
    0.014884058311295233,
    0.014721253872721862,
    0.014550981425183853,
    0.014382155258805693,
    0.014195749376354008,
    0.01396763293026253,
    0.013714328876626228,
    0.013436478054914885,
    0.01313415847003704,
    0.01280525350129245,
    0.012458725476722467,
    0.012104002318404972,
    0.011735904613503769,
    0.011384165068280558,
    0.011069133434887598,
    0.010785470519408726,
    0.010532285292997988,
    0.010301272615328348,
    0.010092157474086996,
    0.009918430905170975,
    0.00976137725046783,
    0.009617777375478092,
    0.009484322739495534,
    0.009341925087878929,
    0.009189264761216032,
    0.009027362749022239,
    0.008856358162830036,
    0.008671372563977027,
    0.008479836619117952,
    0.0083177820741167,
    0.0081801816669096,
    0.008054197760821807,
    0.007924792933889042,
    0.0077962835107305735,
    0.007670470942471084,
    0.007542363113848653,
    0.007400489591618175,
    0.007246291323178186,
    0.007093375009870972,
    0.006927361443982102,
    0.006748859517115088,
    0.00655461886579275,
    0.0063290689805118394,
    0.0060782098860105846,
    0.005828154708185852,
    0.005581275402143963,
    0.005354718948709651,
    0.00514557092502696,
    0.0049507594973155385,
    0.0047646247529299635,
    0.004598191321003681,
    0.004467240174254257,
    0.004374755813951257,
    0.004312501957351043,
    0.0042740498113848484,
    0.004253368745960353,
    0.004242930357729085,
    0.004232114873374779,
    0.004224742515635849,
    0.004215674924357161,
    0.004212357567411017,
    0.004219321173524014,
    0.004234683443219842,
    0.004254295747135632,
    0.0042835146935450005,
    0.004320279337979203,
    0.004352151576109368,
    0.004377364354313831,
    0.00438428093200118,
    0.004359691708275527,
    0.00431995682117134,
    0.004250437471356757,
    0.004139990587019428,
    0.0039985275236392726,
    0.0038443623102577635,
    0.003673208211019278,
    0.003483210951806049,
    0.0033016162848989034,
    0.0031335453131324546,
    0.0029840672880829303,
    0.0028642090674938663,
    0.002792547682514666,
    0.002778321764687302,
    0.00279341569002431,
    0.0028197428148630166,
    0.0028598237778932247,
    0.002896929664205825,
    0.0029331198919316783,
    0.0029647247736883505,
    0.0029859079195555306,
    0.0029939912789864634,
    0.002989438108181115,
    0.0029829861157773855,
    0.0029797327841779094,
    0.0029797301120634873,
    0.0029884745522831572,
    0.003001250539602169,
    0.0030297850851948027,
    0.003069623208195665,
    0.003124157398784309,
    0.0031944002159696567,
    0.003270718188220126,
    0.0033467097216744067,
    0.0034302425199515653,
    0.003526736995490168,
    0.0036158588198872193,
    0.0037033990392028497,
    0.0038040684263331813,
    0.003899892063115299,
    0.003986595996626944,
    0.004056119799254158,
    0.004096391288471163,
    0.004104322366712756,
    0.004086712156866582,
    0.004040166514722065,
    0.0039611973256614644,
    0.003862019417188721,
    0.0037473882049920385
  ],