{
  "success": true,
  "x0": [
    0.39807575564481557,
    0.34248490110469876,
    0.2594393432504857,
    0.9597850010069054,
    0.111044122307734,
    0.6369480852006819
  ],
  "x": [
    0.08136522821854512,
    0.9186347717814548,
    0.0,
    121.33861815489495,
    9.193737406189614,
    0.6369480852006819
  ],
  "SSE": 0.003134867842757963,
  "exp_data": [
    1.0,
    0.9133592506205135,
    0.8283170282589714,
    0.7475113494882029,
    0.673520502767648,
    0.6074085214732385,
    0.5490873051851757,
    0.4978172301490448,
    0.45261007257688673,
    0.4126086715227116,
    0.3771230614443005,
    0.34560795537290434,
    0.317575745579815,
    0.2925996477020567,
    0.2703036857960287,
    0.25036172279489943,
    0.23249781323438354,
    0.2164543437000302,
    0.2020070751242387,
    0.18896685588748818,
    0.17719155434605574,
    0.1665355168672946,
    0.15687848493843723,
    0.1481121792314792,
    0.14014199264212018,
    0.1328765535083202,
    0.12625216580384,
    0.12018535014681232,
    0.11461386727168799,
    0.10951087157046893,
    0.10483761357506982,
    0.10057082698446212,
    0.09666116216430516,
    0.09307817869893735,
    0.08977959426771231,
    0.08672862309098485,
    0.08389714978150521,
    0.08127595541537788,
    0.07883083445188489,
    0.0765581237827943,
    0.07443879148336359,
    0.072470471884427,
    0.07065519064793746,
    0.06896070497983736,
    0.06737604795479157,
    0.06588833235512163,
    0.0644879943107706,
    0.06316824001832101,
    0.06191922656868484,
    0.06071793590861357,
    0.05958031291356043,
    0.058497356023185516,
    0.05745743922205799,
    0.05645212545556586,
    0.055472744655846215,
    0.05450615325588483,
    0.053539010159129846,
    0.052576317481264116,
    0.05163187985461398,
    0.05073910147503732,
    0.04988699690800936,
    0.04906329131143958,
    0.04826928547561562,
    0.0475128390172508,
    0.04678824704511065,
    0.04609355821849595,
    0.045437235065743875,
    0.04481066799014955,
    0.044217089871909525,
    0.0436470639584477,
    0.043091758286733194,
    0.04254477525920333,
    0.04204165124979259,
    0.0415634544224113,
    0.041099180934071035,
    0.0406395078394943,
    0.04018797968660491,
    0.03974949159286986,
    0.03930342524300819,
    0.03885603866704424,
    0.03840480235373994,
    0.0379531126359881,
    0.03750506843802621,
    0.03707910198670452,
    0.03668646926553281,
    0.03633916694584865,
    0.03603827869927765,
    0.03577639363213994,
    0.035545388347664554,
    0.035347061661339586,
    0.03515722636726928,
    0.034961385649969576,
    0.034743882610521956,
    0.03451494159177119,
    0.03426016675589477,
    0.03397941473808742,
    0.03366788425455015,
    0.03332557005203397,
    0.03294873047438371,
    0.032555031430546694,
    0.032177845592138224,
    0.03182530219436396,
    0.03150203236520362,
    0.031208678981638184,
    0.030933947498129187,
    0.030683509753079156,
    0.030460051368428647,
    0.030260683043052246,
    0.030063550984360813,
    0.02985488390122243,
    0.02962321387893479,
    0.029364903143663468,
    0.029078253470265193,
    0.0287794981566393,
    0.028490063102376173,
    0.028212306090407677,
    0.0279556105983526,
    0.027718238200452626,
    0.027491298250692905,
    0.027275798932167576,
    0.027045096160829136,
    0.026815564749925764,
    0.026594162711189643,
    0.026406522768144987,
    0.02623325951219666,
    0.026091499525902687,
    0.025975813403092834,
    0.025887413225292432,
    0.025805775810368674,
    0.025726317402575954,
    0.02564625692709911,
    0.025554789163081352,
    0.025438746843411828,
    0.02529753468806252,
    0.025130067185195313,
    0.024951892734134246,
    0.024765857559441495,
    0.02456665607071141,
    0.024359193073663882,
    0.02414050627920773,
    0.023902734240936075,
    0.023661897540817912,
    0.02344064864860513,
    0.023254269129643405,
    0.02310204874400104,
    0.022967850628453305,
    0.02284478461339024,
    0.02272930119298547,
    0.02262350623751933,
    0.022537705727114797,
    0.022464884277797387,
    0.022407538458018596,
    0.022356441180927177,
    0.022310947034382453,
    0.022258075006150877,
    0.0222135836428147,
    0.022175172092762128,
    0.02215185907447176,
    0.022128762967034876,
    0.022085969733291723,
    0.022034836481908376,
    0.021953323165012376,
    0.02185362325161046,
    0.02173444868508957,
    0.02160463957395253,
    0.02146167496808474,
    0.021309729393396523,
    0.021142944295330413,
    0.0209839671977526,
    0.020826706003878103,
    0.020676766914087756,
    0.020535573868732417,
    0.0204053351127185,
    0.020261323640288032,
    0.020090071497367412,
    0.019890665350663007,
    0.019682341553747203,
    0.01945650930696723,
    0.01923319790273355,
    0.01902810273891796,
    0.018830227343718444,
    0.01864177988665655,
    0.01845852321777521,
    0.018280021924459038,
    0.01811381735546543,
    0.017974284576911692,
    0.01785478699434006,
    0.017757555741111847,
    0.01767117987931721,
    0.017576766214370397,
    0.01748503787967626,
    0.017401468980489054,
    0.01732280935871204,
    0.017256749110646577,
    0.017197920104519322,
    0.01714546348019209,
    0.017092771827273753,
    0.017048697901007853,
    0.017014968084213752,
    0.017008237705550096,
    0.017032637098812555,
    0.017063966984130922,
    0.01710276951376649,
    0.017142389394291916,
    0.01716520687844241,
    0.01720303371741156,
    0.01724939516852084,
    0.01729559089728543,
    0.01732955139697201,
    0.017341228038889954,
    0.017328951697704584,
    0.017291811954435295,
    0.017238993205779034,
    0.017198752423200497,
    0.01716917259505617,
    0.01715151093082546,
    0.017156230583220463,
    0.017189648578489272,
    0.017246462253854882,
    0.017320821670317146,
    0.017421499101680765,
    0.017542402383103065,
    0.01768455726870643,
    0.017829921226812772,
    0.017964976398175337,
    0.01807990088367408,
    0.018171560857350978,
    0.018244422996711904,
    0.018274647351033502,
    0.018255989416248147,
    0.018194550119119097,
    0.018105357828999743,
    0.01800194656286084,
    0.01788798866325389,
    0.017759343255853505,
    0.017610038531669054,
    0.01743712188381646,
    0.01721185902486174,
    0.016946616172586873,
    0.016656856615707403,
    0.01636435671261206,
    0.01608479947202583,
    0.015818486822545053,
    0.015569857591100685,
    0.015345615017479311,
    0.015157717085940728,
    0.015018411678256615,
    0.01491873736018644,
    0.014853321396813066,
    0.0148088517674916
  ],