{
  "x0": [
    0.2980284605890936,
    0.2769888927266915,
    0.42498264668421487,
    0.9817613586923517,
    0.9817613586923517,
    0.5713339367810842
  ],
  "x": [
    0.10410392973454899,
    0.895896070265451,
    3.237529330995387e-17,
    88.27297898273606,
    10.113516284335205,
    0.5713339367810842
  ],
  "SSE": 0.004055429729678946,
  "a1": 0.10410392973454899,
  "a2": 0.895896070265451,
  "a3": 3.237529330995387e-17,
  "a": 88.27297898273606,
  "b": 10.113516284335205,
  "c": 0.5713339367810842,
  "exp_data": [
    1.0,
    0.9300327412674393,
    0.8606544858734622,
    0.7928548513061089,
    0.727573374610488,
    0.6655890744545325,
    0.6075277088052454,
    0.5538886777290946,
    0.5049866022441512,
    0.4609158800163714,
    0.4215281505452479,
    0.38648482753822144,
    0.35532843012490933,
    0.32759980810758327,
    0.3028832143104931,
    0.28080734009125846,
    0.2610529380620015,
    0.24334754365425007,
    0.22744179230633346,
    0.2131175568649608,
    0.20017843238623953,
    0.1884720934754047,
    0.17786618324164913,
    0.16824891482886614,
    0.1595065103203368,
    0.15153443507176667,
    0.1442689616561352,
    0.13762738583015005,
    0.1315416342058602,
    0.12595484645671223,
    0.12081542066075097,
    0.11607794818083778,
    0.1116987445170918,
    0.10763097583176591,
    0.1038483253511021,
    0.10031903469415893,
    0.09702509856277061,
    0.09393389831215919,
    0.09103181386638913,
    0.08831427288345198,
    0.08576357266078474,
    0.08336467125565585,
    0.0811049386571678,
    0.07897685737391692,
    0.07697432672568151,
    0.07508690235050834,
    0.0733158788477487,
    0.0716489128531505,
    0.07006994816756928,
    0.06858302232671361,
    0.06717527736960079,
    0.06583863003666271,
    0.06456156976694474,
    0.06334069639620803,
    0.06217952994887397,
    0.06106413673439754,
    0.06000785443320803,
    0.05900586409578492,
    0.05804118301884404,
    0.057122794111174394,
    0.05623621971024541,
    0.05537844621220691,
    0.05454737106894615,
    0.053737184449004737,
    0.05294462969601785,
    0.05216638808391452,
    0.051401822559273495,
    0.050644795246154915,
    0.04990858851108795,
    0.049200699371978816,
    0.04851730201592856,
    0.047859712150821625,
    0.04723718701720157,
    0.04664897129589304,
    0.04609028835110993,
    0.04555276031827647,
    0.04503253798926109,
    0.04452709381538327,
    0.04403756865222945,
    0.043561997773627056,
    0.04310124066572461,
    0.04265967340247239,
    0.04222259159803452,
    0.04178153803066404,
    0.04134277184968739,
    0.040895037446757855,
    0.040435368699508915,
    0.0399603125256534,
    0.039462722976483344,
    0.03894685940461898,
    0.03841682055187069,
    0.03786683869099744,
    0.03729317081167339,
    0.03670781022461639,
    0.036125053243418456,
    0.03556528683154676,
    0.03501636243726598,
    0.0344880347580302,
    0.033981055490145295,
    0.033497898456136384,
    0.03303735985619223,
    0.032608751015656426,
    0.03220873986275699,
    0.031836585397644376,
    0.03148636552898378,
    0.03115363736633587,
    0.030843884401849476,
    0.030545932357254654,
    0.030263188265194876,
    0.029981558338474455,
    0.02969715046966732,
    0.029412939057430254,
    0.02913219046541797,
    0.02885359721053795,
    0.02858672331120904,
    0.028332394791805007,
    0.028083264247337508,
    0.02784606339172297,
    0.02762202300350922,
    0.027396058826345687,
    0.02717198523097857,
    0.026958120724330834,
    0.0267503176873506,
    0.026545239775069805,
    0.02632971366383055,
    0.026106128780291983,
    0.02587058495984589,
    0.025623176921911094,
    0.02536373632136651,
    0.02509144007996895,
    0.024802547192509242,
    0.02449811621010696,
    0.024175501165363173,
    0.0238465941675855,
    0.023518241525584276,
    0.023201733606937697,
    0.02289658130427687,
    0.022595645565532417,
    0.02229809304650775,
    0.022012344100082223,
    0.021743754557834224,
    0.02148294675233092,
    0.021226609093387264,
    0.020966701324258635,
    0.020704283696118476,
    0.02044601438684576,
    0.020180874166957734,
    0.01991343629400553,
    0.019656830954592946,
    0.019407446378713843,
    0.019171165502780446,
    0.018942222806111235,
    0.018714617744164545,
    0.018493638352268953,
    0.01827519648967387,
    0.01805443880210897,
    0.017824700997104325,
    0.017585574327035444,
    0.017352757819585608,
    0.01712306585967517,
    0.01689553859341247,
    0.01667369548164046,
    0.016451089972755302,
    0.016232704530432136,
    0.016016757948538796,
    0.015804523376971198,
    0.015584969048908987,
    0.015374967610194237,
    0.015179198773139557,
    0.015006306666616594,
    0.014838604865001829,
    0.014670497922351831,
    0.014497536284205227,
    0.014315361693649086,
    0.01412183152452883,
    0.013924411329893364,
    0.013718249610613032,
    0.013502979476914555,
    0.013285003783751682,
    0.013056205984038557,
    0.012814017846694099,
    0.01256313267792298,
    0.012304180381944864,
    0.012049460919984116,
    0.011804344538289536,
    0.011575635485460062,
    0.011360412183530455,
    0.01116838426205905,
    0.01099636527837373,
    0.010839597532120054,
    0.01070643834729916,
    0.01060047579073128,
    0.01050996600036023,
    0.010420594896101818,
    0.010346368549691853,
    0.01028200056389021,
    0.010216425069465419,
    0.010150409407037776,
    0.010080477179176097,
    0.01001412998675012,
    0.009952762598986751,
    0.009893161466705328,
    0.00983371275686022,
    0.009774736719389132,
    0.00971496026485425,
    0.009653865693866816,
    0.009589162789759794,
    0.009507195339976387,
    0.009423000079092206,
    0.00935339992693736,
    0.00929195869916865,
    0.009233772490322527,
    0.00917822940559454,
    0.009113345753146138,
    0.009047442775985164,
    0.008980598037679805,
    0.008913405084155052,
    0.008836246046460898,
    0.008754580210514966,
    0.008656114456276738,
    0.008538073596634447,
    0.00840256413178655,
    0.008251976319286446,
    0.008100718059178913,
    0.007947366350848058,
    0.007792528603025904,
    0.0076256050164059605,
    0.007446190328953238,
    0.007267897081596228,
    0.007086877682593986,
    0.006915149548959788,
    0.006748860863500957,
    0.006582224426824679,
    0.006416503178870808,
    0.006244485170235036,
    0.006067652463333943,
    0.005890457843243804,
    0.005718080950031548,
    0.005545767545554771,
    0.005378990357502521,
    0.005206906243242046,
    0.005021990225978483,
    0.004830924699280797,
    0.00463422598890648,
    0.004436936073427032,
    0.004235746332421218,
    0.004030637069133426,
    0.0038230054772486243,
    0.003612884753809645,
    0.0034109425442974016
  ],