{
  "success": true,
  "x0": [
    0.5111218160644132,
    0.3615206425209236,
    0.12735754141466327,
    0.23592248643198924,
    0.14071049994843263,
    0.15530072995826316
  ],
  "x": [
    0.09900775924221204,
    0.8722454459000344,
    0.028746794857753527,
    1238.220402995327,
    2.1705611452128153,
    0.15530072995826316
  ],
  "SSE": 0.007156611641039825,
  "exp_data": [
    1.0,
    0.6697091180073794,
    0.4202041704785729,
    0.29546081142461633,
    0.2305519048331474,
    0.19254643698100612,
    0.1689002531133809,
    0.15333708452028721,
    0.14253422544666108,
    0.1346767946887768,
    0.1286492949321114,
    0.12386761587742101,
    0.11994019677210072,
    0.11665089008671642,
    0.11386948197909756,
    0.11149819601942268,
    0.10944545413654054,
    0.10767744688042989,
    0.10614452601091759,
    0.10476202731452013,
    0.10353372902883463,
    0.10245235221748897,
    0.10150389436314779,
    0.10066184416011034,
    0.09987103093261103,
    0.09914978712988771,
    0.09854010936378611,
    0.0979646943646948,
    0.097411716591444,
    0.09691930796646403,
    0.09646393265094676,
    0.09609674564926708,
    0.09575085564702296,
    0.09541425564305422,
    0.0951071763284216,
    0.09480915544944973,
    0.09452291073451732,
    0.09425717666710896,
    0.09400385112876947,
    0.09379251787784076,
    0.09356652470797241,
    0.09334018254966807,
    0.09313923148993371,
    0.09292827013016104,
    0.09271050702694715,
    0.09249759893927105,
    0.09232374554260246,
    0.09218564910629427,
    0.09203383544580009,
    0.09188142552930512,
    0.09174717832879567,
    0.09161589606310439,
    0.09148820370387148,
    0.09135954330785787,
    0.09123887451452078,
    0.09113743085231117,
    0.09102654489115612,
    0.09091353425550187,
    0.09076748286575789,
    0.0906680400817338,
    0.09058598106406054,
    0.09048471913244778,
    0.0903858915123809,
    0.09028938763462904,
    0.090181354481281,
    0.09006428420769928,
    0.08995891348017242,
    0.08984982864302457,
    0.08976592543637117,
    0.08966719075872477,
    0.08961460142879366,
    0.08953862113222907,
    0.08950099050346892,
    0.08946708039019832,
    0.08939430996088521,
    0.08929921422231839,
    0.08921621019258116,
    0.08915748099884271,
    0.08907461127407743,
    0.08900066100291235,
    0.08892728962530486,
    0.08886371490884974,
    0.08882278504146608,
    0.08876969471916221,
    0.08874167962358016,
    0.08871247591707128,
    0.08865730254376628,
    0.08858829160781842,
    0.08853858009949075,
    0.08849667029266431,
    0.08846338495906929,
    0.08842027541433231,
    0.08835323118698182,
    0.0882643872367699,
    0.08816953750950146,
    0.08806533825490738,
    0.08798918968277948,
    0.08793918410833479,
    0.08792435772244983,
    0.08790049862290386,
    0.08788312507857579,
    0.08786996664109628,
    0.08783100262724194,
    0.08777398452128349,
    0.08772209092549829,
    0.08769243500127588,
    0.08769134153493943,
    0.08768924336510782,
    0.08769158366438823,
    0.08767030905940353,
    0.08764960412171494,
    0.0876231512756705,
    0.08756894659071081,
    0.08750156708465165,
    0.08745197330245391,
    0.0874161868801863,
    0.08739472224962135,
    0.08737808965968695,
    0.08737339998776932,
    0.08732040537326141,
    0.08724513664763481,
    0.0871900172297604,
    0.08714058227311414,
    0.08711179899767897,
    0.08707791771888038,
    0.08707826201909064,
    0.08708593064090703,
    0.08705974745569087,
    0.08702648370761755,
    0.0870261925588046,
    0.08703322404052168,
    0.08703105807461195,
    0.08701130961873589,
    0.08696305348247098,
    0.08690577080161957,
    0.08689309323535174,
    0.08687822830507339,
    0.0868272956567542,
    0.08677417037424479,
    0.08674047910467426,
    0.0867217913658957,
    0.08670886669774132,
    0.08667374241716418,
    0.08662761905291749,
    0.08656056283468111,
    0.08648244868951704,
    0.0864266333288082,
    0.08640317616565833,
    0.08638293486366072,
    0.08635542061573376,
    0.08630999635760361,
    0.0862989086721615,
    0.08627664301540579,
    0.08626376326256553,
    0.08625708301790798,
    0.08625181528924772,
    0.08624361372431998,
    0.08624261657060894,
    0.08622846707864504,
    0.08618766136837204,
    0.086152421647168,
    0.08615936554828915,
    0.08615018712788332,
    0.08610953879329228,
    0.08603730207094933,
    0.08597845564205031,
    0.08594047860962278,
    0.08593472252926776,
    0.08592480542305915,
    0.08592160478434058,
    0.08590209651035734,
    0.08588180820659681,
    0.08588155592302596,
    0.08589592844148353,
    0.08588541750126219,
    0.08587095677912576,
    0.08586316795387132,
    0.08581808152378839,
    0.08579749086214496,
    0.08580958946210289,
    0.08579630058043405,
    0.0857865014658062,
    0.0857768389951024,
    0.08576264415170645,
    0.08575042272679279,
    0.08573192061814021,
    0.08572509540845633,
    0.08573563936705564,
    0.08573497299322878,
    0.08569672150790318,
    0.0856688290773533,
    0.08563923981763713,
    0.08561391994975695,
    0.08557380719303094,
    0.08557105858872673,
    0.08558181329077458,
    0.08555954123953434,
    0.08551090783802254,
    0.08547727770471404,
    0.08546583120055157,
    0.0854765543695398,
    0.08546958788827314,
    0.08547993901489029,
    0.08547404116784266,
    0.08541929998234839,
    0.08539504237139206,
    0.08539624181667471,
    0.08539378220918957,
    0.08535891205901694,
    0.08533203976530765,
    0.0853297034340195,
    0.08533947548369299,
    0.08532293623550401,
    0.08529492482927649,
    0.0852832498595616,
    0.0852938404561135,
    0.08530537603925228,
    0.08532846547990833,
    0.08534777653944857,
    0.08534624611921486,
    0.08535063432954663,
    0.085335985965647,
    0.08531785024879475,
    0.0853143768667458,
    0.08530315902506648,
    0.08528936514554528,
    0.08526142292330799,
    0.08522185885768846,
    0.08519245585490888,
    0.08517415340947113,
    0.08513740642300263,
    0.08513195612742319,
    0.08515052059137364,
    0.08514888241762139,
    0.08514051463125293,
    0.08511647291413028,
    0.08511839879229395,
    0.08510170100867455,
    0.0850890753023521,
    0.0851074690727812,
    0.08512279329570792,
    0.08512397794184731,
    0.0851300829116407,
    0.08513247888284584,
    0.08509737344802402,
    0.08506938764355927,
    0.08507153568745814,
    0.08506988623253293,
    0.0850304646965195,
    0.08503095160063419
  ],