{
  "x0": [
    0.3475573929093988,
    0.29250172226503096,
    0.3599408848255702,
    0.9772397105004994,
    0.4640969746367197,
    0.25180335790352903
  ],
  "x": [
    0.09800929873014262,
    0.878322341398257,
    0.023667877176995814,
    1263.1480784538803,
    1.965238141515284,
    0.25180335790352903
  ],
  "SSE": 0.006814775032693216,
  "exp_data": [
    1.0,
    0.6452362994960185,
    0.386227279604775,
    0.2688917673524645,
    0.21112948946683838,
    0.1782454771888682,
    0.15826495001988486,
    0.1451639468871345,
    0.13599147062905803,
    0.1291597646727594,
    0.12379697296588614,
    0.1194788042715316,
    0.11592217860126393,
    0.11289748609606617,
    0.11032698473810536,
    0.10811869205814739,
    0.1062065319200818,
    0.10459091373911104,
    0.10322512531865455,
    0.10197437917255364,
    0.10088019865567587,
    0.09992079423082277,
    0.0990451883546862,
    0.09826688230029658,
    0.09754571861688768,
    0.09693867891018064,
    0.09642613840567014,
    0.09590269835293637,
    0.0954186399257062,
    0.0949852642483329,
    0.09455058869843383,
    0.09422921553075615,
    0.09390690720661207,
    0.09359731279763006,
    0.0933826870448095,
    0.09319288656694696,
    0.09302161490939638,
    0.09281873558607112,
    0.0926364718316003,
    0.09250795992254113,
    0.09234768230425133,
    0.09218109767503295,
    0.09203928494188046,
    0.09185638522558068,
    0.0916687846165431,
    0.09148685544647848,
    0.09134194125036951,
    0.09122408014128514,
    0.09106345008702682,
    0.09092681793500094,
    0.09079389051339454,
    0.09069976566624638,
    0.09062290832433269,
    0.09051840034103231,
    0.09037687855969381,
    0.09031624122938911,
    0.0902020175260868,
    0.09012246567567687,
    0.0900673030943488,
    0.09001384892484436,
    0.08994584844465432,
    0.08984290125136861,
    0.08970751671038812,
    0.08960864216854902,
    0.08949358840482893,
    0.08938478071333875,
    0.08924830505578601,
    0.08914570248911768,
    0.0891043043141049,
    0.08901208641849409,
    0.08897711234504457,
    0.08892833729881333,
    0.0888969653438049,
    0.08887676925484501,
    0.08877436716915402,
    0.08869015382385119,
    0.08861509513847586,
    0.08853669007315275,
    0.08847980589724706,
    0.08844427339314766,
    0.08839546661369295,
    0.08834990239713363,
    0.08839982527310317,
    0.08846103819974097,
    0.08852269281918596,
    0.0885139020512434,
    0.08848607680927748,
    0.08843439686460662,
    0.08842164275780537,
    0.08837941187831994,
    0.08832372286689925,
    0.08830385285171803,
    0.08829011417042654,
    0.08821771197287158,
    0.08808618625016064,
    0.08789566554522114,
    0.08775057539853175,
    0.08765913634661994,
    0.0876248645399754,
    0.0876186696183317,
    0.08763313012941201,
    0.08764074981692875,
    0.08760886876799534,
    0.08753117887604515,
    0.08746305310399292,
    0.08742752815510288,
    0.08743065168615495,
    0.08739577941185588,
    0.08740285473074708,
    0.0873844487022853,
    0.08738208745519327,
    0.08731615843723059,
    0.08722832634439041,
    0.08719248603660075,
    0.08716601062129987,
    0.08714319606487,
    0.08714094708359345,
    0.08710724618815616,
    0.08708067682946806,
    0.08703997093007387,
    0.08699579147387662,
    0.08695820864660661,
    0.08688373350019052,
    0.08678550207009156,
    0.08671928936125828,
    0.08671622985752299,
    0.0867635223827152,
    0.08670242884039082,
    0.08671016744524382,
    0.08676214201901032,
    0.08678267099660104,
    0.08671238479296065,
    0.08665420213380863,
    0.08659521397071711,
    0.0865239114509835,
    0.08654263981805521,
    0.08657007522449815,
    0.08651799422881282,
    0.08643293101151622,
    0.08637591686245151,
    0.08631633230822472,
    0.08627390588182572,
    0.08624249784232688,
    0.08621603578550886,
    0.08609533580759575,
    0.0859157537247802,
    0.08582838189647479,
    0.08585985681172821,
    0.08591332588613408,
    0.08592047840278583,
    0.08585614395107184,
    0.08586235513664858,
    0.08583794258041652,
    0.0858132069652812,
    0.08580543717971188,
    0.08582395859093697,
    0.08583155135143938,
    0.08588291051636666,
    0.08588913328517311,
    0.08585786288140862,
    0.08574709905879777,
    0.08570540594030086,
    0.08569271081469618,
    0.08564820054700807,
    0.08551829275533593,
    0.08539755178861748,
    0.08535517652435504,
    0.08536752869164713,
    0.0853164040092359,
    0.08524456317711104,
    0.08518194636352043,
    0.0851438904092552,
    0.08513085833516369,
    0.08519233300567895,
    0.08523414127188611,
    0.08527435080155346,
    0.08530918920004933,
    0.08522540402256858,
    0.08513314628757097,
    0.08508171484015017,
    0.08506311670493814,
    0.08505043941852575,
    0.08501146103533665,
    0.08497783276559803,
    0.08499920021092204,
    0.08497998877209521,
    0.08499855983611004,
    0.08506511059256573,
    0.08512414121954598,
    0.08513022046320436,
    0.0850963336161215,
    0.08501730097239803,
    0.08495852552082397,
    0.08494351545187397,
    0.08498178067857386,
    0.08502902502511203,
    0.08503056111089621,
    0.08499299395573083,
    0.08498331092020171,
    0.08498739159753699,
    0.08498336144890434,
    0.08493601572716464,
    0.08489833233505735,
    0.08483227624432918,
    0.08476259613693608,
    0.08470207467891021,
    0.08467788733095796,
    0.08468290281208371,
    0.0846105144481481,
    0.08455367930563144,
    0.08454621655096248,
    0.0845882149296906,
    0.08453475964425332,
    0.08446009045927257,
    0.08444716444265579,
    0.08442532595627844,
    0.08439260948103164,
    0.08441785325529885,
    0.08445335711566519,
    0.08445711971265739,
    0.08448203964420994,
    0.08448484216691722,
    0.08447351601376471,
    0.08444419034481508,
    0.08438728713501363,
    0.08433426593292105,
    0.08427088373970217,
    0.08424871305529112,
    0.08423938566177765,
    0.08423789348198843,
    0.08417300654678778,
    0.08420071437019269,
    0.08426436181829934,
    0.08425900215179659,
    0.0842046537373825,
    0.08414478363221752,
    0.08414037716839358,
    0.08410074772156008,
    0.08410089171377985,
    0.08417765499603677,
    0.0842481345096492,
    0.08426673182940206,
    0.08425914037847272,
    0.0842527312656657,
    0.0841641575973647,
    0.0841176735170162,
    0.0840994040812574,
    0.08408776943268675,
    0.08401538120655157,
    0.08400718792495634
  ],