{
  "success": true,
  "x0": [
    0.2859780229785887,
    0.2538364796102489,
    0.4601854974111625,
    0.5658181459612001,
    0.32003087177409656,
    0.6322258003075172
  ],
  "x": [
    0.0983401899776975,
    0.8661941711835413,
    0.035465638838761325,
    1487.6759207350158,
    2.037867956662427,
    0.6322258003075172
  ],
  "SSE": 0.008121090026013524,
  "exp_data": [
    1.0,
    0.6498114636923927,
    0.3925542458557303,
    0.2748341370617629,
    0.2165480168214982,
    0.1832324591781511,
    0.16278793331328226,
    0.14927503742673723,
    0.13956920955850274,
    0.13230833570817668,
    0.1266568367577046,
    0.12213166564744683,
    0.11839804180977162,
    0.11526139053395333,
    0.11262224088867966,
    0.11037031946702429,
    0.10845354960215615,
    0.10675242134722722,
    0.10525333899715748,
    0.10393359094220263,
    0.10279873882151881,
    0.10180022791958872,
    0.10092554905706036,
    0.1001484839224804,
    0.09937886158158993,
    0.09867622024661507,
    0.0981142969367787,
    0.09760442037971684,
    0.09709266086271394,
    0.09666239019837623,
    0.0962501596712438,
    0.09590327206365894,
    0.09560535533171312,
    0.09533123637188914,
    0.09503826317790029,
    0.09472499912032017,
    0.09440037437178492,
    0.0941493382396246,
    0.0939112287267527,
    0.09369653051585207,
    0.09344750638576067,
    0.09320743396695517,
    0.09302854984561232,
    0.09286164862554319,
    0.09266921271046748,
    0.09249610544823399,
    0.0923606585117656,
    0.09226614402238766,
    0.09217564229443795,
    0.09200418225302198,
    0.09185800318977251,
    0.09169014616222278,
    0.0915431148350251,
    0.09141216137794986,
    0.09129699155852933,
    0.09120343262568023,
    0.09109111012969669,
    0.09095379782771762,
    0.09077081080358809,
    0.09069094954896337,
    0.09068531073088174,
    0.09065112693611935,
    0.09063074842636194,
    0.09057920486327574,
    0.09049464012372795,
    0.09036292292966065,
    0.09023406874369286,
    0.09010395991691732,
    0.08999632810334156,
    0.08987572111686512,
    0.08981717047618916,
    0.08972426484159031,
    0.08971604223769511,
    0.08972063898360307,
    0.08969099975985123,
    0.0895758142797245,
    0.08944381286318454,
    0.08936440056676279,
    0.08926004285661214,
    0.08918809185128328,
    0.08913738695786988,
    0.08906808572210616,
    0.08899540383946769,
    0.08890901458843306,
    0.08887239622356291,
    0.08886052053637976,
    0.0888340026125669,
    0.08882030841714879,
    0.0887772331199621,
    0.08874904780408592,
    0.08871879952063821,
    0.08866791960257459,
    0.0885764216691814,
    0.08845989698407715,
    0.08836283982075101,
    0.08825878042830189,
    0.08820883380639538,
    0.08819549388426319,
    0.08821548513681358,
    0.08818726714311982,
    0.08817710919714111,
    0.08816988076005584,
    0.08811758285193362,
    0.08807019887842082,
    0.0880400849211736,
    0.08805173207619395,
    0.0880662977092966,
    0.0881101311892893,
    0.08809343362423362,
    0.08799305076116153,
    0.08791003540064084,
    0.0879099930012729,
    0.08788568865513086,
    0.0878337422950987,
    0.08783139588113135,
    0.08782611316803643,
    0.08782919112249137,
    0.08786423573411106,
    0.08789644143955987,
    0.08783939003703203,
    0.08773428116947507,
    0.08763782628100233,
    0.08757514831369034,
    0.0875788113065929,
    0.0875606066443796,
    0.0875871335112154,
    0.0876116538122798,
    0.08763685464062362,
    0.08759596760443336,
    0.08757173926493925,
    0.08759789441273233,
    0.08766572065090372,
    0.08766367803583149,
    0.08762491848872718,
    0.08759272248582978,
    0.08759431774478392,
    0.08759130012082793,
    0.0875466257414194,
    0.08754249347607697,
    0.08755864494290744,
    0.08757958909671766,
    0.08758908970747549,
    0.08754791658404248,
    0.08747632935608263,
    0.08743110416022627,
    0.08744236331577392,
    0.08743984928335112,
    0.08744621235393833,
    0.08740658250681425,
    0.08736512237932488,
    0.08733839792345399,
    0.08737664011824622,
    0.08739814767269556,
    0.08741817606579705,
    0.08740920727488082,
    0.08737215383311109,
    0.08735757572718084,
    0.08737132260247142,
    0.0873755351852456,
    0.08731098623352226,
    0.087327473169159,
    0.08735475823069223,
    0.08736362038213383,
    0.08731452942783424,
    0.08725187367262244,
    0.08722431379843955,
    0.08721039539128307,
    0.08719255729827462,
    0.08722997181844722,
    0.08724581945334683,
    0.08723222583648932,
    0.08719600429300044,
    0.0872220858076144,
    0.08723964680349482,
    0.0872369232698435,
    0.08722348175218515,
    0.08724967380444722,
    0.0872698156998539,
    0.0873075911057967,
    0.08737439588527976,
    0.08738334528376233,
    0.08740203090075853,
    0.08748158802952506,
    0.08752624916908827,
    0.08750872711940468,
    0.08749599774601916,
    0.0874772141255931,
    0.08744986518242763,
    0.08739335337393045,
    0.08729558788287096,
    0.08726875334222291,
    0.08725902664690265,
    0.0872751770169416,
    0.08726884855669712,
    0.0872958620975718,
    0.08728401346002146,
    0.08723714455545153,
    0.087176428120142,
    0.08714300727324273,
    0.08715431416244562,
    0.08722408963805388,
    0.0872553776931953,
    0.08732254694262122,
    0.08737201741021168,
    0.08728339636655401,
    0.08724883922958666,
    0.0872505304899506,
    0.08725881445374134,
    0.08727682852220309,
    0.08730012159606161,
    0.08732701146603108,
    0.0873193895772482,
    0.08731078167610465,
    0.08735140938937767,
    0.08735826543393628,
    0.08738495948865804,
    0.08742309065865583,
    0.08747740147357776,
    0.08751574634215299,
    0.08752200843293416,
    0.0875357463880716,
    0.08753913168300999,
    0.0875519743428093,
    0.0875812075319047,
    0.08757758958388595,
    0.08755784726785526,
    0.0875706456578736,
    0.08757740182664131,
    0.08759511706742248,
    0.08759589948335131,
    0.08758355531699845,
    0.08752537967496477,
    0.08748928585762913,
    0.08746190272336257,
    0.0874733382650402,
    0.08751115162101644,
    0.08754773627563318,
    0.08754686681565466,
    0.08752742208337108,
    0.08749256474775469,
    0.08745595903229064,
    0.08746624904625708,
    0.08748631365015166,
    0.08747245430682128,
    0.08741882210112839,
    0.0873654345512457,
    0.08737732310251184,
    0.08738476459366047,
    0.08734810647783754,
    0.08736474605622555
  ],