{
  "x0": [
    0.4750768012242636,
    0.3607428502684916,
    0.16418034850724472,
    0.7261878203160644,
    0.2315664154512664,
    0.6364269263961511
  ],
  "x": [
    0.10067571290319859,
    0.8946387695431858,
    0.004685674567103549,
    1042.267190963181,
    2.4573676898647125,
    0.6364269263961511
  ],
  "SSE": 0.006460797018060363,
  "exp_data": [
    1.0,
    0.7140795908337272,
    0.4818309859752134,
    0.34265652985962175,
    0.2639782082111056,
    0.21616137457599902,
    0.18564787600697547,
    0.1655722692469899,
    0.15204199615242245,
    0.14256228368539436,
    0.13549407507274358,
    0.12999237771328467,
    0.12550036990526664,
    0.12179379363012978,
    0.11865922031050762,
    0.11600557653309641,
    0.11367628088738368,
    0.11168900555495141,
    0.10995511371694067,
    0.10837811182880416,
    0.10692224960930924,
    0.10563603450205541,
    0.10454094567769681,
    0.10357016625755405,
    0.10268851259935548,
    0.10183446223286742,
    0.10107989274890945,
    0.10038696436143116,
    0.09972384898591188,
    0.09911026945268296,
    0.09859104958316262,
    0.09815774935338614,
    0.0977403044027437,
    0.09731421775964348,
    0.09690057876255505,
    0.09650958066108205,
    0.09614674292237066,
    0.09580345617563113,
    0.09546385282795544,
    0.09517306319512907,
    0.09490438543390523,
    0.0946320160070161,
    0.09434985968230836,
    0.09406677653935923,
    0.0937935237538309,
    0.09350983592310068,
    0.09326863686567229,
    0.09306672315521004,
    0.09286241395593547,
    0.0927132763998924,
    0.09258964128321995,
    0.09245777636084401,
    0.09229858795225668,
    0.09214806820459144,
    0.0920427534253392,
    0.09189261870186416,
    0.0917865070176849,
    0.09166433926311116,
    0.0914643346993368,
    0.09129932177139369,
    0.0911267840166456,
    0.09096012920985538,
    0.09081940940039263,
    0.09068031587206236,
    0.09055583491528617,
    0.09044514898009848,
    0.09039436664103837,
    0.09029982352303871,
    0.09019714389166711,
    0.09011376474081507,
    0.09004952146514725,
    0.08996326125628358,
    0.08988996392890677,
    0.0898038329321469,
    0.0897175629536504,
    0.08963167456337948,
    0.08958972257608307,
    0.08957135235661258,
    0.08948398506837305,
    0.08936961776430616,
    0.08924901530435175,
    0.08917315660730944,
    0.08907312601182737,
    0.08893903136931258,
    0.08882994982799162,
    0.08876300516359072,
    0.08865182820945448,
    0.08851016954169988,
    0.08841686442070479,
    0.0883615511955871,
    0.0883476324896704,
    0.08828905378870433,
    0.08819315772133755,
    0.08811555275336097,
    0.08805958645759276,
    0.08804156879119912,
    0.08800815984341134,
    0.08796292209412122,
    0.08793272349056053,
    0.08789555910726006,
    0.08783913590917419,
    0.08779926934630425,
    0.08776655626179691,
    0.08772057580938449,
    0.08766313475132832,
    0.08759804477253082,
    0.08757707520936678,
    0.08756181949417831,
    0.08757846263818396,
    0.0876334277147637,
    0.08765668950931071,
    0.087643302388508,
    0.08759282477261117,
    0.08747847292225551,
    0.08735851340493048,
    0.08727925140765248,
    0.08721402854277924,
    0.0871627870567936,
    0.08714308169428,
    0.08708185515267831,
    0.08700533729955276,
    0.08697401676167223,
    0.08696286500546152,
    0.08697108361635245,
    0.0869538571510032,
    0.08693142268853353,
    0.08688261572772608,
    0.08683995888605812,
    0.08677331607317545,
    0.08674469639246425,
    0.08671910671223165,
    0.0867150687799715,
    0.08671604868656756,
    0.08666902798796866,
    0.08660067846804538,
    0.08654232214321611,
    0.08647330956989409,
    0.08641726700003045,
    0.08634708663514112,
    0.08628687550866383,
    0.08626945269274472,
    0.08626360450392279,
    0.08623081282512318,
    0.08619049201716097,
    0.08615524853622127,
    0.086089229027997,
    0.08601166880659869,
    0.08590345933130845,
    0.08582889619803383,
    0.08578066106509051,
    0.08573544719828499,
    0.08565773076158971,
    0.0855938387931053,
    0.08555990675661834,
    0.08555660459913123,
    0.08555933344369511,
    0.08554171409433972,
    0.08547361659298876,
    0.0854207327655164,
    0.08539413499018522,
    0.08538269271354725,
    0.08541793247387434,
    0.08539423018681994,
    0.08536588640503455,
    0.08534173978488961,
    0.08531350133909389,
    0.08525586391323023,
    0.08524408159788154,
    0.0852280404414943,
    0.08527443172256383,
    0.08529211733106226,
    0.08530552991753479,
    0.08529172362629978,
    0.0852558055152768,
    0.08518518796205694,
    0.08511503778363864,
    0.08503064085711742,
    0.0849590248489427,
    0.08495173519306722,
    0.08497265766087875,
    0.0849424397526017,
    0.08490703407813435,
    0.0848374679204455,
    0.08478385052043308,
    0.08474334085005163,
    0.08471977533630629,
    0.08469951226366586,
    0.08469194232617358,
    0.0846874243862099,
    0.08466435617763421,
    0.08464140027371553,
    0.08464139183361075,
    0.08460805731150528,
    0.0845090575705217,
    0.08443553299003452,
    0.08443240138719023,
    0.08441091805225524,
    0.08436330143819482,
    0.08430551492069766,
    0.08425578784167208,
    0.08422221202166114,
    0.08421737024445944,
    0.08421893776699228,
    0.0842178298489871,
    0.08421190744355507,
    0.0842342132056793,
    0.08426030762911557,
    0.08423962936174369,
    0.08418939320669962,
    0.08414231839422989,
    0.08411588228506489,
    0.08411082194414016,
    0.08412326738615407,
    0.08407327463917927,
    0.08404431970209274,
    0.08407123592340404,
    0.08410042797806938,
    0.08409014171084839,
    0.08407422616052755,
    0.08405961021205303,
    0.08403411695635835,
    0.08398398404701375,
    0.08392806038981024,
    0.0839177327235176,
    0.08394460035629986,
    0.0839759822358595,
    0.0839427393723482,
    0.08383946169113292,
    0.08374286483552654,
    0.0836886672630736,
    0.08365565740522167,
    0.08366977433711212,
    0.08369791409819247,
    0.08372574237770501,
    0.08374355189133612,
    0.08369348348915687,
    0.08366708293285509,
    0.08365748848880893,
    0.08363891210990537,
    0.08365218747455216,
    0.08366428634518391,
    0.08363895294988281,
    0.0836447947062977,
    0.08367225107605052,
    0.08370914064557897,
    0.08372505486241591,
    0.08373787987860515,
    0.08373712467125154,
    0.08372790640516939,
    0.08372092082072068
  ],