{
  "success": true,
  "x0": [
    0.2642504615889304,
    0.39017692098767603,
    0.34557261742339346,
    0.6408753197444091,
    0.2446677679340591,
    0.49752710491212826
  ],
  "x": [
    0.42504525087995065,
    0.5749547491200494,
    0.0,
    20.841119946284778,
    9.932097751564166,
    0.49752710491212826
  ],
  "SSE": 0.00034880612216905445,
  "exp_data": [
    1.0,
    0.9310676439914307,
    0.8643861332669222,
    0.8008847893224824,
    0.7412659937576251,
    0.6859384939581906,
    0.6349979716825097,
    0.5882767582443672,
    0.5454839309556897,
    0.5063270539603675,
    0.47049823098887567,
    0.4376802205408904,
    0.40756863275514227,
    0.3799161425761851,
    0.3545118383794185,
    0.3311371079640802,
    0.3095987225714001,
    0.2897279441325029,
    0.27137245110221164,
    0.2543828092132253,
    0.2386370207034159,
    0.22402942155586258,
    0.21046201848420287,
    0.19784567525109886,
    0.1860961602681563,
    0.17514222232219406,
    0.16491251273444038,
    0.15535026566733384,
    0.14640469536106027,
    0.1380290377208379,
    0.13018395437617217,
    0.12282663555617265,
    0.11593130629219986,
    0.10946326890539468,
    0.10339141692471866,
    0.09768541232966345,
    0.09231891802312825,
    0.08726647278704831,
    0.08250159511206973,
    0.07801142527462909,
    0.07377681429996029,
    0.06978535771535284,
    0.06602246472514382,
    0.06247090505151463,
    0.059116969425649334,
    0.055950899977626305,
    0.0529616409740395,
    0.050138999017616585,
    0.04747058783347708,
    0.044951261522076076,
    0.04257196668864122,
    0.04032407936437438,
    0.03819967734115126,
    0.03619133699830262,
    0.03429206752188485,
    0.03249740669191201,
    0.030798612086185277,
    0.029189300678856705,
    0.02766563364073952,
    0.026223695550156665,
    0.02485748166767878,
    0.023563959378658787,
    0.02233631342405959,
    0.021170907954766567,
    0.020067046271692483,
    0.019021760211008026,
    0.018035832519269285,
    0.017107403532909498,
    0.01623328494352212,
    0.015407398598485354,
    0.014625859266185834,
    0.013887349677452247,
    0.01318751755972886,
    0.012524754221047391,
    0.011896641195667175,
    0.011300465618462877,
    0.010733515257901192,
    0.010194197787600256,
    0.009681398847269443,
    0.009193616571434575,
    0.00872967499584569,
    0.008288354218446778,
    0.00786869942251047,
    0.007469877198913436,
    0.0070907931171781974,
    0.006729989022003541,
    0.006385905672201462,
    0.0060583680379461885,
    0.00574644648180987,
    0.005449039615211973,
    0.005166449289551053,
    0.004898406840461619,
    0.004643920411562785,
    0.004402139838658635,
    0.004171281390234922,
    0.003952226471228546,
    0.0037441585417680666,
    0.003546889794677845,
    0.003360109739098094,
    0.0031832251149448896,
    0.0030165571975914814,
    0.002858833447998267,
    0.0027094780925059425,
    0.002567289816003857,
    0.002431710273391591,
    0.002302820041573531,
    0.0021798576750553054,
    0.0020626255713450236,
    0.0019508488007542507,
    0.0018440793014044634,
    0.0017424092524371748,
    0.0016452344996916624,
    0.0015526831782266175,
    0.001464817236830735,
    0.0013811904450984488,
    0.001301949506956542,
    0.0012263081056312387,
    0.0011540822050533377,
    0.0010853473842096124,
    0.0010200926327814908,
    0.000958384428812549,
    0.0008996098498548258,
    0.0008434338752591322,
    0.0007898212862316562,
    0.0007386194650009838,
    0.000689743191026846,
    0.0006435573065590851,
    0.0005995165004628404,
    0.0005578384770639268,
    0.0005184470150754211,
    0.0004814626710059044,
    0.00044665106184801597,
    0.0004141127666647377,
    0.0003835721964100141,
    0.00035534793576306876,
    0.00032928308372374423,
    0.00030516977358171934,
    0.00028295847453286877,
    0.0002624091879096598,
    0.00024312984523035735,
    0.00022532808588686813,
    0.00020887100288627768,
    0.0001936549698904109,
    0.00017967657529948034,
    0.00016673010198346713,
    0.00015488192153298688,
    0.00014421918587797193,
    0.0001342805557970398,
    0.00012479490848193195,
    0.00011601985596965043,
    0.00010778545969859074,
    9.99717579783105e-05,
    9.262210067989291e-05,
    8.569791099842541e-05,
    7.926332239714216e-05,
    7.316625713765547e-05,
    6.738790225594393e-05,
    6.188859382014642e-05,
    5.6711377559833075e-05,
    5.1743700334199333e-05,
    4.725748309423711e-05,
    4.3182374263265616e-05,
    3.9416141891867407e-05,
    3.601287105680207e-05,
    3.3037541894504796e-05,
    3.0555620373484484e-05,
    2.83803252545662e-05,
    2.638677650495984e-05,
    2.4565428687253968e-05,
    2.2896074232089428e-05,
    2.1379573477877494e-05,
    1.992112086541489e-05,
    1.8595599016217915e-05,
    1.7371752821169888e-05,
    1.6228780388757672e-05,
    1.5156432593371118e-05,
    1.4122918672689336e-05,
    1.3139213602503541e-05,
    1.2237922097386235e-05,
    1.138713821961108e-05,
    1.0576339107305933e-05,
    9.827426064202485e-06,
    9.086477471697367e-06,
    8.375293554282789e-06,
    7.694047361911508e-06,
    7.064751780310186e-06,
    6.4986505126358035e-06,
    5.963227668871042e-06,
    5.469646231184064e-06,
    5.007147124626041e-06,
    4.608992077310659e-06,
    4.264512367579908e-06,
    3.985094683317587e-06,
    3.7489409242245307e-06,
    3.534080673830891e-06,
    3.3183694913793092e-06,
    3.1129598744685867e-06,
    2.9179132640529047e-06,
    2.7332915899071003e-06,
    2.5591572775153513e-06,
    2.3843264276491885e-06,
    2.2087948528184535e-06,
    2.06643430479452e-06,
    1.9800744318611238e-06,
    1.9047038565580217e-06,
    1.829028753975751e-06,
    1.7530472740906937e-06,
    1.6767575533774206e-06,
    1.6001577115021251e-06,
    1.5232458543536445e-06,
    1.4460200710124388e-06,
    1.3684784354038728e-06,
    1.2906190065737677e-06,
    1.2355339184774048e-06,
    1.19179294815777e-06,
    1.1478716024641787e-06,
    1.1037687640529047e-06,
    1.059483304558337e-06,
    1.0150140884506373e-06,
    9.703599689025349e-07,
    9.255197905447959e-07,
    8.804923880884896e-07,
    8.352765866005351e-07,
    7.898712009526057e-07,
    7.442750363722247e-07,
    7.103256489135568e-07,
    6.76233014682727e-07,
    6.41996226027397e-07,
    6.076143659266256e-07,
    5.73086510746339e-07,
    5.384117285860493e-07,
    5.035890792788535e-07,
    4.686176154936229e-07,
    4.334963810817193e-07,
    3.9822441135254283e-07,
    3.628007347268146e-07,
    3.2722436943001095e-07,
    2.914943267989292e-07,
    2.556096085262163e-07,
    2.1956920803810416e-07,
    1.8337211049441026e-07,
    1.5926873197134305e-07,
    1.350600988427019e-07,
    1.1074551976066758e-07,
    8.632429759093053e-08,
    6.179572941269089e-08,
    3.715910596756415e-08,
    1.2413711659581165e-08,
    0.0,
    0.0,
    0.0,
    0.0,
    0.0,
    0.0,
    0.0,
    0.0,
    0.0,
    0.0,
    0.0,
    0.0,
    0.0,
    0.0,
    0.0,
    0.0,
    0.0,
    0.0,
    0.0,
    0.0,
    0.0,
    0.0,
    0.0,
    0.0,
    0.0,
    0.0,
    0.0,
    0.0,
    0.0,
    0.0,
    0.0,
    0.0,
    0.0,
    0.0,
    0.0,
    0.0,
    0.0,
    0.0,
    0.0,
    0.0,
    0.0,
    0.0,
    0.0,
    0.0,
    0.0,
    0.0,
    0.0,
    0.0,
    0.0,
    0.0,
    0.0,
    0.0,
    0.0,
    0.0,
    0.0,
    0.0,
    0.0,
    0.0,
    0.0,
    0.0,
    0.0,
    0.0,
    0.0,
    0.0,
    0.0,
    0.0,
    0.0,
    0.0,
    0.0,
    0.0,
    0.0,
    0.0,
    0.0,
    0.0,
    0.0,
    0.0,
    0.0,
    0.0,
    0.0,
    0.0,
    0.0,
    0.0,
    0.0,
    0.0,
    0.0,
    0.0,
    0.0,
    0.0,
    0.0,
    0.0,
    0.0,
    0.0,
    0.0,
    0.0,
    0.0,
    0.0,
    0.0,
    0.0,
    0.0,
    0.0,
    0.0,
    0.0
  ],