{
  "success": true,
  "x0": [
    0.5104637441974267,
    0.29700295603849275,
    0.19253329976408062,
    0.6411641394469768,
    0.45021680206301146,
    0.9502439290058158
  ],
  "x": [
    0.409197716566097,
    0.590802283433903,
    0.0,
    19.302434466193098,
    9.4849717041992,
    0.9502439290058158
  ],
  "SSE": 0.0002552512927279828,
  "exp_data": [
    1.0,
    0.9268992480654255,
    0.8556662282661592,
    0.7877382539360892,
    0.7243936508195055,
    0.6663194877662888,
    0.6136364630810242,
    0.5659687015041626,
    0.5227576045749732,
    0.4834193430442729,
    0.4474816163346894,
    0.41458629827494664,
    0.38445917462183243,
    0.35683474822292843,
    0.3315035687185132,
    0.3082357281513225,
    0.286812380107883,
    0.26706709472436435,
    0.24884438896011873,
    0.2320148687951602,
    0.2164752970153574,
    0.20213022608300207,
    0.18887720081908735,
    0.17662028756049253,
    0.16526787635895235,
    0.15474306008552605,
    0.14496729877815479,
    0.13588467257256906,
    0.12743235136520345,
    0.11956462928879827,
    0.11223814626845534,
    0.1054156881174343,
    0.09906908633640325,
    0.09316110046737881,
    0.08765918053825433,
    0.08251820082631198,
    0.07770577214045452,
    0.07318875008307875,
    0.06894885087711997,
    0.06496637846555678,
    0.06121908913004781,
    0.05769105527385012,
    0.054371892979746796,
    0.05124866437560155,
    0.04830873845211867,
    0.04554164784326262,
    0.04293660320775908,
    0.040482077404251054,
    0.038168180295815056,
    0.035990739874049944,
    0.03394345616594059,
    0.032020744201396306,
    0.030212376461983104,
    0.02851132151766792,
    0.026908284632501292,
    0.025400635367020304,
    0.02398226906954711,
    0.02264565256427019,
    0.021387646658043807,
    0.020207303332284123,
    0.019094495453471534,
    0.018043388658196973,
    0.01704602305648004,
    0.01609632209826936,
    0.015197189694854979,
    0.014346128321111592,
    0.01354621262710982,
    0.012797258589614073,
    0.012096892161191895,
    0.011435024359976143,
    0.010807607565148557,
    0.010214162392605924,
    0.009651090246941541,
    0.0091191283916841,
    0.008616458622004603,
    0.008139874485458193,
    0.007687960362736063,
    0.007256989828142299,
    0.00684527380661254,
    0.006453502972367027,
    0.006079733080243267,
    0.005724732722617971,
    0.005388101647692252,
    0.005067058223799242,
    0.004759898226478388,
    0.004467073417613013,
    0.00418771965649374,
    0.003922425764640174,
    0.0036705163879437877,
    0.0034299035972416144,
    0.0032032149688204998,
    0.0029907130053496685,
    0.002790303433358998,
    0.0026017125038617136,
    0.002423161372753542,
    0.002255201748481577,
    0.002096992450625767,
    0.0019487498513014873,
    0.0018084778923704529,
    0.0016765532040025975,
    0.0015529612884357578,
    0.0014381100110500704,
    0.0013312815216661546,
    0.0012322335523125884,
    0.0011396182843447092,
    0.0010543187515909304,
    0.0009746678381538732,
    0.0008999259985610532,
    0.0008296906546196265,
    0.0007645841318860414,
    0.0007044895410264522,
    0.0006486017869729568,
    0.0005967701879322153,
    0.0005493028713425837,
    0.0005055024600597543,
    0.00046550311075602255,
    0.0004283132908784836,
    0.0003946130072458667,
    0.0003636665940844354,
    0.0003354882710353093,
    0.0003097433164788615,
    0.00028621124376948504,
    0.0002643781678391591,
    0.00024401901956601317,
    0.00022546365026842222,
    0.00020854543374102498,
    0.00019391952087139815,
    0.00018097963241603678,
    0.00016938069016521015,
    0.00015847974786029756,
    0.00014860604510829,
    0.00013943885983986768,
    0.00013107102701228148,
    0.00012344726900354272,
    0.00011672056001110057,
    0.00011071651019638636,
    0.00010502019881495038,
    9.948344122094943e-05,
    9.398701628365608e-05,
    8.862135484140291e-05,
    8.350765908608878e-05,
    7.852656400921112e-05,
    7.37694827017005e-05,
    6.938906006837505e-05,
    6.541767058679734e-05,
    6.161435070264524e-05,
    5.8467237518186096e-05,
    5.546127613131789e-05,
    5.256667165458194e-05,
    4.990650032487009e-05,
    4.7390021410014155e-05,
    4.5079478161903627e-05,
    4.282207247260273e-05,
    4.0618095772083125e-05,
    3.862233094933868e-05,
    3.6804969568256955e-05,
    3.51359840112187e-05,
    3.349191974787434e-05,
    3.193516650767595e-05,
    3.0497391880609346e-05,
    2.9116774511100603e-05,
    2.7731034257557856e-05,
    2.6371499865493614e-05,
    2.506973344296173e-05,
    2.379458400047236e-05,
    2.2546200791450162e-05,
    2.1293141990788845e-05,
    2.0098684223311286e-05,
    1.9026579878247515e-05,
    1.8109290905054317e-05,
    1.7315862985474723e-05,
    1.655132614076523e-05,
    1.5847795725318843e-05,
    1.5205619023618324e-05,
    1.4561000585852618e-05,
    1.3913926458313646e-05,
    1.3264382583136509e-05,
    1.2612354791686346e-05,
    1.1990147266414734e-05,
    1.1365551227562585e-05,
    1.0738552897496454e-05,
    1.010913838781294e-05,
    9.477293706778458e-06,
    8.843004752716106e-06,
    8.206257314005666e-06,
    7.567037069083607e-06,
    6.925329586443078e-06,
    6.346891213627774e-06,
    5.7661933163674995e-06,
    5.1832226278932435e-06,
    4.631044670760509e-06,
    4.076697055857344e-06,
    3.5533760928200277e-06,
    3.0945399936230506e-06,
    2.6672306974492196e-06,
    2.2382290867973543e-06,
    1.8409977755077934e-06,
    1.4757262488190832e-06,
    1.142605500590458e-06,
    8.418280514879544e-07,
    5.398474926783183e-07,
    2.3665659104865368e-07,
    3.387597260273972e-08,
    0.0,
    0.0,
    0.0,
    0.0,
    0.0,
    0.0,
    0.0,
    0.0,
    0.0,
    0.0,
    0.0,
    0.0,
    0.0,
    0.0,
    0.0,
    0.0,
    0.0,
    0.0,
    0.0,
    0.0,
    0.0,
    0.0,
    0.0,
    0.0,
    0.0,
    0.0,
    0.0,
    0.0,
    0.0,
    0.0,
    0.0,
    0.0,
    0.0,
    0.0,
    0.0,
    0.0,
    0.0,
    0.0,
    0.0,
    0.0,
    0.0,
    0.0,
    0.0,
    0.0,
    0.0,
    0.0,
    0.0,
    0.0,
    0.0,
    0.0,
    0.0,
    0.0,
    0.0,
    0.0,
    0.0,
    0.0,
    0.0,
    0.0,
    0.0,
    0.0,
    0.0,
    0.0,
    0.0,
    0.0,
    0.0,
    0.0,
    0.0,
    0.0,
    0.0,
    0.0,
    0.0,
    0.0,
    0.0,
    0.0,
    0.0,
    0.0,
    0.0,
    0.0,
    0.0,
    0.0,
    0.0,
    0.0,
    0.0,
    0.0,
    0.0,
    0.0,
    0.0,
    0.0,
    0.0,
    0.0,
    0.0,
    0.0,
    0.0,
    0.0,
    0.0,
    0.0,
    0.0,
    0.0,
    0.0,
    0.0,
    0.0,
    0.0,
    0.0,
    0.0,
    0.0,
    0.0,
    0.0,
    0.0,
    0.0,
    0.0,
    0.0,
    0.0,
    0.0,
    0.0,
    0.0,
    0.0,
    0.0,
    0.0,
    0.0,
    0.0,
    0.0,
    0.0,
    0.0,
    0.0,
    0.0,
    0.0,
    0.0,
    0.0,
    0.0,
    0.0,
    0.0,
    0.0,
    0.0,
    0.0,
    0.0,
    0.0,
    0.0,
    0.0,
    0.0,
    0.0,
    0.0,
    0.0,
    0.0,
    0.0,
    0.0,
    0.0,
    0.0
  ],