{
  "success": true,
  "x0": [
    0.38423714089147637,
    0.3399518670160609,
    0.2758109920924626,
    0.5630967864906977,
    0.2200621357773688,
    0.8113971005538207
  ],
  "x": [
    0.197720607908362,
    0.802279392091638,
    0.0,
    104.09699519484872,
    10.396218979723468,
    0.8113971005538207
  ],
  "SSE": 0.0050017555433603655,
  "exp_data": [
    1.0,
    0.9294905828713635,
    0.8641523719303112,
    0.8028447385270591,
    0.7449282293852323,
    0.6902887171850429,
    0.6390850535773033,
    0.5916379920297401,
    0.5483588610430035,
    0.5096354847141843,
    0.4754844998355009,
    0.44532323392641576,
    0.4184807417426993,
    0.39449836680791084,
    0.37300768835348386,
    0.3537044794087078,
    0.3362845015733781,
    0.32053609253579174,
    0.306245870172433,
    0.29325232198572876,
    0.28137032202088175,
    0.27047377330883626,
    0.2604451761390465,
    0.2511532112270325,
    0.24255677346466553,
    0.23458693467752995,
    0.22713534736686114,
    0.22011340968494608,
    0.2134696622205151,
    0.20720024706118467,
    0.2012621260440576,
    0.19562726540326308,
    0.19027726057211422,
    0.18518634569650722,
    0.18036173935036703,
    0.17582187235139507,
    0.17154476387625442,
    0.16752063193852884,
    0.16368646632751613,
    0.16007884184500412,
    0.1567121062433649,
    0.15357052317158407,
    0.1506067310562533,
    0.14780451146719847,
    0.1451401160688007,
    0.14259114582908794,
    0.14013339202985073,
    0.1377694486227021,
    0.13550266135905412,
    0.1333182659450091,
    0.13118850436310428,
    0.12912661104855216,
    0.12713245594919764,
    0.12519514057043046,
    0.1233335563124685,
    0.12150122121023027,
    0.11971853626354582,
    0.11793114214654839,
    0.11619704098231746,
    0.11451175158150836,
    0.11288206997977074,
    0.11127338744462197,
    0.10969395476581538,
    0.10817611715155145,
    0.10670290449911306,
    0.10525826740564466,
    0.10384903100996835,
    0.10244186062868059,
    0.10104469184032615,
    0.0996749696136864,
    0.09835591586116678,
    0.09710092281985422,
    0.0958915324507961,
    0.09474118608035319,
    0.09366249118202508,
    0.09264077593522874,
    0.0916720084041355,
    0.09073796017661655,
    0.0898102576906043,
    0.08889387637647482,
    0.0880030792158467,
    0.08711948039979549,
    0.08624323909120009,
    0.08535152874426098,
    0.08446103578525176,
    0.08360303491739689,
    0.08275727396044275,
    0.08192259179755372,
    0.0811100812187174,
    0.0803166471998549,
    0.0795549369546975,
    0.0788195918423306,
    0.07809322302605576,
    0.07738839545457828,
    0.07667877147410644,
    0.07594837105455968,
    0.07522193880118577,
    0.0744920150232216,
    0.0737443318522582,
    0.0729785771060596,
    0.07218823113806894,
    0.071417001384739,
    0.07067390573679186,
    0.06994629096730569,
    0.06925484375882951,
    0.0685901021326022,
    0.06794383277711162,
    0.06732496454107333,
    0.06671940444543842,
    0.06612686283445181,
    0.06554239649091423,
    0.06496708922944422,
    0.06441391294157706,
    0.06386516201210864,
    0.06335223426101753,
    0.06287449322996656,
    0.06237779737564358,
    0.06184822308706784,
    0.061287249676991395,
    0.06070066087313774,
    0.06008918450893408,
    0.05944016220209941,
    0.05877285661592853,
    0.05809146342824109,
    0.0574364588324617,
    0.056774937051781896,
    0.056129900999141294,
    0.05550341311724344,
    0.05490318705519269,
    0.05432999940087739,
    0.05376028877367037,
    0.05320709297144957,
    0.05268448768746975,
    0.05222793840681096,
    0.05180724417584714,
    0.051400787934706454,
    0.051020078893594986,
    0.0506506302207335,
    0.05029779516632338,
    0.04993863912747164,
    0.04959718666741802,
    0.04927222815877167,
    0.04892003419824626,
    0.048553000023924715,
    0.04815005872969663,
    0.04771423216411435,
    0.04726401451813702,
    0.04683673979171628,
    0.04644504913539527,
    0.046105576545691605,
    0.045816548080271594,
    0.045574568806875576,
    0.045364871973104404,
    0.045157846827029655,
    0.04496816560322346,
    0.04480377660795602,
    0.044639277150741036,
    0.04448622417824758,
    0.04434907181568144,
    0.0442133990132612,
    0.04406083951731504,
    0.04389767290332408,
    0.0437249815498252,
    0.04352262686152349,
    0.04329882136848829,
    0.043069192910985314,
    0.04281286363383226,
    0.0425169366564265,
    0.04217833875749856,
    0.04180864760308068,
    0.04139345621388407,
    0.04095213381621229,
    0.040501542946466726,
    0.04006198810240962,
    0.03961346464430407,
    0.03917237152850381,
    0.03874973902786968,
    0.0383305910587894,
    0.03791737421019794,
    0.03753996033935475,
    0.037179917708081295,
    0.03681319968587674,
    0.03647681762473709,
    0.03616638158923107,
    0.03586065609842164,
    0.03554189278770911,
    0.035211621109465366,
    0.03488413963483404,
    0.03457097235972747,
    0.034275545942225503,
    0.03398562171024529,
    0.033711186245072584,
    0.03343045677590791,
    0.03319601292411378,
    0.03297767238915205,
    0.032764205709265616,
    0.03251512564842742,
    0.03220431263474769,
    0.03187746596799011,
    0.031523495472254436,
    0.031142967697011883,
    0.030725723188296684,
    0.030308768435031542,
    0.029880327456898816,
    0.029454569937204376,
    0.029037715583860785,
    0.02862053331153098,
    0.028173902370065725,
    0.027721438037843358,
    0.027288237862135405,
    0.02686572467809556,
    0.02644870491824601,
    0.026027144468256623,
    0.0256230840787915,
    0.025229681619471592,
    0.024860457135662973,
    0.024507114465880265,
    0.024150520613629878,
    0.023783488241319713,
    0.02341477014682614,
    0.023019286366510665,
    0.022616181371936446,
    0.022234155040541933,
    0.021892370910621222,
    0.02158148665624227,
    0.02129010148258325,
    0.020995300415888672,
    0.02071089781649708,
    0.020424761530698984,
    0.020149471384506852,
    0.019851000349167085,
    0.01954221299525999,
    0.019232106037275817,
    0.01890295855333864,
    0.018571492363584057,
    0.01826963774654577,
    0.017997172537682668,
    0.017748815606466864,
    0.01755936863008233,
    0.01739853289870177,
    0.017269415514912633,
    0.017181840647647075,
    0.017135912794553586,
    0.017118844774273362,
    0.017114875286221482,
    0.017122867473930777,
    0.01714243537717122,
    0.017166665226790865,
    0.01720047086147579,
    0.017262044031841346,
    0.017346494661738175,
    0.0174564119962641,
    0.0176159136154431,
    0.01782365783806924,
    0.0180119368695765,
    0.018181568297314033,
    0.018370118336736727,
    0.01855536064941875,
    0.018712913826470803,
    0.018846723817349063,
    0.018927753640997403,
    0.01899354553531629,
    0.019048289210465374,
    0.019083740182995343,
    0.019091270205053752,
    0.01904192091826429,
    0.018964661880216824,
    0.018885317386211485,
    0.018747718857100408,
    0.01855595821968787,
    0.018333714430442807,
    0.018079879592894026,
    0.017785488298365664,
    0.017479650236516067,
    0.017143363198343038,
    0.016758665381057945,
    0.016351919974520526,
    0.01587406074236956,
    0.015321671515190526,
    0.014742497278741575,
    0.014183960917669061,
    0.013658119256119563,
    0.013192892877160333,
    0.012786646792913471,
    0.012402991098311453,
    0.01210535302051044,
    0.01193607741145496,
    0.011837823924045157,
    0.011807383125866665,
    0.011858418169477384,
    0.011968775788937114,
    0.012129365545874488,
    0.012269716080522708,
    0.012399580667326082,
    0.012520110862259671,
    0.012610007955965761,
    0.012652892870433073,
    0.012655797141571255,
    0.012642722606397455,
    0.012590576867052441,
    0.012533036564020883,
    0.012461595533803257,
    0.01236288825762862,
    0.012224816479229595,
