{
  "success": true,
  "x0": [
    0.5564761232572094,
    0.11580153493060048,
    0.3277223418121902,
    0.5227585081457842,
    0.4453616525676679,
    0.43825044001384406
  ],
  "x": [
    0.08852971185070989,
    0.8469742457731065,
    0.06449604237618348,
    443.53581386502844,
    2.15607837604698,
    0.43825044001384406
  ],
  "SSE": 0.01690022396003127,
  "exp_data": [
    1.0,
    0.6511160853184188,
    0.3839696274002432,
    0.2671622273820896,
    0.21232832559434583,
    0.18161494349365026,
    0.16238553557825125,
    0.14924616201973537,
    0.13959336805926206,
    0.13196828421936482,
    0.12560774115206813,
    0.12027200342389954,
    0.11586444035889336,
    0.11210134619139704,
    0.1090101263875381,
    0.1062870453238408,
    0.10369395903716146,
    0.10153539941490723,
    0.09958373357196776,
    0.0978315054985458,
    0.09626987456737346,
    0.0950632166006928,
    0.09397632061686602,
    0.09274363186096016,
    0.09165649515751884,
    0.09056478661815344,
    0.08959451189628181,
    0.08857094746210076,
    0.08756412220523371,
    0.08665857942277831,
    0.08581241865481491,
    0.0850959770247595,
    0.08441128398772743,
    0.08363967679091575,
    0.08282690870611557,
    0.08205859587431495,
    0.08138242434764884,
    0.08079233645164506,
    0.08025142274045727,
    0.07974289505549813,
    0.07924980593394805,
    0.07870333969205859,
    0.0782100008535443,
    0.07777587189386208,
    0.07732472609074037,
    0.07693889951276311,
    0.07655834056874933,
    0.0760909245379572,
    0.07569880846843148,
    0.0753476773568025,
    0.07503181758876978,
    0.07466218734320933,
    0.07420254272858258,
    0.07391574134402008,
    0.07369414907578467,
    0.07346621564800804,
    0.07321492302718732,
    0.0729069595126405,
    0.07262833246370927,
    0.07245503697287926,
    0.07215316796291348,
    0.07194154949993165,
    0.07180030194296183,
    0.07157064774358307,
    0.07126967072408334,
    0.0709693609900658,
    0.070720232769915,
    0.0705235488491941,
    0.07027509073217905,
    0.06982861973304795,
    0.06947485758449848,
    0.06914443038114795,
    0.06878022539276098,
    0.06841813037354073,
    0.06807848456235001,
    0.06783427220166406,
    0.0676738372922798,
    0.06747916751558225,
    0.06734970979193848,
    0.06724644519902155,
    0.06700210748858852,
    0.06683271115796409,
    0.06667518346111428,
    0.06643599701165065,
    0.06614250521180257,
    0.06592428236467468,
    0.06572904489150741,
    0.0655291423198894,
    0.06537812005315746,
    0.06535374875664383,
    0.06538889537257765,
    0.0653269102178809,
    0.06512364013597727,
    0.06496282030468743,
    0.0648342548761255,
    0.06477703380475328,
    0.06470056628529629,
    0.06451510954641183,
    0.0643554769364155,
    0.06412091698928099,
    0.06390020061728291,
    0.0638127522744627,
    0.06374248093387153,
    0.0636761102427335,
    0.06362685370957664,
    0.06353152658792262,
    0.06334647202179547,
    0.06317591171645007,
    0.0630651584009909,
    0.06299323972345033,
    0.06283402641918862,
    0.06262906077737866,
    0.06245880190501296,
    0.062463536832507105,
    0.062386801372033646,
    0.06230811520543427,
    0.06219403352724373,
    0.06217293447344575,
    0.06219314520551332,
    0.06221316397342338,
    0.06216788593752149,
    0.06199680844980494,
    0.06186680767230652,
    0.0617503796444458,
    0.0616759542743399,
    0.06159558832596218,
    0.06158529325259353,
    0.061433948603988306,
    0.06132962639124243,
    0.06109527341072675,
    0.06085769888683505,
    0.060667692494756675,
    0.0606395368353899,
    0.06072363837728126,
    0.06081266816321468,
    0.060688270867233544,
    0.060585659561022534,
    0.06061263968230305,
    0.060571512876064965,
    0.06051466498171852,
    0.060362643659011,
    0.06013614083219141,
    0.059911140858038114,
    0.05984042288755631,
    0.0598238364628909,
    0.05976290497081204,
    0.0596649996217311,
    0.059711892051174005,
    0.05963996610399041,
    0.05951882882188527,
    0.05943986684922891,
    0.05938615024473373,
    0.05926048988315929,
    0.05916589954708261,
    0.05912307468942959,
    0.059074934650929445,
    0.05902773492582171,
    0.058909771935595774,
    0.058849897852521454,
    0.05886226782309441,
    0.05888389925461075,
    0.05885486609914233,
    0.058966521279851435,
    0.05899688593073472,
    0.059053232685585884,
    0.05901925755150719,
    0.05892127245861382,
    0.05892291479233845,
    0.05890107062231449,
    0.058926289558023516,
    0.05891669755772982,
    0.058857950386385374,
    0.058839199213400105,
    0.05877215281948587,
    0.05868369079118283,
    0.05871030341288163,
    0.058760288982338885,
    0.0587870771972962,
    0.05886985867539973,
    0.058934802362904874,
    0.05900306410829321,
    0.058969116025927554,
    0.05879452467936516,
    0.05870875421533609,
    0.05865401362584289,
    0.05857796411410034,
    0.05842142967493122,
    0.05823784876008546,
    0.058051176472287976,
    0.057976176891820656,
    0.05793060334411186,
    0.05783417496775355,
    0.05763319863130578,
    0.05738902061582256,
    0.0571881719647831,
    0.05714667993845803,
    0.05705482462114602,
    0.05689501082690634,
    0.05672752267713974,
    0.0566278355897318,
    0.05655373365545929,
    0.056540237581277006,
    0.056585271456458,
    0.05658026880565718,
    0.05658704069386535,
    0.05657826096042355,
    0.05648616394596864,
    0.05640471219086577,
    0.05631821941691464,
    0.056207312583229065,
    0.056038505667344876,
    0.055889983392333024,
    0.05577300223526766,
    0.055635103500683965,
    0.0555652660975181,
    0.05544219225927765,
    0.05540086520631389,
    0.05550691524274963,
    0.055571397666650084,
    0.05547163815172922,
    0.055370988120162425,
    0.05524842558036547,
    0.055117879751604676,
    0.05502596931717272,
    0.054924814120900056,
    0.054805238616400256,
    0.05458746328461995,
    0.05439647519292485,
    0.05420395347914266,
    0.054066910942218445,
    0.05407355942794618,
    0.054124380289384044,
    0.05422160479355929,
    0.05424465222327404,
    0.0542250007491769,
    0.054076023313415184,
    0.05400958470471275,
    0.05408463780957426,
    0.054051642670368154,
    0.054030617746457635,
    0.054108188043053715,
    0.05403786802573241,
    0.053882638481549616,
    0.05385283033721997,
    0.05394218760720825,
    0.05394226890055219,
    0.054009792087290044,
    0.054056397044174975,
    0.05390192139608882,
    0.05361940351004514,
    0.053322798432663424,
    0.053164472317324116,
    0.053075480059092704,
    0.05295787470542693,
    0.05279553602041171,
    0.052589955130713954,
    0.05233639079548414,
    0.05221888498720102,
    0.052176136230053634,
    0.05212569933812216,
    0.052041016516986054,
    0.05186102076364675,
    0.05165713267678354,
    0.05144874735711249,
    0.05127399627805359,
    0.05110717465611921,
    0.05091787675091208,
    0.05081148900056434,
    0.05073318776993915,
    0.05066501180285742,
    0.050520719107237474,
    0.05036185129151912,
    0.05026783280911417,
    0.05005994327038532,
    0.049957373233352545,
    0.04984296875772674,
    0.0497021317650927,
    0.049581733409884615,
    0.049416925029406485,
    0.0492682073120457,
    0.04911661066307442,
    0.0489271182171436,
    0.04876407421927208,
    0.04869362440862595,
    0.04870392600788129,
    0.048631984829540474,
    0.04846812078621344,
    0.04824514724756365,
    0.048224862754231185,
    0.048121478658156594,
    0.04797635919763843,
    0.04787641311646541,
    0.04791005296258148,
    0.0479044698999613,
    0.047847116840685634,
    0.047741456018265745,
    0.04767043937955996,
    0.04759049232933106,
    0.04758848630048395,
    0.047543366493861046,
    0.047373135011983064,
    0.04730068616385432,
    0.04714435656759709,
    0.047022643999129365,
