{
  "success": true,
  "x0": [
    0.3428109729736601,
    0.40560603854248295,
    0.25158298848385696,
    0.6651856773089037,
    0.21679567152715845,
    0.5162676674659967
  ],
  "x": [
    0.08731989184093253,
    0.8711243293925055,
    0.04155577876656199,
    1758.0618834670584,
    2.222004672357816,
    0.5162676674659967
  ],
  "SSE": 0.012817400088149668,
  "exp_data": [
    1.0,
    0.66994167357836,
    0.40881907128935163,
    0.28335479086435406,
    0.22120116109553095,
    0.18608146289174404,
    0.16425804317205656,
    0.1496713769380405,
    0.1392352554021019,
    0.13130002421793396,
    0.12506425958522582,
    0.11998018833545598,
    0.11576176374206154,
    0.1121969600255574,
    0.10920111395191232,
    0.10661125710871645,
    0.10432339142910113,
    0.10227820042481496,
    0.10048283688346779,
    0.09890048764627439,
    0.09741046053424789,
    0.09608549554190332,
    0.09494384701384993,
    0.09393925186963732,
    0.09306009403402145,
    0.09222648476718452,
    0.09145765794330474,
    0.09074770837157918,
    0.09006950377094662,
    0.08935192101162007,
    0.08869401581863384,
    0.08811086472907269,
    0.08757803457626435,
    0.08711185771092984,
    0.08672523523245046,
    0.08631499942399683,
    0.08587945337610194,
    0.08542280341352265,
    0.08500292966441865,
    0.08468793886187453,
    0.0844252202033014,
    0.08417941298690061,
    0.08391435547935991,
    0.08363686360484653,
    0.0833728303032262,
    0.08316488996533064,
    0.0830088213101253,
    0.082832518999081,
    0.08266291430243099,
    0.08248181551075989,
    0.08238115716265301,
    0.08224887992803195,
    0.08204673575470155,
    0.08178564023919707,
    0.08152916586850234,
    0.08130482261825642,
    0.08114137490089394,
    0.08096856541639641,
    0.08081827221725287,
    0.0806523980608201,
    0.08053241671674015,
    0.08035370722845642,
    0.08015164130988299,
    0.07997638548582424,
    0.0798696730901646,
    0.07977575385464153,
    0.0796591486359597,
    0.07958677856504137,
    0.0795015254328379,
    0.07940427381672387,
    0.07927126877237002,
    0.07915950346200627,
    0.07903303929166174,
    0.07889499833074481,
    0.07880393612810467,
    0.07874737055979282,
    0.07871173890662446,
    0.07864605987795283,
    0.07858512961031239,
    0.07847991268988326,
    0.0783768739524939,
    0.0782796877779087,
    0.07821283768282743,
    0.07814374702688628,
    0.0781606009319107,
    0.07822320966859753,
    0.0782796070403483,
    0.07838193269228048,
    0.07844980089164036,
    0.07841773290023253,
    0.07835912820313326,
    0.07832805738968197,
    0.07831558022166547,
    0.07828574205815914,
    0.07822919938835578,
    0.07821777177794194,
    0.07823382134780776,
    0.078223901414551,
    0.07817095265065838,
    0.07807673107395782,
    0.07801725462810079,
    0.07801841865344472,
    0.07802793925318946,
    0.07800005704058037,
    0.07804963364679349,
    0.07810908337958762,
    0.07810135364989765,
    0.0780733761960252,
    0.0780423883793597,
    0.07795890812357346,
    0.07790508691471475,
    0.07790163745503031,
    0.0778882917653221,
    0.07786493670092018,
    0.07782514389339909,
    0.07785939149276296,
    0.07791619206288487,
    0.07792849114178231,
    0.0779470010196601,
    0.07791301232099238,
    0.07786340816158405,
    0.0778572422804476,
    0.07782422448732298,
    0.07775662466426532,
    0.07769521419692858,
    0.07764542268375188,
    0.0776222352876896,
    0.07762987744214274,
    0.07764913594194167,
    0.07759619737127729,
    0.07754437783445618,
    0.07747912788766274,
    0.07748139635033756,
    0.07752260238420534,
    0.07754221617358788,
    0.07748161951530345,
    0.07743925298984922,
    0.07740169381167503,
    0.07739072950751742,
    0.07740237784753252,
    0.07737512708605748,
    0.0773471053842555,
    0.07734302378601265,
    0.07735495036367779,
    0.07736578037374904,
    0.07737471378653682,
    0.07732825712993299,
    0.07726448090593982,
    0.07724807928604725,
    0.07724124986518541,
    0.07716282759184745,
    0.07704028443913094,
    0.07700031568663676,
    0.07703986598769494,
    0.077166435189256,
    0.07723669328280205,
    0.07723920691417577,
    0.07727067870799746,
    0.07723565617586828,
    0.07717294177511767,
    0.07715524100722472,
    0.0771919691847899,
    0.0772405586231561,
    0.07721327561795045,
    0.07714131793010477,
    0.07711182526288649,
    0.07704628584730223,
    0.0769584331585149,
    0.07688222796828542,
    0.0768999573548871,
    0.07695079082873373,
    0.07688208849307837,
    0.07686333023779196,
    0.07686744660177745,
    0.07684432994439205,
    0.07684861817946392,
    0.0768207338869576,
    0.07677618761866564,
    0.0767418661700492,
    0.0767307287690648,
    0.07667944875210803,
    0.07669947953876578,
    0.07674238265437773,
    0.0768053604561993,
    0.07683174836163863,
    0.07684729189003775,
    0.07691986240699174,
    0.07696926912827544,
    0.07696723910893329,
    0.0769855951792366,
    0.07700206084775765,
    0.07703664816842173,
    0.07707699280575003,
    0.07714909867360702,
    0.0771978999201235,
    0.07717994906008353,
    0.07712929875662708,
    0.0771128195137522,
    0.07712392978263198,
    0.07712674563632405,
    0.07706173755743696,
    0.07700204425130404,
    0.07695671360613876,
    0.07688106869577126,
    0.07682890631201038,
    0.07672233268148954,
    0.07667261165089817,
    0.07668878675378638,
    0.07671538513621169,
    0.07681229248651873,
    0.07691186272140517,
    0.07685360891984114,
    0.07675989435639903,
    0.07667120597306011,
    0.07659273247778485,
    0.07649430335019161,
    0.07644462051545585,
    0.07637779408565687,
    0.0763148812343969,
    0.0763054995861827,
    0.07627702659659315,
    0.07624134230248573,
    0.07622781012189869,
    0.07621828275700053,
    0.07623691662795855,
    0.07619754194168643,
    0.07616082926926718,
    0.07614713911939056,
    0.076163620895392,
    0.07620107053022464,
    0.07628327966817851,
    0.0762703407461084,
    0.07624284790565063,
    0.07619695235227973,
    0.07620713287607035,
    0.07621479023004246,
    0.07616717207090941,
    0.07608240284429924,
    0.0760017780590668,
    0.07592976621079231,
    0.07592746253219314,
    0.07602936933563734,
    0.07611554272143133,
    0.07611730717478248,
    0.0760614111706339,
    0.07608388996025081,
    0.07613243570755324,
    0.07613417195686109,
    0.0761689460202718,
    0.07621608955774895,
    0.07622993922561387,
    0.07626540431609027,
    0.07626858397897836,
    0.07628488299913541,
    0.07631595423634749,
    0.07634033550523207,
    0.0762803911914768,
    0.07624882017285886,
    0.07621268158162255,
    0.07620059325180005,
    0.07621017329755946,
    0.0762493711936931,
    0.0762796081939215,
    0.07625428341276361,
    0.07621827074840463,
    0.07617854643108334,
    0.07617669912664209,
    0.07624490493616827,
    0.07627125821086181,
    0.0762946873742673,
    0.07628260863749502,
    0.07627207880074913,
    0.07620636600673984,
    0.07613185171468131,
    0.07607522188462061,
    0.07606079952389119,
    0.076106900402528,
    0.07609888812949676,
    0.076082743967731,
    0.07607973968055068,
    0.0760546410256376,
    0.07598945212077457,
    0.07596010742122693,
    0.07598344489794429,
    0.07600453290716042,
    0.07598297735820081,
    0.07597806227732792,
    0.07602396793317873,
    0.07601823704672707,
    0.07607565625923643,
    0.07615265975648883,
    0.07612825418393543,
    0.07603191733731061,
    0.07588459586821002,
    0.07576269195298528,
    0.075656531928107,
    0.07552184639022295,
    0.07542155646306359,
    0.07538015240758114,
    0.07542046830267743,
    0.0754782705304241,
    0.07552112851680398,
    0.07555160572156686,
    0.07564764238944265,
    0.07571752293655623,
    0.07574268509323619,
    0.07577126085197883,
