{
  "success": true,
  "x0": [
    0.5170321606450178,
    0.2916207511538191,
    0.19134708820116317,
    0.6143573786435301,
    0.18010205413531924,
    0.10078153832803528
  ],
  "x": [
    0.08516765191777337,
    0.8579216365346095,
    0.056910711547617086,
    2146.713609817057,
    2.135520502422764,
    0.10078153832803528
  ],
  "SSE": 0.014591878813899015,
  "exp_data": [
    1.0,
    0.6514597059295066,
    0.38265691750207553,
    0.26532984829547446,
    0.20992149491011933,
    0.17884740057109288,
    0.15936988155441834,
    0.14600211190323856,
    0.13611248541898047,
    0.1283845145570465,
    0.12222187795195444,
    0.11734938051836338,
    0.11336575231387667,
    0.1099786112049917,
    0.10712166202370983,
    0.10461381849224469,
    0.1023623774325601,
    0.10030042827095426,
    0.0985879783230607,
    0.09715133303695776,
    0.09572083236528861,
    0.09440623890614705,
    0.09334250181531975,
    0.09235935705410667,
    0.0913174792757889,
    0.09029699927299085,
    0.08952585462539824,
    0.08890958685226402,
    0.08825729911089866,
    0.08752740959489202,
    0.08680331714322226,
    0.08622005738291004,
    0.08576160358794992,
    0.08537528464462034,
    0.08503201888404613,
    0.08455575124312131,
    0.08411285419698675,
    0.08371561036315646,
    0.08340579442078713,
    0.08320347251740028,
    0.08299360942600029,
    0.08279849138714111,
    0.08252608846724258,
    0.08218334290226806,
    0.0819046368420503,
    0.08170388911970454,
    0.08143176860418581,
    0.08114303824275994,
    0.08100378134929614,
    0.08089210749192365,
    0.08084844505025508,
    0.0807209082707976,
    0.08052266901627604,
    0.08025280341752382,
    0.079983210960892,
    0.07973157323507603,
    0.07955588770507586,
    0.07937177335864778,
    0.07926680413365227,
    0.0790759060134365,
    0.07891471130231992,
    0.07873413116887805,
    0.07855035130018038,
    0.07839769111061187,
    0.07835668151973797,
    0.07832942392303986,
    0.07818281821531592,
    0.0780878375634836,
    0.07791345041679038,
    0.07769503154904155,
    0.07751185950714813,
    0.07736414619238205,
    0.07720473374542434,
    0.07704560358351721,
    0.07697009736600575,
    0.07697099191463182,
    0.07698522060902542,
    0.07695598824527639,
    0.07684499989205111,
    0.07674549728977394,
    0.07677171623740688,
    0.07680149088927042,
    0.07685275640283286,
    0.07677628268304564,
    0.07674306992026574,
    0.07670898773029278,
    0.07677461303650181,
    0.07688615179490868,
    0.07706160757184434,
    0.07707507008334646,
    0.07710677477623959,
    0.07710696741402186,
    0.07711980077285856,
    0.07708471016826428,
    0.07698250382888244,
    0.07692917714239686,
    0.07693564445985329,
    0.07693870718009709,
    0.0768811984466461,
    0.07675818680838245,
    0.07670564868750636,
    0.07662676929426136,
    0.07650349813782138,
    0.07637713790789762,
    0.07640411811949774,
    0.07652956553298093,
    0.07657803918079813,
    0.07648885629591186,
    0.07646884055857112,
    0.07644325732303316,
    0.0764172605545543,
    0.0765203911396937,
    0.07661145833022959,
    0.07664075301521235,
    0.07664264926450952,
    0.07673933650487798,
    0.07680423426092044,
    0.07671253945314017,
    0.0766761883365768,
    0.07657826825109174,
    0.07635919058411077,
    0.07626671212796489,
    0.07626979843815516,
    0.07630187304057369,
    0.07628872383714864,
    0.07625018710784923,
    0.07615973646688759,
    0.07613612710897985,
    0.07622786593488942,
    0.0762607347838375,
    0.07626491708078563,
    0.07614460295531236,
    0.07613942987857115,
    0.07620594410124094,
    0.07621419583192197,
    0.07620994726110066,
    0.0761998717354479,
    0.07611788790072421,
    0.07601718334204573,
    0.07599831413030482,
    0.07594258471299843,
    0.07588976030971456,
    0.07592357882924593,
    0.07598417404580596,
    0.07601689684397202,
    0.07616939885183516,
    0.076240411790073,
    0.07623576975658282,
    0.07622731841830178,
    0.07621833648671836,
    0.07609102682076395,
    0.07592873378391467,
    0.07582953466194976,
    0.07577277651189582,
    0.07587477681018019,
    0.07595385153124326,
    0.07595255546184133,
    0.07594790655619284,
    0.07595970676376446,
    0.07590744765963878,
    0.07593656006252637,
    0.07599465463428072,
    0.07614911815448167,
    0.07629046118864209,
    0.07630781191907353,
    0.07629289381880358,
    0.07608396705161123,
    0.07588355871345545,
    0.07581929564364218,
    0.0758140313447659,
    0.07578873776928391,
    0.07561812326189807,
    0.07549574518007834,
    0.07545224602907005,
    0.07547435534473874,
    0.0755253010616403,
    0.07560009664868958,
    0.0756367305380377,
    0.07566711973686581,
    0.07569656818699891,
    0.07576125031522121,
    0.07582612862616571,
    0.07588280237012673,
    0.0760575492746693,
    0.07612514063380017,
    0.07621305183077089,
    0.07644814256563008,
    0.0765257502253982,
    0.07650822045202443,
    0.07649240093192838,
    0.0765057391275413,
    0.07657497821377787,
    0.07661396219136288,
    0.07663604026167285,
    0.07668259363992418,
    0.07669240415703346,
    0.0766223500154969,
    0.07657315556609731,
    0.07660782804842943,
    0.07663142284332411,
    0.0766250875059073,
    0.0766015039865837,
    0.07647970209752628,
    0.0763012661688934,
    0.07624584300527792,
    0.0760321018736435,
    0.07585552369036289,
    0.07580014420376323,
    0.07577191706078762,
    0.0758627327385609,
    0.07597218901624551,
    0.0758192566784528,
    0.07567094700397964,
    0.07559029791816835,
    0.07553833598997627,
    0.07539579943814555,
    0.07537048179810629,
    0.07528301083317018,
    0.07529244312274658,
    0.07541163818942824,
    0.07551262196883984,
    0.07552460540209585,
    0.07555404215068577,
    0.07568766281214727,
    0.0758418095500636,
    0.07586775073578884,
    0.07593349235726354,
    0.07607009346370147,
    0.07620120405780983,
    0.07629105614547932,
    0.07641715824014361,
    0.07651848448557537,
    0.07663690049021363,
    0.07672025641285575,
    0.07681496461145151,
    0.07680979112102339,
    0.07677550641412875,
    0.07670835226387084,
    0.07665372616064325,
    0.0766210308597366,
    0.07666352415017584,
    0.07683162729128917,
    0.07708346163449169,
    0.0772471919122083,
    0.07728599451429138,
    0.07736516583358889,
    0.07749207133417282,
    0.07745961557094615,
    0.07754152471705025,
    0.07752662466067801,
    0.07750725111409151,
    0.07755122549777028,
    0.07751983073730769,
    0.07750129793392331,
    0.07754011979005201,
    0.07750217464043428,
    0.077425346079796,
    0.07738647310309618,
    0.07737297541516451,
    0.0774636643854115,
    0.07740076162022462,
    0.07737515703972554,
    0.07735025310156289,
    0.07719286587509554,
    0.07715270922434057,
    0.07717708385956291,
    0.07723908083232385,
    0.07738349151302594,
    0.07733390368391432,
    0.07725283351676557,
    0.07708945465927657,
    0.07695035542278122,
    0.07690707953017177,
    0.07681696079706272,
    0.07672357390410553,
    0.07670648585233447,
    0.07684464999682461,
    0.07688448620926042,
    0.07694827077842026,
    0.07697257779821894,
    0.07687475135336554,
    0.07662814655994371,
    0.0765065567813522,
    0.07649892523920052,
    0.0765919699612011,
    0.07660209670168439,
    0.07655724805168407,
    0.07650611288636033,
    0.07642858808299213,
    0.07645885710867396,
    0.0766489028758637,
    0.07670774074782072,
    0.07677571128204999,
    0.0766373236296588,
    0.07641799259999597,
    0.07620308753881617,
    0.07592698229558273,
    0.07572722180645425,
    0.07567796731267462,
    0.07572882592258756,
    0.07588240780054914,
    0.0759663426406692,
    0.07601727102396622,
    0.07614429261766313,
    0.07626555629276265,
    0.07631184095115122,
