{
  "success": true,
  "x0": [
    0.5099485770738456,
    0.37268064258648975,
    0.11737078033966471,
    0.7186305267729227,
    0.5023950915243073,
    0.894664860200249
  ],
  "x": [
    0.09030444908114256,
    0.8955292160766415,
    0.014166334842215906,
    1418.2487708078024,
    2.3720962480699748,
    0.894664860200249
  ],
  "SSE": 0.011608826332567204,
  "exp_data": [
    1.0,
    0.7014136662003588,
    0.4536644412441365,
    0.3145927237042751,
    0.24119275342419366,
    0.19926890369721648,
    0.17345492024591277,
    0.15674979553485396,
    0.14539163099206406,
    0.13708950615740928,
    0.13062031785901562,
    0.12521038059840486,
    0.12063342009714627,
    0.11683092620098873,
    0.11359210606950694,
    0.11082561305822353,
    0.1084620778692919,
    0.106364857721455,
    0.10440624220283175,
    0.10259493160499972,
    0.10094206736828153,
    0.09958145195691381,
    0.09833927411968316,
    0.09722468443632533,
    0.09634366334288107,
    0.09557988501432671,
    0.09481923493388786,
    0.09406099031868592,
    0.09339665206365735,
    0.09271424155456297,
    0.0920142945594457,
    0.09130212623676051,
    0.09061763905848094,
    0.09003161752662947,
    0.08960050593580708,
    0.0891823882515825,
    0.08868535299514556,
    0.08811980365358704,
    0.08763921808579206,
    0.08727081889990419,
    0.08700555860681758,
    0.08677176196512425,
    0.08656337679897931,
    0.08638701768227994,
    0.0861064056478979,
    0.08576193976878047,
    0.08551257674873637,
    0.08526586679646347,
    0.08498012375601095,
    0.08469705710493307,
    0.08449198414558087,
    0.08427002360059521,
    0.08405307411370173,
    0.0838260876992667,
    0.08361396213112975,
    0.08338819616012896,
    0.08321365474200192,
    0.08305052248451002,
    0.08285418792618382,
    0.08268427053196602,
    0.08258216922766946,
    0.08243401174681371,
    0.08223453009086079,
    0.08204838942147288,
    0.08185300132124232,
    0.08168042227995377,
    0.0815127731523321,
    0.08135612598196516,
    0.08125760428646267,
    0.08120360256945063,
    0.08113430129700012,
    0.08113769402676665,
    0.08109622659305371,
    0.08101500013739103,
    0.08094917898175162,
    0.08085335406847889,
    0.08082202439832308,
    0.08078652644840581,
    0.08079976098417306,
    0.08075448748483695,
    0.08061425837178027,
    0.08046325220468262,
    0.08034786056931578,
    0.08027522111501897,
    0.08021978529093687,
    0.08017312704901679,
    0.08013968577726858,
    0.08023262865607608,
    0.08029585435899751,
    0.08032475380511417,
    0.08028781961311177,
    0.08026437853121672,
    0.08025689830082698,
    0.08020337849914225,
    0.08009827303169346,
    0.08005715346889103,
    0.080085627802169,
    0.08013201202564169,
    0.0800940838186737,
    0.07996789320640216,
    0.0798657973855716,
    0.07984604293303486,
    0.0798274661017802,
    0.07983069727223771,
    0.07980519221617713,
    0.07974835241910992,
    0.07972512698913845,
    0.07971338951795867,
    0.07962921259790699,
    0.07953953070110477,
    0.07949725907363725,
    0.07939189630332916,
    0.07931531334221455,
    0.07924198888336881,
    0.07914425316763075,
    0.0791259944112256,
    0.07919615808078075,
    0.07929788769037766,
    0.07939083240737395,
    0.07938619466333649,
    0.07943829399767756,
    0.07945774714295376,
    0.07937328124404325,
    0.07931960068105594,
    0.07924478772819091,
    0.07918039739012396,
    0.07926401930321886,
    0.07933639574024552,
    0.0793612060014864,
    0.07934582220317331,
    0.07928452371294736,
    0.07923220770683805,
    0.07915841798087207,
    0.07902626510530714,
    0.07890362195773314,
    0.07875923963083992,
    0.07862929016724937,
    0.0785993733869797,
    0.07865482917757502,
    0.07871460711994531,
    0.07874985686217473,
    0.0788722053016537,
    0.07898220684547287,
    0.0790664426336645,
    0.0791394876545023,
    0.07905055087532062,
    0.07891037874035187,
    0.07873911576590742,
    0.0786904381617427,
    0.0786712289438919,
    0.07865134888328579,
    0.0785803194581439,
    0.07854949442529642,
    0.07866036274197577,
    0.07880992833518251,
    0.07889160884200633,
    0.07882431775483832,
    0.07878265021049338,
    0.0786779623269997,
    0.07862792735832021,
    0.07850282433136574,
    0.07842825957247263,
    0.07834768325793476,
    0.0782228470170073,
    0.0780805346424552,
    0.07797831332267383,
    0.07790139758006018,
    0.07786910311594239,
    0.07783616947294826,
    0.07786696944370747,
    0.07788567210398702,
    0.07780410515075772,
    0.07780403079215822,
    0.07787399574783023,
    0.07787164506300241,
    0.0778675539965725,
    0.07777692104268392,
    0.07773107807337509,
    0.07764258040719738,
    0.0775947703671547,
    0.07750699449433515,
    0.0774975891632063,
    0.07744799926582355,
    0.07733859793988225,
    0.07728119429439473,
    0.07729117435350952,
    0.07719626340314384,
    0.07705571772798868,
    0.07697982822821602,
    0.07699781363188013,
    0.07705232674455266,
    0.07714980628296365,
    0.07714849523023734,
    0.07719292505401253,
    0.07720639218504144,
    0.07728525803187063,
    0.0773634530732887,
    0.07744343761075963,
    0.07751216295448524,
    0.07753607832517809,
    0.07745145020751495,
    0.07742107693453014,
    0.07738505047101514,
    0.07727943352775782,
    0.07712257606779677,
    0.07698177903631355,
    0.07693152376141073,
    0.0769102303535639,
    0.07691258871949735,
    0.07703602191313161,
    0.07714517433133092,
    0.07710504775049903,
    0.07702530128419728,
    0.07700122314689002,
    0.07691849772844363,
    0.07682537851458378,
    0.07674906194418445,
    0.07668275176817771,
    0.07659244995097456,
    0.07660032915251093,
    0.0765150458349293,
    0.07642635860487254,
    0.0763628287976215,
    0.0762817661995795,
    0.07635417757247412,
    0.07636994729690605,
    0.07629646432872927,
    0.07613298787650874,
    0.07602472659950019,
    0.07597969344035722,
    0.07605021803625976,
    0.07602378277728396,
    0.0759530323826651,
    0.0758939526950231,
    0.07586577060126468,
    0.0759024507984047,
    0.07592106400290423,
    0.07585051757744314,
    0.07574997393618595,
    0.07568508397918819,
    0.07566596065408304,
    0.07573821201000429,
    0.07580759130320172,
    0.0757605226171571,
    0.07564897483493603,
    0.0756206021726194,
    0.07558706868328639,
    0.0756276928990292,
    0.07569506723209286,
    0.07574747126098648,
    0.07575750460850197,
    0.07573427047672174,
    0.0757671916889955,
    0.0758043273092497,
    0.07578203005432903,
    0.0757295492707002,
    0.07560883707806318,
    0.07554571754113927,
    0.07549334302880008,
    0.07537445957487651,
    0.07536502962546,
    0.07535423905237701,
    0.07536629083766408,
    0.07538545747647667,
    0.07534930530099308,
    0.0752789192355476,
    0.07530595063527527,
    0.07537719229183198,
    0.07546636223581368,
    0.07556898370243786,
    0.07559450687885678,
    0.07564878601141395,
    0.07565730248168939,
    0.075611477596052,
    0.07561238117897824,
    0.07558781759902035,
    0.07561673479060765,
    0.07573363451300144,
    0.07579221155186582,
    0.07583241972709999,
    0.07579641361210838,
    0.07571073275716407,
    0.07558292842204303,
    0.07549678706605177,
    0.0753636162370405,
    0.07527460641797648,
    0.07527625279451285,
    0.07530832049264147,
    0.07529427824517017,
    0.07534068717245047,
    0.0753832914471733,
    0.07529538115406129,
    0.07512892704858441,
    0.07495448099448368,
    0.07486052279883812,
    0.07482568034268813,
    0.07481302901019651,
    0.07479409495762403,
    0.0747488231805177,
    0.07477469641923487,
    0.07485950850307568,
    0.07491678606986334,
    0.07490867154705255,
    0.07494360357053331,
    0.07498295512652159,
    0.07502180857840458,
    0.07507728863282527,
