{
  "success": true,
  "x0": [
    0.44198621000163046,
    0.16136915632669913,
    0.3966446336716704,
    0.8357590267619115,
    0.5830954750250014,
    0.1842611271116711
  ],
  "x": [
    0.7500536504583868,
    0.03267380857062516,
    0.21727254097098808,
    14732.646549341138,
    485.99478312555874,
    0.1842611271116711
  ],
  "SSE": 0.14818774454281639,
  "exp_data": [
    1.0,
    0.973154442206067,
    0.94717688146892,
    0.9227915849266536,
    0.900636722965048,
    0.881114256350022,
    0.864270705169676,
    0.8498889477869069,
    0.8376234428453462,
    0.8271314687380017,
    0.8181422419402543,
    0.8104350730132401,
    0.8038351180588514,
    0.7981855716959273,
    0.7933483251026358,
    0.7891924355727693,
    0.7856147839837689,
    0.7825271341918906,
    0.7798742174875816,
    0.777580185201834,
    0.7755957833133253,
    0.7738793213308888,
    0.7723900517729215,
    0.7710999698550025,
    0.7699786619973433,
    0.7690006198034769,
    0.7681456125476896,
    0.7674083664372138,
    0.7667655885568513,
    0.7662171325161957,
    0.7657492506853487,
    0.7653537353955034,
    0.765015376390077,
    0.7647246978551541,
    0.7644812159097873,
    0.7642837102961485,
    0.7641240502827638,
    0.7639919321574784,
    0.7638810191750416,
    0.7637804810275094,
    0.7636834601113173,
    0.7635876157443251,
    0.7634956919545934,
    0.7634071444102756,
    0.7633243964659034,
    0.7632477800280417,
    0.7631679335954565,
    0.7630790667875114,
    0.7629751471140603,
    0.7628553685068498,
    0.762728420722135,
    0.7625962831357505,
    0.7624799162257495,
    0.7623800555152509,
    0.7622892714980729,
    0.7621991488688499,
    0.762117118772975,
    0.7620432284889073,
    0.7619827929302562,
    0.7619350186252348,
    0.761890612244898,
    0.761838401839609,
    0.761777854903717,
    0.761714519591196,
    0.7616501379797201,
    0.7615874112164551,
    0.7615210616107642,
    0.7614484218331883,
    0.7613667850684578,
    0.7612828196254731,
    0.7612032134758665,
    0.7611259790402648,
    0.7610521025607695,
    0.7609930996321974,
    0.7609491328160657,
    0.7609127542857143,
    0.7608869145735218,
    0.7608683689848331,
    0.7608558599645646,
    0.7608505537480693,
    0.760843996050033,
    0.7608378919257526,
    0.7608284492437751,
    0.7608131908841332,
    0.760799993373973,
    0.7607869785963166,
    0.7607748221764276,
    0.760769224622965,
    0.7607716453247966,
    0.7607780520391463,
    0.7607859417865507,
    0.7607930364263932,
    0.7607977544307196,
    0.7607981306525905,
    0.7607940391998383,
    0.7607888311688311,
    0.7607873969455332,
    0.7607986326869056,
    0.7608168926706895,
    0.7608363577710618,
    0.7608577244897959,
    0.7608771523968519,
    0.760883758787796,
    0.760873630055037,
    0.7608404876044378,
    0.7607993723203567,
    0.7607485295128152,
    0.7606980280139037,
    0.7606521476833977,
    0.7606111951379536,
    0.7605707886544448,
    0.7605218045112782,
    0.7604740906566708,
    0.7604284045475089,
    0.7603834540642196,
    0.7603457142857143,
    0.7603088132513279,
    0.7602768999194875,
    0.7602492180377306,
    0.7602277213811515,
    0.7602226389866291,
    0.760235286031511,
    0.7602659981639714,
    0.7603053407844941,
    0.7603479095804989,
    0.7603959964507542,
    0.7604463094645524,
    0.7604902055062863,
    0.7605234479805908,
    0.7605434683155223,
    0.7605575080558539,
    0.7605650694021018,
    0.760569035642426,
    0.7605767087787496,
    0.7605920999495205,
    0.7606098103666246,
    0.7606243161094225,
    0.7606440207344038,
    0.7606705461544048,
    0.7607094001236858,
    0.760756082361516,
    0.7608094447081158,
    0.7608565759637188,
    0.7608906312974023,
    0.7609051277345471,
    0.7609048391248391,
    0.7608923671995874,
    0.7608618297228475,
    0.7608120452528838,
    0.7607424312011556,
    0.7606719072356215,
    0.7606153005464481,
    0.7605771935051393,
    0.7605623848076708,
    0.7605627644464379,
    0.7605741920988579,
    0.760591300270108,
    0.76060880971173,
    0.760628040515099,
    0.7606596703006526,
    0.7607006613756614,
    0.76075078187119,
    0.7607942758516045,
    0.7608401968608672,
    0.7608837001218398,
    0.7609223383559031,
    0.7609576511503477,
    0.7609915342497224,
    0.7610314063219272,
    0.7610810330912026,
    0.7611374008471313,
    0.7611826318429072,
    0.7612118235930736,
    0.7612200944894086,
    0.7612080507488166,
    0.761177387755102,
    0.7611282364854338,
    0.761064521793421,
    0.7609949096880131,
    0.7609178542050218,
    0.7608331985871272,
    0.7607455742990838,
    0.7606484083208573,
    0.7605500967117989,
    0.760456245056162,
    0.760372878937983,
    0.7602865083776701,
    0.7602071528026415,
    0.7601424944196429,
    0.7600974080434522,
    0.7600739095638255,
    0.7600701054488593,
    0.7600792543789169,
    0.7601002777442338,
    0.760134536581431,
    0.7601801333602748,
    0.7602327745383868,
    0.760283661297521,
    0.760319749573136,
    0.7603434437247953,
    0.7603410775510204,
    0.7603191771297697,
    0.7602675354479141,
    0.760188325873609,
    0.7600916886109282,
    0.7599989198103484,
    0.7599137734446005,
    0.7598422444840005,
    0.7597806744649079,
    0.7597234964046718,
    0.7596744773011246,
    0.7596320186970493,
    0.7595990297758448,
    0.7595694506139211,
    0.7595337490551777,
    0.7594889627603619,
    0.7594313670096138,
    0.759359559724511,
    0.7592765560165975,
    0.7591843480843481,
    0.759091330782313,
    0.7590098419325977,
    0.7589428101784647,
    0.7588895991100842,
    0.7588512776539187,
    0.7588349946294307,
    0.7588403082752088,
    0.7588593174267593,
    0.7588821298858527,
    0.7589084969019455,
    0.7589321016066001,
    0.7589491667029286,
    0.7589575614861329,
    0.7589522265437224,
    0.7589350091968118,
    0.7589145314900153,
    0.7588992962702322,
    0.7588928902014369,
    0.7588964661189151,
    0.7589107663021825,
    0.7589265483584738,
    0.7589350895913921,
    0.7589343240352909,
    0.7589272093957933,
    0.7589098594701038,
    0.7588813814756672,
    0.7588429425514699,
    0.7588067351443889,
    0.758784829329962,
    0.7587713787954206,
    0.7587783764172336,
    0.7587901140857234,
    0.7587945107507289,
    0.7587838515271881,
    0.7587596778621762,
    0.7587231873423527,
    0.7586811546240118,
    0.7586367991892017,
    0.7585957152091606,
    0.7585593363876163,
    0.7585305426716141,
    0.7585045558086561,
    0.7584810875034945,
    0.758465441554196,
    0.75846732821569,
    0.7584929767769176,
    0.7585380889683062,
    0.7585921619456096,
    0.7586536328420257,
    0.7587161181874141,
    0.758767826293308,
    0.7588059178916322,
    0.7588275081060462,
    0.7588356927782822,
    0.7588227939062949,
    0.7587848115246099,
    0.7587287639584136,
    0.7586491870507068,
    0.7585484331173228,
    0.7584320034902322,
    0.7583138629737609,
    0.7581899469095514,
    0.7580674934088468,
    0.7579521264620956,
    0.7578532280219781,
    0.7577717924760266,
    0.7577056393571922,
    0.7576639422839354,
    0.7576324202496533,
    0.7576044838373306,
    0.7575785365853659,
    0.7575446634399481,
    0.7575122899159664,
    0.7574821842250413,
    0.7574573137629436,
    0.7574223078861174,
    0.7573777884421096,
    0.7573331594672609,
    0.7573052797238299,
    0.7572898671688126,
    0.7572853163265306,
    0.7572939082399878,
    0.7573241154753358,
    0.7573699069552254,
    0.7574297773654917,
    0.7574884319297339,
    0.757548456438413,
    0.7576032455730384,
    0.7576502915451895,
    0.7576969622631662,
    0.7577438409209838,
    0.7577698966476051,
    0.7577882653061224,
    0.757793814269894,
    0.7577819287300412,
    0.757763472038166,
    0.7577460087159864,
    0.7577356849789524,
    0.7577376803077251,
