{
  "success": true,
  "x0": [
    0.4753277563386561,
    0.20466723519732033,
    0.32000500846402374,
    0.3714809801795732,
    0.2160422498642022,
    0.3647699117386343
  ],
  "x": [
    0.7587894931949404,
    0.2412105068050597,
    9.591234770522347e-19,
    121064.25086087981,
    7.19419248896589,
    0.3647699117386343
  ],
  "SSE": 0.0007664564018044311,
  "exp_data": [
    1.0,
    0.9724904615923623,
    0.9458714227238173,
    0.9209241618598659,
    0.898393384940183,
    0.8786897782998091,
    0.8618382667764513,
    0.8475540477662926,
    0.8354254984074555,
    0.8250809917599456,
    0.8162363235729074,
    0.8086680874381683,
    0.8021933465828192,
    0.7966611383417996,
    0.791923612185399,
    0.7878667451214062,
    0.7843846252536102,
    0.7813927570442526,
    0.7788265246274463,
    0.7766171985975007,
    0.7747140786314526,
    0.773071278290403,
    0.7716544338089218,
    0.7704298827359599,
    0.7693672563700036,
    0.7684397551020408,
    0.7676380790892025,
    0.7669474421566547,
    0.7663486819727892,
    0.7658301986070136,
    0.7653781876332623,
    0.7649822092065526,
    0.7646331113283636,
    0.7643181164519781,
    0.7640278206778207,
    0.7637473806966396,
    0.7634851671994098,
    0.7632332225197771,
    0.7629934706208767,
    0.762762829973139,
    0.7625403246753246,
    0.7623245981852529,
    0.7621134824142423,
    0.7619020718789798,
    0.7616882341961174,
    0.7614736345225113,
    0.7612651813018786,
    0.7610756352158015,
    0.7609153875046951,
    0.7607802721088436,
    0.7606643485086342,
    0.7605661457186881,
    0.7604733560090703,
    0.760390846292149,
    0.7603078378719909,
    0.7602331529821231,
    0.7601693845861326,
    0.7601126035484178,
    0.7600573685548986,
    0.7599987678690822,
    0.7599431058673469,
    0.7598929737153077,
    0.7598416927899686,
    0.7597914394643258,
    0.759739648312155,
    0.7596786630242648,
    0.759605932530741,
    0.7595212786536415,
    0.7594327370188582,
    0.759346692971959,
    0.7592727146096534,
    0.7592035592615425,
    0.7591401371376576,
    0.7590867233017609,
    0.7590277694464367,
    0.7589533061224489,
    0.7588759419152277,
    0.7587912634716808,
    0.758701384605289,
    0.7586084195997239,
    0.7585239302172482,
    0.7584451814974779,
    0.7583753814147018,
    0.7583066946713856,
    0.7582357242247548,
    0.7581689762734362,
    0.7581007644751712,
    0.7580258514498784,
    0.757940306122449,
    0.7578582417582418,
    0.7577834928069589,
    0.7577181361214437,
    0.7576629262889366,
    0.7576145883064923,
    0.7575665622684717,
    0.7575274278967785,
    0.7574935599405325,
    0.7574610755745084,
    0.7574367177435758,
    0.7574282895853849,
    0.757432380952381,
    0.7574308984361692,
    0.7574230632721316,
    0.7574185109219567,
    0.7574180009587728,
    0.7574139598696622,
    0.757415120593692,
    0.7574222183983206,
    0.7574279784886928,
    0.7574229047964364,
    0.7574027672085784,
    0.757376722913274,
    0.7573370609468277,
    0.7572799881792581,
    0.7572075747022359,
    0.7571264399092971,
    0.7570401733296058,
    0.7569457555921167,
    0.7568539378638053,
    0.7567626119638905,
    0.7566713722730471,
    0.7565819780762045,
    0.7564901666548972,
    0.7563959254412337,
    0.7563092935090703,
    0.756238133096717,
    0.7561842601151959,
    0.7561572924457741,
    0.7561500285428857,
    0.756152224882948,
    0.756158761188686,
    0.7561740862953266,
    0.7561941182811153,
    0.7562104992261455,
    0.7562150681474002,
    0.7562011269640599,
    0.7561683311622521,
    0.7561196433102548,
    0.7560560570847557,
    0.7559809851213213,
    0.7558989067055394,
    0.7558260194954547,
    0.7557717943091214,
    0.7557401128494485,
    0.7557155043312289,
    0.7556873653245082,
    0.755656236646283,
    0.7556331771044765,
    0.7556257837917776,
    0.7556289566280232,
    0.7556567458256029,
    0.7557012230028624,
    0.7557556271413675,
    0.7558270007088759,
    0.7559157882933393,
    0.7560217187792548,
    0.7561391243997599,
    0.7562639493366408,
    0.7563830559530085,
    0.7564962654192916,
    0.7566085147392291,
    0.756726814584832,
    0.7568401373188681,
    0.7569415764070991,
    0.7570190298507463,
    0.757066519168415,
    0.7570935947412673,
    0.7571126737374124,
    0.7571286673315943,
    0.7571387524501326,
    0.7571457758952638,
    0.7571515219320242,
    0.7571512175324675,
    0.7571454052588777,
    0.7571345464421511,
    0.7571231720116618,
    0.757119189126032,
    0.7571168533187653,
    0.7571055320978967,
    0.7570637157742176,
    0.7569924607535322,
    0.7569006291533955,
    0.756802639665905,
    0.7567084948486165,
    0.7566249723145072,
    0.756558692292451,
    0.7565159930119908,
    0.7564913792417551,
    0.7564909996811224,
    0.7564991932585167,
    0.7565047218887555,
    0.7564974459724951,
    0.7564795757673148,
    0.7564520307531296,
    0.7564237315479552,
    0.7563949121034552,
    0.7563670796890185,
    0.7563335294356311,
    0.7562963655581755,
    0.756259073689356,
    0.7562267142857143,
    0.7562010265428817,
    0.7561877059257438,
    0.7561812507699257,
    0.7561775551349572,
    0.7561764378478664,
    0.7561795133437991,
    0.7561797036055802,
    0.7561916791106686,
    0.7562199592668024,
    0.7562563265306123,
    0.7562905638328952,
    0.7563116343258615,
    0.7563144407660395,
    0.7562999412110524,
    0.7562736924047969,
    0.7562389146567718,
    0.756192195884565,
    0.7561352189008383,
    0.7560679282107854,
    0.755991662414966,
    0.7559134762046781,
    0.7558442276492187,
    0.7557870448808455,
    0.7557374163951295,
    0.7556950247046187,
    0.7556560836993025,
    0.755613595374725,
    0.755578705465237,
    0.7555631396507647,
    0.755560230134607,
    0.7555755276097645,
    0.7556167713239141,
    0.7556707992833107,
    0.7557286327406499,
    0.7557927408382707,
    0.7558643604855736,
    0.7559423061665271,
    0.7560266277939748,
    0.7561060029217761,
    0.7561839041703639,
    0.7562606553732604,
    0.7563280010694234,
    0.7563925601750547,
    0.7564561358754028,
    0.7565300201838977,
    0.7566006293266205,
    0.7566675902148939,
    0.7567368520859671,
    0.7568002941309562,
    0.7568539274376417,
    0.7568945957001955,
    0.7569374954446064,
    0.7569809478153677,
    0.7570331655532168,
    0.7571019628525567,
    0.7571792103327818,
    0.757255217211038,
    0.7573139855942377,
    0.7573656069230413,
    0.7574087337662337,
    0.757441513644182,
    0.7574643835616438,
    0.7574788446270957,
    0.7574934422392811,
    0.7575086042692939,
    0.7575224724913007,
    0.7575264834802281,
    0.7575230347694634,
    0.7575234717552914,
    0.7575306217370669,
    0.7575334094476952,
    0.7575411453366393,
    0.757552893944463,
    0.7575728370221329,
    0.7576148235294118,
    0.7576817481709665,
    0.7577654556858204,
    0.7578597833446175,
    0.7579551214309952,
    0.7580473955296404,
    0.7581306365983147,
    0.7582125622497803,
    0.7582791905251309,
    0.7583262706043956,
    0.7583594639783624,
    0.7583909395642315,
    0.7584259672876414,
    0.7584745591440459,
    0.7585319132032375,
    0.7585931956197113,
    0.7586636994161968,
    0.7587324679871948,
    0.7587915960487389,
    0.7588343570925907,
    0.7588692466616276,
    0.7588937159022024,
    0.7589056768116675,
    0.7588947811960605,
    0.7588629904829762,
    0.7588055153061225,
    0.7587232826965372,
    0.7586280484052917,
    0.7585296766565568,
    0.7584262677798392,
    0.7583226969775252,
    0.7582267222625091,
    0.7581406761177754,
    0.7580703613077884,
    0.7580159611670755,
    0.7579641496598639,
    0.7579047951314202,
    0.7578418209551862,
    0.7577727732953646,
    0.757704980437771,
    0.7576301669758813,
    0.757558062287415,
    0.7574971918793627,
    0.7574288171813228,
