{
  "success": true,
  "x0": [
    0.40842224858841586,
    0.28866008202060284,
    0.30291766939098125,
    0.33361826061905314,
    0.1172232201759992,
    0.14579844092583708
  ],
  "x": [
    0.7612095380025498,
    0.23879046199745027,
    7.284642386579655e-19,
    79600.40722538227,
    8.491754805320657,
    0.14579844092583708
  ],
  "SSE": 0.0008032157285288954,
  "exp_data": [
    1.0,
    0.9771134477825465,
    0.9551925209052102,
    0.9344675577548093,
    0.9150027474783017,
    0.8968844927323447,
    0.8802440716344174,
    0.8652159142444856,
    0.8519088474696237,
    0.8403847101213857,
    0.8305655279503106,
    0.8222028760996416,
    0.8150380517323208,
    0.8088785818257433,
    0.803571517819956,
    0.7989883360643527,
    0.7950202321279389,
    0.7915743896973138,
    0.7885801992937937,
    0.7859727951092331,
    0.7836914045618247,
    0.7816890956087884,
    0.7799238095238096,
    0.7783574774666144,
    0.7769606659823692,
    0.7757088828420257,
    0.7745794374129473,
    0.7735555326439639,
    0.7726159560252672,
    0.7717603303020165,
    0.7709850197989644,
    0.7702846862511821,
    0.769647216790908,
    0.769059905761405,
    0.7685187136115708,
    0.7680130796378701,
    0.7675431860093435,
    0.7671105857727707,
    0.7667142857142857,
    0.7663466948655407,
    0.7660036982065553,
    0.7656905329658419,
    0.7653986818435581,
    0.7651245177523064,
    0.7648673656047785,
    0.7646238791088955,
    0.7643976814579042,
    0.7641885989311498,
    0.763993705396269,
    0.7638119031944575,
    0.7636448226059654,
    0.7634884972170687,
    0.7633437767699672,
    0.7632058890325837,
    0.7630705029380173,
    0.7629431862047145,
    0.7628174800354924,
    0.7626888818357825,
    0.7625610337592981,
    0.7624279696902162,
    0.7622981792091836,
    0.7621806234230781,
    0.7620755006077666,
    0.7619770736552077,
    0.7618864138108074,
    0.7618042134018962,
    0.761723205433593,
    0.7616416674726763,
    0.7615544691294239,
    0.7614591642679259,
    0.7613632750242955,
    0.7612692839297881,
    0.7611767093461589,
    0.7610893858021678,
    0.7610060246462802,
    0.7609303673469388,
    0.7608557594191523,
    0.7607837062272742,
    0.7607136098169172,
    0.760647895100069,
    0.7605825312705727,
    0.760518143153869,
    0.7604491281949673,
    0.7603792213806105,
    0.7603051716141002,
    0.7602315015762402,
    0.7601606827095659,
    0.7600898991244133,
    0.7600230725623582,
    0.7599513444002806,
    0.7598830143860823,
    0.7598145001843102,
    0.75975050349087,
    0.7596957973304643,
    0.7596414191419142,
    0.7595930443582392,
    0.7595447087444249,
    0.7594918062747487,
    0.7594382839514543,
    0.7593872763081938,
    0.7593364761904762,
    0.7592873087799393,
    0.759233222988192,
    0.7591778689365193,
    0.7591214182988631,
    0.7590634059338021,
    0.7590108706108706,
    0.7589527446054307,
    0.7588977937120794,
    0.7588421457923271,
    0.7587868211691456,
    0.7587331831883857,
    0.7586819068443704,
    0.7586373083475298,
    0.758602935850108,
    0.7585739856968429,
    0.7585505940732458,
    0.7585312283403928,
    0.7585179991584262,
    0.7585088973971689,
    0.7585007600281491,
    0.7585003418984174,
    0.7585114398700656,
    0.7585294768860751,
    0.7585474241780046,
    0.7585619556344276,
    0.7585702872786745,
    0.7585671902268761,
    0.7585577065791351,
    0.7585345938024948,
    0.7585037629788758,
    0.7584666762311252,
    0.758434686691578,
    0.7584132563078141,
    0.7583952801615346,
    0.758385526458371,
    0.7583789115646259,
    0.7583758509442854,
    0.7583715447744934,
    0.7583738077049001,
    0.758382554664723,
    0.7583975648935782,
    0.7584124131372979,
    0.7584193492836991,
    0.7584167706651006,
    0.7584038021695164,
    0.7583830803801666,
    0.7583494039930619,
    0.7583015158237207,
    0.7582489795918367,
    0.7582052467532467,
    0.7581708114939965,
    0.758146287054968,
    0.7581318882214677,
    0.7581285938551244,
    0.7581305972664295,
    0.758140681272509,
    0.7581605028751832,
    0.7581893177197078,
    0.7582227884869289,
    0.7582526681783824,
    0.7582789254477301,
    0.7583009597147409,
    0.7583201877399004,
    0.7583362130673165,
    0.7583518024032043,
    0.7583633876022319,
    0.7583707776544013,
    0.7583708454810496,
    0.758364018601791,
    0.758348898729303,
    0.758330373056595,
    0.75830945423624,
    0.7582885489679743,
    0.7582717350818654,
    0.7582594674441205,
    0.7582509580931609,
    0.7582498887891677,
    0.7582567323481116,
    0.7582696972070978,
    0.7582904395604395,
    0.7583206283669537,
    0.7583566306831613,
    0.7583915485730075,
    0.7584237185571903,
    0.7584499782048741,
    0.7584707258000476,
    0.7584866173369933,
    0.758500637755102,
    0.7585079835456687,
    0.7585137535014006,
    0.7585146906699811,
    0.7585127952755906,
    0.7585025157992191,
    0.7584789666854884,
    0.7584524227116589,
    0.7584118480725623,
    0.7583585385645312,
    0.7582885519147898,
    0.7582080451342214,
    0.758115093877551,
    0.7580097092143471,
    0.7579031022047373,
    0.757799071982918,
    0.7577041927254773,
    0.7576229808286952,
    0.7575577253573494,
    0.7575131307695492,
    0.7574891737182678,
    0.7574872978926805,
    0.7575121990837151,
    0.7575503526564,
    0.7576035170625627,
    0.7576731718560114,
    0.7577566431510876,
    0.7578485293498843,
    0.757947879068983,
    0.7580504246419064,
    0.758154687103057,
    0.7582559760702617,
    0.7583517091836735,
    0.7584455029611009,
    0.7585390871829903,
    0.7586264878278355,
    0.7587137540730577,
    0.7588025735767991,
    0.7588890855076208,
    0.7589829054666264,
    0.7590789259771705,
    0.7591760388231725,
    0.7592722231871472,
    0.7593684304425395,
    0.759462358276644,
    0.7595470567670323,
    0.7596226416746956,
    0.7596875005486066,
    0.7597421490147783,
    0.7597836999162516,
    0.7598188179167771,
    0.7598483908096861,
    0.7598718322981366,
    0.7598892490329465,
    0.7599016531503431,
    0.7599140758272674,
    0.7599309165771572,
    0.7599445122224714,
    0.7599564820641913,
    0.759962530972654,
    0.7599585109264945,
    0.7599534639576452,
    0.7599436326530612,
    0.7599246261533567,
    0.7598977997448979,
    0.7598634616262613,
    0.7598325798480827,
    0.7598109516166017,
    0.7597960884353742,
    0.7597784309209011,
    0.7597575307045895,
    0.7597341478087833,
    0.7597041094619666,
    0.7596692203988658,
    0.7596269685956575,
    0.7595763648251063,
    0.7595153716532485,
    0.7594476002814919,
    0.759378519702812,
    0.7593090540604233,
    0.7592400179516251,
    0.759181173351011,
    0.7591308732795444,
    0.7590840540411969,
    0.7590458277703604,
    0.759021469196578,
    0.7590054182236274,
    0.7590072220888355,
    0.7590137803234501,
    0.7590227577555845,
    0.7590325321597834,
    0.7590487905375927,
    0.7590708066083576,
    0.7591030782718815,
    0.7591461429547895,
    0.7591939215974159,
    0.7592424499607535,
    0.7592994984017704,
    0.7593605047816228,
    0.7594230765429658,
    0.7594811521696057,
    0.7595384179949352,
    0.7595932951717272,
    0.75963813681952,
    0.759673924569828,
    0.7597011031439603,
    0.759718930330753,
    0.759727871000252,
    0.7597254293796727,
    0.7597137539879475,
    0.759687257589603,
    0.7596429996437478,
    0.7595949489795918,
    0.7595457112168176,
    0.7594896625987079,
    0.7594216933120855,
    0.7593647083075654,
    0.7593160630328081,
    0.7592767222625091,
    0.7592486991743262,
    0.7592250780924614,
    0.7592091549663343,
    0.7591957561486133,
    0.7591931430669955,
    0.7591860772143909,
    0.7591768602014449,
    0.7591613778153748,
    0.75914224754837,
    0.7591188031462585,
    0.7590876645175041,
    0.7590503045197137,
