{
  "success": true,
  "x0": [
    0.3829860274485478,
    0.3535995042098664,
    0.26341446834158583,
    0.8280009136600393,
    0.8270009136600392,
    0.1962255207391669
  ],
  "x": [
    0.02176433896706642,
    0.9782356610329337,
    0.0,
    68.9732352409395,
    6.702835117149721,
    0.1962255207391669
  ],
  "SSE": 0.006588044857036158,
  "exp_data": [
    1.0,
    0.8849990421127585,
    0.7737253834566962,
    0.6694400895560438,
    0.5752563448545384,
    0.4929103323062902,
    0.4225043731301584,
    0.36284889691719374,
    0.31221430080829193,
    0.2690528655515308,
    0.23218408135987179,
    0.20068168242582302,
    0.17377637361726841,
    0.15083361052687214,
    0.1312274941367131,
    0.11446760841263856,
    0.10011718473848642,
    0.08782034374545666,
    0.07730982354868532,
    0.06830144802601523,
    0.06058090624960727,
    0.05396418355020012,
    0.04829201791531677,
    0.0434288469855197,
    0.03925176878457926,
    0.035649623682316646,
    0.03259497648612219,
    0.030027094916120357,
    0.02785668189959125,
    0.026034545681731483,
    0.02449741386459518,
    0.023192048842132596,
    0.022083809002341373,
    0.021120821760167465,
    0.020248108520558934,
    0.019426535761135667,
    0.018687911938604675,
    0.01799465205215932,
    0.017339688283034563,
    0.01669537423592542,
    0.01607508154417215,
    0.01548306509708346,
    0.014914964641197372,
    0.014360545970807572,
    0.013801625966220941,
    0.013250201277650898,
    0.012735390246564579,
    0.01231101609030834,
    0.01201740508835662,
    0.011835042963508152,
    0.011742771786631098,
    0.011727143254037032,
    0.01173085965922589,
    0.01176710021329064,
    0.011800466264400985,
    0.011868190513900707,
    0.011983822122012664,
    0.012126792577627997,
    0.012270022254329147,
    0.012379922895995656,
    0.012480375861621438,
    0.012569519799214916,
    0.012645428162021336,
    0.012697156015588549,
    0.012716320554247686,
    0.01266730153165705,
    0.012561841521452097,
    0.012401264485888809,
    0.012214486608270132,
    0.012030607375755209,
    0.011892109835645405,
    0.011754936369526587,
    0.01161626569082037,
    0.011506535942165125,
    0.011371962274845162,
    0.011170517969504487,
    0.010957236599408764,
    0.010706572857370589,
    0.010438714968761408,
    0.010156274384795449,
    0.0098963862667509,
    0.009655049916863992,
    0.009450286301289605,
    0.009267800110406923,
    0.009080231079880909,
    0.008885944144403569,
    0.008655568502645287,
    0.008372187359336158,
    0.00802714316805682,
    0.0076928741267561366,
    0.007389110802935611,
    0.00713117139206163,
    0.006930374758584652,
    0.006766609650870474,
    0.006614842214573284,
    0.006508603459576717,
    0.006414309898842976,
    0.006329415907974245,
    0.00628204753247058,
    0.0063031317350922675,
    0.006368167490457407,
    0.006402806149222803,
    0.00641865886821248,
    0.006443859817587805,
    0.006488024605767026,
    0.00652791858409271,
    0.0065892180546821165,
    0.00666143537521207,
    0.006718898867494824,
    0.006732585121608782,
    0.006683923769553595,
    0.006610137795142381,
    0.00646449280062045,
    0.006229750722071535,
    0.005920490248934726,
    0.005565107668041745,
    0.0052049703430082596,
    0.004825088058788401,
    0.0044588331246048375,
    0.00409193456400937,
    0.0037326024350654214,
    0.003386478948534525,
    0.0030191884062513836,
    0.0026412145915031267,
    0.0023055630091621355,
    0.002039773550762584,
    0.001853789685292626,
    0.001798537358710463,
    0.001827031147946909,
    0.0018980267272501628,
    0.001989131666003798,
    0.0021237080158753373,
    0.002292997257814528,
    0.0024828790864148908,
    0.0026310776483307063,
    0.0026826730162650813,
    0.002616565157357398,
    0.0024510512855959224,
    0.002209267982797029,
    0.0019191734588389787,
    0.0016199630212129952,
    0.001370508258375799,
    0.001217098063013381,
    0.0011745959262719377,
    0.0011484318505272783,
    0.001086301815107839,
    0.0009991063526785969,
    0.0009208892102828265,
    0.0009016233168995389,
    0.0009255158463650667,
    0.0010358297590811153,
    0.001203522495650824,
    0.0014145444695411941,
    0.001697975674072223,
    0.002060781048671661,
    0.002501831054373364,
    0.002998425107943093,
    0.003507948185650777,
    0.00395199880147073,
    0.004331160717623882,
    0.0046660370408313535,
    0.004990941947009967,
    0.005261737349768843,
    0.005479774350758629,
    0.005612520126782688,
    0.005639613480819291,
    0.00561596872824557,
    0.005595951262326358,
    0.005589177878012457,
    0.005582989931183505,
    0.005558576652320409,
    0.0055119291918697315,
    0.005438684950949806,
    0.005329685522592259,
    0.0051903102519020375,
    0.005049916187088813,
    0.004953953264016674,
    0.004887658687195037,
    0.004817184953007223,
    0.0046410118474835855,
    0.004358792250018557,
    0.003978203647329569,
    0.003555074676557093,
    0.0031332481542900143,
    0.0027347033935095104,
    0.0023773798339659525,
    0.0020906508886314175,
    0.0018627809215266162,
    0.0017284304017671592,
    0.0016383952973030133,
    0.0015571469532238596,
    0.001435526585463993,
    0.0012771946609932143,
    0.0010722348700475245,
    0.0008525287212405828,
    0.0006077101467467824,
    0.0003339031068444838,
    1.5285980683024185e-05,
    -0.0003216409485507859,
    -0.0006522447405574072,
    -0.0009405970153122909,
    -0.0012026969657812656,
    -0.0014187062849705051,
    -0.0016295383805194047,
    -0.0018324424233153512,
    -0.0020229206659342094,
    -0.002181507461036897,
    -0.0023269533889360788,
    -0.0023984114157826865,
    -0.0023781116285063134,
    -0.002321489389187433,
    -0.002292359683437809,
    -0.002337636259834959,
    -0.0024699434393186006,
    -0.002682264947092891,
    -0.0029338706623178597,
    -0.003199886333077552,
    -0.0035140554011915937,
    -0.0038554231057366744,
    -0.0042209642859340115,
    -0.004607592999613906,
    -0.0050004700069643795,
    -0.005364271174514643,
    -0.005673542054634332,
    -0.005921410512450702,
    -0.006118344482830877,
    -0.006297486027582724,
    -0.0064939540926987945,
    -0.006653850083138999,
    -0.0067391308111647685,
    -0.0067477215523410565,
    -0.006681243301733217,
    -0.0065164489479483615,
    -0.006310218838106223,
    -0.0060999159059714194,
    -0.005861646399563398,
    -0.005594199147284122,
    -0.005320839378114196,
    -0.005041861317754748,
    -0.004809192435407528,
    -0.004612964329122787,
    -0.0044680716519523754,
    -0.004421451166885182,
    -0.004457981231156451,
    -0.004567687147928682,
    -0.0046452274869973964,
    -0.004735708383400542,
    -0.004821123430306282,
    -0.004866043570842019,
    -0.00492838877484418,
    -0.005023566305508063,
    -0.005134340830844515,
    -0.0052086788188909165,
    -0.005219062486624071,
    -0.005153346908059389,
    -0.004982433781372973,
    -0.004748836757412227,
    -0.004487166672676693,
    -0.004296241472667299,
    -0.004140573841952856,
    -0.004034723406685169,
    -0.003980819722975856,
    -0.003967523778899097,
    -0.003970342754804526,
    -0.0039470930860969556,
    -0.0038918250109418384,
    -0.0038138773082286932,
    -0.003756745011477942,
    -0.0037338527803975593,
    -0.0037155289894094637,
    -0.0036748835111136,
    -0.003667321781731772,
    -0.0036424109311398007,
    -0.0036038678151436797,
    -0.0035637809980226644,
    -0.003449020869245902,
    -0.003262119590040371,
    -0.0030305385150739507,
    -0.0027514919113895203,
    -0.002463494986817144,
    -0.0021689230140530444,
    -0.0018966617128009903,
    -0.0016280403225874026,
    -0.0014165193812195728,
    -0.001280118671489835,
    -0.001192021008136905,
    -0.0011020542621774077,
    -0.0010179358917556797,
    -0.0008909717740808797,
