{
  "success": true,
  "x0": [
    0.5478101151194651,
    0.2563887027457313,
    0.19580118213480377,
    0.7320422869475323,
    0.3916166350089254,
    0.7710697993679148
  ],
  "x": [
    0.09201101847857102,
    0.8528720159986806,
    0.055116965522748404,
    3548.504645938321,
    2.1547865396851997,
    0.7710697993679148
  ],
  "SSE": 0.010319525658057419,
  "exp_data": [
    1.0,
    0.6560187553383136,
    0.3926052261639136,
    0.2747199751040521,
    0.21821104596716917,
    0.18655464573016634,
    0.16650486089131467,
    0.1525423885120198,
    0.14212448703486805,
    0.13387809573471474,
    0.12718075902307072,
    0.12154206717142593,
    0.11674333244047544,
    0.1127664499096423,
    0.10948283844893213,
    0.10663083250332456,
    0.10419995265290655,
    0.10206779615843244,
    0.10034054281153038,
    0.09870094882142641,
    0.09724188587937586,
    0.09601662414548695,
    0.09488099533293212,
    0.09395584822528506,
    0.09319446113857674,
    0.09250091510671883,
    0.09187020129439868,
    0.09132017611797627,
    0.09082297937385304,
    0.09044770171669973,
    0.09014871707497532,
    0.0901267097781271,
    0.0900585392943522,
    0.08986549022120101,
    0.08963025282601086,
    0.08944118355403663,
    0.08939534654015395,
    0.08938508987955117,
    0.08940008295457322,
    0.08939855289082964,
    0.0893072977765799,
    0.08921533405524493,
    0.08919085584471916,
    0.08915688600335767,
    0.08913856784980406,
    0.08911074789266787,
    0.08902263756898718,
    0.0888665906042714,
    0.08869679444488908,
    0.08851781023815067,
    0.08841249067566913,
    0.0882484054975105,
    0.08816926949836391,
    0.08813828842294147,
    0.08810636743934859,
    0.08807618508475161,
    0.08816414028920576,
    0.08808149288771194,
    0.08792060470927707,
    0.08783831800787359,
    0.08772362404622339,
    0.08759421446283365,
    0.0874718674447536,
    0.08736346358212897,
    0.08720346947790357,
    0.08704666721931349,
    0.08694986706434074,
    0.08684624495517856,
    0.08670782493430933,
    0.08659496295799689,
    0.08657430566965957,
    0.0865170262614825,
    0.08635247602682784,
    0.08635749578372283,
    0.0864498165280202,
    0.0864567907204758,
    0.08635080789715614,
    0.08631906285076937,
    0.08626941780963401,
    0.08635073558953858,
    0.08645387972763757,
    0.08650734269922375,
    0.08648844398934238,
    0.08643306183886419,
    0.08638154052735808,
    0.08643904955239706,
    0.08649720919615031,
    0.08658877674538959,
    0.08679715513865173,
    0.08690041537062132,
    0.08693546352038779,
    0.0869308067840561,
    0.08695015179283087,
    0.08700248219590292,
    0.08703264926269044,
    0.0868990958133538,
    0.08677153663266016,
    0.08674572633312533,
    0.0867358962362333,
    0.0866795303056323,
    0.08666536920460395,
    0.08669037919676731,
    0.08667717989427375,
    0.08664733879491454,
    0.08645193876876821,
    0.08631914879901735,
    0.08624501497784161,
    0.08618853991060146,
    0.08620290942445392,
    0.08627961877293638,
    0.08634027579330847,
    0.08628687913544893,
    0.08637593492560645,
    0.08644191205777034,
    0.08646442568922959,
    0.08645658454642337,
    0.08651954787349271,
    0.08656434858875202,
    0.0866015644625733,
    0.08657068982908689,
    0.08653484508780308,
    0.08650444458033786,
    0.08656564255384076,
    0.08661476869905622,
    0.08659694197463037,
    0.08666175330982742,
    0.08676143963871209,
    0.08688108341152785,
    0.08671991619926621,
    0.08663079448416994,
    0.0866385927782528,
    0.08663829457264167,
    0.08665677580826507,
    0.08669434488739848,
    0.08686225753560761,
    0.08699166155075852,
    0.08702308921618382,
    0.08701281819244289,
    0.08701921389236845,
    0.08712336861408947,
    0.08710509415619246,
    0.08707958764133326,
    0.0871220464360203,
    0.08716512583084375,
    0.08708714840490851,
    0.08693751824709561,
    0.08685238731827233,
    0.08681170108799775,
    0.08666625557120858,
    0.08651817404071732,
    0.08647036558432387,
    0.086462755127059,
    0.08635462953790421,
    0.08626994377177502,
    0.08623978224963637,
    0.08623599892085469,
    0.08622008765217563,
    0.08620062530649832,
    0.08633556826919182,
    0.08650163838189653,
    0.0865086649710639,
    0.08657478260698631,
    0.08662559228030804,
    0.08676845417631675,
    0.08677598676734405,
    0.08659847008623626,
    0.08637616322563953,
    0.0862798647774075,
    0.08619759671950387,
    0.08619983950030856,
    0.08636073636543483,
    0.08647173925294867,
    0.086539164404549,
    0.08654409650359166,
    0.08655260763555683,
    0.08654299981627342,
    0.08659307059786223,
    0.08664111191300138,
    0.08671712954330132,
    0.08679958139811193,
    0.0867149555229326,
    0.0866205032052495,
    0.08641461978341543,
    0.08626763837877821,
    0.08627458423788747,
    0.08638719459948936,
    0.08638794342836913,
    0.08621166897257293,
    0.08610244156857498,
    0.08601783711571358,
    0.08602321286709055,
    0.08617070094566316,
    0.08627793895913241,
    0.08624439770779378,
    0.08619573248097612,
    0.08617226954631475,
    0.08617622841497144,
    0.08618208812631947,
    0.0862571977865028,
    0.08640608852963906,
    0.0864415056375593,
    0.08644571118830201,
    0.0865051504520006,
    0.08650310965537858,
    0.08639156767318079,
    0.08635092992251907,
    0.08631521417744306,
    0.08630397228034549,
    0.08630000822780769,
    0.08629902134717712,
    0.08629507938875276,
    0.08621830915971022,
    0.08609920594264771,
    0.0859868176255227,
    0.08585943154636257,
    0.08582717167969046,
    0.08587211412189048,
    0.08607061451290306,
    0.08616410144054026,
    0.08614058483063815,
    0.08611232797565246,
    0.08615788946195688,
    0.0862569533810725,
    0.08625703998577886,
    0.08618909914018616,
    0.0860971171688842,
    0.08617998518405917,
    0.08620802521219566,
    0.08610364613062751,
    0.08594180060113557,
    0.08589547205544737,
    0.08589812529477349,
    0.08594384410434339,
    0.08594874422797553,
    0.08581855618165553,
    0.08562760219498056,
    0.08548819104077912,
    0.08540818294809581,
    0.08539417214365456,
    0.08539670958854437,
    0.08542054117092532,
    0.08544504469198129,
    0.08542902520347186,
    0.08540764474204252,
    0.08542016868720294,
    0.08547484386717924,
    0.08545817452081429,
    0.08542609910681062,
    0.0854262403494954,
    0.08535195539542406,
    0.08526122078168609,
    0.08524251735112179,
    0.08516774816349426,
    0.08512244823277579,
    0.08516841729118313,
    0.08533769993978424,
    0.08553705622468562,
    0.08561338220999867,
    0.08560579836719148,
    0.08562774438081813,
    0.0857558168351934,
    0.08575352743968212,
    0.08577076539939639,
    0.08557196936540845,
    0.08545550130801535,
    0.08550764902086701,
    0.08551814337603042,
    0.08548445118329205,
    0.08546355304568946,
    0.08549365326362775,
    0.08559605637980755,
    0.08561886984318504,
    0.08559166569697067,
    0.08559553388780934,
    0.08562974725467516,
    0.08559328504956172,
    0.08565851592250086,
    0.08569284062829893,
    0.08565699897710141,
    0.0855521238676681,
    0.08555116490961823,
    0.08554612793495477,
    0.08552785322179149,
    0.08558555199982797,
    0.08568096636282466,
    0.08573360006943173,
    0.08575030046797273,
    0.08590104742546234,
    0.08599291806010406,
    0.08611470858442845,
    0.08608329879897153,
    0.08593946920491558,
    0.08575083600639175,
    0.08562930441175129,
    0.08573470857975049,
    0.08578830633093884,
    0.08572610804763907,
    0.08556819225716562,
    0.08543632127569449,
    0.0855667956446925,
    0.085675817329984,
    0.08567238498418224,
    0.0856695309972797,
    0.08561883435080259,
    0.08564031407383943,
    0.08566658357260233,
