{
  "success": true,
  "x0": [
    0.44024673961244387,
    0.09566983874424972,
    0.4640834216433064,
    0.5720685786439973,
    0.3363759516549815,
    0.45540837437391274
  ],
  "x": [
    0.09359616517528879,
    0.8550129108588362,
    0.051390923965875066,
    3131.921877066092,
    2.0736305146257816,
    0.45540837437391274
  ],
  "SSE": 0.009848126053998181,
  "exp_data": [
    1.0,
    0.6481585809025964,
    0.3819343751314899,
    0.26723237760290225,
    0.21320895206644686,
    0.1832651208164347,
    0.16450430306738362,
    0.1512148657147386,
    0.141046964490979,
    0.13298103921314924,
    0.1264808042470072,
    0.12112349402725871,
    0.11654204536751754,
    0.11273794851704744,
    0.10945284417319397,
    0.10664986583817523,
    0.10422341520971373,
    0.1021264516624667,
    0.10031642055865143,
    0.09872583749203474,
    0.09741204007609978,
    0.09623230962080186,
    0.09528475213459495,
    0.09448706075455436,
    0.09376384068864356,
    0.09310558967166166,
    0.09260309148232883,
    0.09226211254051818,
    0.09201589183324922,
    0.09189431665209397,
    0.09169255941654232,
    0.09142539076088621,
    0.09109606559692268,
    0.09083370535497395,
    0.09060113190925832,
    0.0902714342727849,
    0.09010500171996555,
    0.08997614552200531,
    0.089912966507787,
    0.08976854694179005,
    0.08963816425108313,
    0.08953432844128466,
    0.08955554774126086,
    0.08946653231466069,
    0.08937341509367938,
    0.08927056767501759,
    0.08913775617329245,
    0.08901448462413998,
    0.0889189393640734,
    0.08880467536645929,
    0.08871019093297582,
    0.08865844255780472,
    0.08857295216476786,
    0.08852431237391643,
    0.0884269374395811,
    0.08829842549194968,
    0.08834038295148246,
    0.08842870149544597,
    0.08852438456673312,
    0.08858682394379913,
    0.0885773429225423,
    0.08867912402675344,
    0.08876602763012642,
    0.08886704759813638,
    0.08898348050178372,
    0.08902897800827014,
    0.08896914232430785,
    0.08884133507789495,
    0.0888006299017382,
    0.08879116465068591,
    0.0888694536732741,
    0.08876615161933432,
    0.08859895452965622,
    0.08860642296900917,
    0.08861247629821625,
    0.08850567453962262,
    0.08847830742627526,
    0.08855328307174225,
    0.08858844494721069,
    0.08853233498129258,
    0.0884314247993156,
    0.08825420953701586,
    0.08819256834265592,
    0.0881533951517317,
    0.08810986171201605,
    0.08819442579831747,
    0.08833879847537457,
    0.08843259683409356,
    0.08828914664850167,
    0.08813944610574265,
    0.08798439712812872,
    0.08791665312281126,
    0.08793157633481104,
    0.08792913109212477,
    0.0878864650768532,
    0.0878914601444314,
    0.08787743698474768,
    0.08788243364775426,
    0.08790859253784485,
    0.08794742074859613,
    0.0880124935640513,
    0.0879609595894855,
    0.08790417924772063,
    0.08784470713820448,
    0.08787237860697489,
    0.08785643795751373,
    0.08784303763410022,
    0.08791002174239905,
    0.08791180272156138,
    0.08776205323099905,
    0.08768218836719145,
    0.0878378159633534,
    0.08800723650281923,
    0.08806096999701185,
    0.08807585023856221,
    0.08810451818522001,
    0.08815155026702452,
    0.08798999196560359,
    0.08775932904256073,
    0.08764619386311433,
    0.08759622289605873,
    0.08755913966994007,
    0.08752188711578406,
    0.08743389062037277,
    0.08739390429355075,
    0.08738935722713859,
    0.08733701232688755,
    0.08732295905467731,
    0.08733765923538933,
    0.08728332968772101,
    0.0873017964297581,
    0.08730624663687872,
    0.08736772173830513,
    0.08744835272103041,
    0.08752390773613895,
    0.08763618998724698,
    0.08776244622603604,
    0.08792304555713298,
    0.08802347723299504,
    0.08802678426437481,
    0.08792677403611084,
    0.08775868303781999,
    0.08780329346112957,
    0.08797654855046644,
    0.08804635441447299,
    0.08792348178081276,
    0.08778150952232895,
    0.08779947296851112,
    0.08784361152368336,
    0.08785194385174823,
    0.08789013187219913,
    0.08786628155956662,
    0.08794629216483206,
    0.08800154672355649,
    0.08800985386931263,
    0.08808056432566432,
    0.08820718085152353,
    0.08838564673025527,
    0.08850900718678277,
    0.08850216053325118,
    0.08844559549645663,
    0.08848535639964568,
    0.08853888015452355,
    0.0886325974224283,
    0.08874037445169813,
    0.0887387131235216,
    0.08879271273113817,
    0.08890971360671857,
    0.08910156712879899,
    0.08928360763927963,
    0.08931189378431044,
    0.0893260368924919,
    0.08937525254967629,
    0.08936455994569145,
    0.0892394921337267,
    0.08905791340557177,
    0.08895670963437434,
    0.08888322056216169,
    0.08877089498921138,
    0.08854598236387852,
    0.08834710092173663,
    0.08806966911517414,
    0.08782475607113398,
    0.08767701749943432,
    0.08746958123475596,
    0.08731597631874509,
    0.08728781687826956,
    0.08729073864572236,
    0.08746900662310181,
    0.08762194768246433,
    0.08768266656686328,
    0.08763827814431788,
    0.08761457363265304,
    0.08749123267005257,
    0.08741973355415039,
    0.08752571645352503,
    0.08765695389019558,
    0.08765567209587037,
    0.08753486777792437,
    0.08738443475112759,
    0.08722368087932811,
    0.08715054758324764,
    0.08708687872462975,
    0.08699290486729294,
    0.08682108020071284,
    0.08689667523203273,
    0.08707089991798954,
    0.0870452271381546,
    0.08710106896057324,
    0.08711590769263894,
    0.08710463456648294,
    0.08708958262015436,
    0.08702968178994883,
    0.0869649594277487,
    0.08694864920212161,
    0.0869378925274029,
    0.08700619021095055,
    0.08702044025587778,
    0.0870604709964932,
    0.08707804725907843,
    0.08702700119695185,
    0.08689814350087112,
    0.08679413794527481,
    0.08680255669213606,
    0.08682226577967753,
    0.08690139559474404,
    0.0870863822311516,
    0.08705755175633359,
    0.08702623864770226,
    0.0870244869282267,
    0.08686677810711489,
    0.08676000221560817,
    0.08686003815305991,
    0.08693339640305078,
    0.08689378327936452,
    0.08684023549402918,
    0.08672080792917464,
    0.0866238016463839,
    0.08659374526371502,
    0.08665046024002729,
    0.08670067098776514,
    0.0867030704693349,
    0.0865894390448525,
    0.08648495837679,
    0.08643216040067891,
    0.08650229294478433,
    0.08650595274413776,
    0.08645232816516799,
    0.08636280368913325,
    0.08630336777190696,
    0.08632226344811748,
    0.08636663789969738,
    0.08639163253463226,
    0.08635957086956449,
    0.08635425961770848,
    0.08639303206139536,
    0.08641259859112135,
    0.08650063988182058,
    0.08652885129765005,
    0.08663884174035955,
    0.08677201366140921,
    0.08685471011257336,
    0.0868060527955032,
    0.08661125319629269,
    0.08659987302562905,
    0.08654996734083796,
    0.0865734596639291,
    0.08652134634611103,
    0.08641263715055535,
    0.0863252036449228,
    0.08640555980447476,
    0.0863989848916221,
    0.08650819111415468,
    0.08658165716636296,
    0.0865204155302833,
    0.08648649522988124,
    0.086410763184462,
    0.08626423009431032,
    0.0861193618152074,
    0.0860216660867861,
    0.08589432522558425,
    0.08577701273459185,
    0.08582649278598631,
    0.08585239130458919,
    0.08584160296727301,
    0.0858369316899393,
    0.0859786486606814,
    0.08601744948625238,
    0.08605149050225659,
    0.08599433716068809,
    0.08591632201108146,
    0.08596728943385155,
    0.08610211384337622,
    0.0861540794294011,
    0.08610044523229328,
    0.08603074273934855,
    0.08601015915564889,
    0.08606923567331479,
    0.08604728917229722,
    0.08602541055771006,
    0.0859180247349047,
    0.08577231497923989,
    0.08569520165335523,
    0.08576428964978516,
    0.08590178909928198,
    0.08585442440844866,
    0.08574021622979366,
