{
  "x0": [
    0.3758154205486679,
    0.1699919605872798,
    0.45419261886405227,
    0.8036033646504523,
    0.8036033646504523,
    0.12542432775225357
  ],
  "x": [
    0.15919066427347997,
    0.845367835133022,
    0.0,
    32.038497851783816,
    5.6084583597289,
    0.12542432775225357
  ],
  "SSE": 0.0036965401079822376,
  "exp_data": [
    1.0,
    0.8723452468926939,
    0.7499184094101145,
    0.6404519892196361,
    0.5481297539155996,
    0.472707861651259,
    0.4118278205951381,
    0.36242739599995644,
    0.32178209028502447,
    0.28780961024080787,
    0.25913207892843154,
    0.23468557171237228,
    0.21365966919524407,
    0.19539579334801271,
    0.17942286158518322,
    0.16535875466795816,
    0.1528643922437951,
    0.1417369771364703,
    0.13179049003048515,
    0.12286880126467392,
    0.11483171459122893,
    0.10754889076029246,
    0.10094526058402112,
    0.09494731580662664,
    0.08947800121793015,
    0.0844551183016299,
    0.07983724757500056,
    0.07557844779621314,
    0.07163900207977293,
    0.06798826607473785,
    0.06461517436509769,
    0.06150800229392451,
    0.05865889791791379,
    0.05603678231206204,
    0.05361851440636541,
    0.051362054796938575,
    0.04923838936221808,
    0.04724727155061287,
    0.04538433743975674,
    0.043632697476360095,
    0.04199337873750329,
    0.04046117547661294,
    0.03901674210378692,
    0.03764533132018449,
    0.036343606404451244,
    0.03510932099809361,
    0.03392503192668703,
    0.032782548511284704,
    0.031688477444990724,
    0.030634129146695905,
    0.02962449947272583,
    0.02865647828885372,
    0.02771653001325569,
    0.026812815567277243,
    0.025950249702259218,
    0.02512118566094829,
    0.02432180342526519,
    0.02355411823660474,
    0.022820666185338907,
    0.022120277017572597,
    0.021452048148846617,
    0.02081546703330156,
    0.0202091101671974,
    0.01963664376794788,
    0.019099046353597098,
    0.01859292446002425,
    0.018115449411712906,
    0.017671484438619395,
    0.017265119255260773,
    0.01688810486011946,
    0.01653270984240651,
    0.016197407881803228,
    0.015877546114081362,
    0.015570229742267117,
    0.015278683444408418,
    0.015005070552795026,
    0.014745573683726238,
    0.014499742333995569,
    0.014262631265377261,
    0.014030785257628669,
    0.013803418109115756,
    0.013575326925735825,
    0.013352873881609311,
    0.013136879660390855,
    0.012930118374202658,
    0.012728527158854624,
    0.012526197145419105,
    0.012322598343735981,
    0.012121673881832419,
    0.01192312060935288,
    0.01172837798223256,
    0.011535400092607947,
    0.011342132913922168,
    0.01115051197934669,
    0.01096441883784373,
    0.010780584085534955,
    0.01059973495710177,
    0.010426019471323485,
    0.010256006303482543,
    0.010088983903619843,
    0.009926659587376244,
    0.009766371468899136,
    0.009609764388200338,
    0.009463347782044534,
    0.009320710613972955,
    0.009183033806606478,
    0.009052831941935586,
    0.008925060001225171,
    0.008802071461463487,
    0.008680992787999175,
    0.008560018964516282,
    0.008442075965123658,
    0.008326790999178825,
    0.008211208696315947,
    0.008095774714983194,
    0.007982596870337488,
    0.007869476649206371,
    0.007755838322615962,
    0.007643473836220684,
    0.007531040568016631,
    0.007420720608025603,
    0.007308601128884715,
    0.0071944193443181466,
    0.007080454496974542,
    0.006967770651713529,
    0.006860726476593817,
    0.006758951858045938,
    0.006667958044910656,
    0.0065836689985819055,
    0.006507336258512745,
    0.006434801799306213,
    0.006365136128270969,
    0.006300395037676852,
    0.006237178775162667,
    0.006175947884958506,
    0.0061128953330742255,
    0.006050364473042512,
    0.005984764418875182,
    0.005916935620961678,
    0.00584703475754721,
    0.005773908709566501,
    0.005698400068603881,
    0.005623587360399893,
    0.005552463386255636,
    0.005483690890197944,
    0.0054190556290683815,
    0.005362592623436644,
    0.005310202362744189,
    0.005260675328648045,
    0.005216699328386097,
    0.0051773980266409695,
    0.00514152684341479,
    0.005107935475187731,
    0.00507463848510008,
    0.005041138115313669,
    0.005008631846000537,
    0.004977422685131689,
    0.004947214592514038,
    0.0049202810902178795,
    0.004894293025828852,
    0.004870725581941205,
    0.004847911795535306,
    0.00482773173688643,
    0.0048093882682418085,
    0.00479352570052057,
    0.004778066486057127,
    0.004762170089514616,
    0.0047431046496256,
    0.004720252546684154,
    0.004692216527290812,
    0.004662801310757346,
    0.004636979050361198,
    0.004615235834588009,
    0.004598263414432902,
    0.004584718680055079,
    0.004571824677121405,
    0.004560774836678952,
    0.0045529381344498856,
    0.0045476769068354805,
    0.004543018927860547,
    0.004536675725739681,
    0.004529120919166242,
    0.0045189458831608915,
    0.004507376755362765,
    0.004495919707206505,
    0.004482409641069928,
    0.004469110882903484,
    0.004457608723890596,
    0.00444756421860055,
    0.004438671456758028,
    0.004430865112676038,
    0.004424840758743121,
    0.004419842258745828,
    0.004415248844340852,
    0.004409846870012283,
    0.004403008114625721,
    0.0043963281828082856,
    0.00438837960340768,
    0.0043801344568522695,
    0.004373092737378359,
    0.004365616025601889,
    0.004356653343707642,
    0.00434704028340224,
    0.004336038363097939,
    0.004323993946005512,
    0.004308549120098816,
    0.004291170029101269,
    0.00427410420780484,
    0.004257916849765961,
    0.004242752106049914,
    0.0042266344967674735,
    0.004209631561859416,
    0.004190394442677045,
    0.004168986497789602,
    0.004145435874298452,
    0.004120019609922295,
    0.004095577599786739,
    0.0040714364095924245,
    0.004048096281621347,
    0.00402766618357082,
    0.004008512016779845,
    0.0039886344443157955,
    0.003970395177754389,
    0.003952580519972694,
    0.003933217274257534,
    0.003913198725532524,
    0.003891371107663791,
    0.0038700699017209955,
    0.003848287030590337,
    0.003827176318253808,
    0.003805547121022105,
    0.003782311890525674,
    0.003756776636722466,
    0.003731508956991962,
    0.0037065097782550804,
    0.0036807619710745826,
    0.0036540081262909554,
    0.003625989641682832,
    0.00359549808288309,
    0.0035629996998623394,
    0.0035302794564051505,
    0.0034986180422804727,
    0.0034682390953626107,
    0.0034390370088914373,
    0.0034130734365127673,
    0.0033875273299703627,
    0.003361037533172672,
    0.0033327158276769907,
    0.003302924903975403,
    0.0032707356460610426
  ],