{
  "x0": [
    0.3328372799213788,
    0.28705560666046753,
    0.38010711341815373,
    0.8520380543965632,
    0.8520380543965632,
    0.39745470555535717
  ],
  "x": [
    0.3323076108779407,
    0.6786145040525782,
    8.812867658239003e-18,
    15.450590506534992,
    4.294777101685282,
    0.39745470555535717
  ],
  "SSE": 0.0011702452567927384,
  "exp_data": [
    1.0,
    0.8612988321301068,
    0.7290522913231481,
    0.6130706394655447,
    0.5182878492117511,
    0.44378495675444235,
    0.3856656400240223,
    0.3394429307329818,
    0.3015527151302008,
    0.269617237934764,
    0.24226642730901324,
    0.21860361243399354,
    0.19801647934181413,
    0.1799522629685304,
    0.1639791853122506,
    0.1497879695454343,
    0.13707481271110772,
    0.12571347563520577,
    0.11554211010752183,
    0.10638910436959954,
    0.09812353392400922,
    0.09061486336145504,
    0.0838189856580539,
    0.07762820273005151,
    0.07196159944365557,
    0.0667322545561781,
    0.06190580964114039,
    0.05744856958800315,
    0.053296348277606716,
    0.049422777980895116,
    0.04583604706731232,
    0.04257376589445297,
    0.03963560900868112,
    0.03697588630115812,
    0.034564048569354563,
    0.032346043106057806,
    0.030276393028813662,
    0.02837717458758598,
    0.026622393693230002,
    0.02498622504158546,
    0.02347300985443907,
    0.022092362400741798,
    0.02082370128855997,
    0.01964904517010773,
    0.018547306724806735,
    0.01752888872758449,
    0.01658203286597737,
    0.015708197468679085,
    0.014901581632713965,
    0.014151424810890626,
    0.013442342632227738,
    0.012773193333366968,
    0.012134007762508399,
    0.011530639258074146,
    0.010967790902254235,
    0.010436369503529452,
    0.009936646120982193,
    0.009474501529438607,
    0.009052036006591097,
    0.008657581179888525,
    0.008289584826970542,
    0.00794512658783885,
    0.007604276871526306,
    0.007270958512291256,
    0.006959309750771507,
    0.006664470663060737,
    0.006384391272023891,
    0.006126056148914096,
    0.005901871115303522,
    0.005697384587691599,
    0.0055098142077008375,
    0.005350579263014688,
    0.005211134889789972,
    0.0050883233834638575,
    0.004985963796035631,
    0.0049042080378946815,
    0.004843116471826476,
    0.004796385751231781,
    0.0047513176865232615,
    0.004709488162991326,
    0.004651573712390678,
    0.004589101121956512,
    0.00452845216157224,
    0.0044650862244428186,
    0.0044099535401183896,
    0.004352295310985026,
    0.004286055833743289,
    0.004214003942057899,
    0.004138546479154709,
    0.00406592616968973,
    0.003995871186183519,
    0.0039259578748853064,
    0.003853191342892996,
    0.0037727845669211922,
    0.003692499305524399,
    0.0036074540058094037,
    0.003515097078993909,
    0.003420862727256916,
    0.0033197546333335716,
    0.0032169363948512217,
    0.0031142899295108243,
    0.003015310286787943,
    0.0029241683148134817,
    0.0028504458653277626,
    0.0027866169001295026,
    0.0027331853815181473,
    0.002689992846237578,
    0.0026459531766796617,
    0.002598876204719225,
    0.002551323386564527,
    0.0025038651130305316,
    0.0024635614061949743,
    0.002427378042015677,
    0.002390738977356135,
    0.0023593843515682753,
    0.0023293071110063296,
    0.0023008946965313326,
    0.002271272664837638,
    0.002237074454697405,
    0.0021959777558873345,
    0.002153545572689037,
    0.0021095810600799615,
    0.002061764121158238,
    0.0020145253122099928,
    0.001963226127907077,
    0.0019104669107027304,
    0.0018617648137288527,
    0.0018186838759235242,
    0.0017737670274041025,
    0.0017233161227188276,
    0.0016680922103993457,
    0.0016118779786954529,
    0.0015595439332101813,
    0.0015148098589083292,
    0.0014772109916951566,
    0.0014405119445270584,
    0.0014030516266594743,
    0.0013589490118375688,
    0.00130494676496958,
    0.0012422903412188577,
    0.0011663333596356245,
    0.00108224868358194,
    0.0010006476668720258,
    0.0009246930347422521,
    0.0008556855407992394,
    0.000794634991846457,
    0.0007442367608957708,
    0.0006978910007369415,
    0.0006533309593185334,
    0.0006136379003390492,
    0.0005774367367139526,
    0.0005447385070681944,
    0.0005097816809743414,
    0.0004770425863855722,
    0.00044752563901888793,
    0.0004232379442719497,
    0.00040259692718200963,
    0.00038371313311256464,
    0.00036909620311438313,
    0.0003555511568795846,
    0.00034629341219375245,
    0.00033922654873934783,
    0.00033093755030124045,
    0.00031830091948388274,
    0.00030009307531744345,
    0.00027649796557030796,
    0.00025113499591791945,
    0.0002261221695528975,
    0.00020085319462726447,
    0.0001734016863754517,
    0.00014700713885259706,
    0.00012370423347449273,
    0.0001025879090900136,
    8.407237214520466e-05,
    6.796226361897218e-05,
    5.457139270962943e-05,
    4.452126609751565e-05,
    3.7720518456797626e-05,
    3.448672612352263e-05,
    3.247525876969597e-05,
    3.0561975616172594e-05,
    2.8439191522315968e-05,
    2.5900661003077522e-05,
    2.2636346507451196e-05,
    1.9364904693955038e-05,
    1.546760786400725e-05,
    1.1458552823924646e-05,
    7.647402179377627e-06,
    4.24172009457541e-06,
    1.657122422772549e-06,
    6.221037935157574e-07,
    8.303842263874496e-07,
    1.6625975014710347e-06,
    2.912753501151948e-06,
    4.478094415847074e-06,
    5.3170970191329365e-06,
    5.4273509041019105e-06,
    5.7468244005276695e-06,
    6.485420497185704e-06,
    6.806777488270259e-06,
    6.185324523228686e-06,
    5.037725902575119e-06,
    3.6774323763340027e-06,
    2.314105882315092e-06,
    1.6848644274524282e-06,
    8.433734758483541e-07,
    2.110792110852064e-07,
    0.0,
    0.0,
    0.0,
    0.0,
    0.0,
    0.0,
    0.0,
    0.0,
    0.0,
    1.067334951048252e-07,
    1.0685437450357733e-07,
    3.2092656087188385e-07,
    6.425816632957105e-07,
    1.5010610339136816e-06,
    2.1468124706006404e-06,
    2.90149774309897e-06,
    3.6579040742827814e-06,
    3.7697879930556508e-06,
    3.342771025070282e-06,
    2.4829580994079738e-06,
    1.6211753921114472e-06,
    1.1902253340932952e-06,
    1.1915918375646062e-06,
    9.760593942661155e-07,
    7.600309093170406e-07,
    4.3480372247697236e-07,
    0.0,
    0.0,
    0.0,
    1.0920417046220637e-07,
    2.1866143644679058e-07,
    4.378301941858317e-07,
    1.095846779855243e-06,
    1.6456815324632274e-06,
    1.647597347633722e-06,
    1.429581933255102e-06,
    1.4312500643912253e-06,
    1.6533716336690512e-06,
    1.65530540721641e-06,
    1.5467607875423894e-06,
    1.6591865401143499e-06,
    1.2181648923353212e-06,
    6.652343690054034e-07
  ],