{
  "success": true,
  "x0": [
    0.5060953554978741,
    0.3400038180380958,
    0.15390082646403014,
    0.9188886897286227,
    0.9178886897286227,
    0.5131534581502054
  ],
  "x": [
    0.15079962731106414,
    0.8379119885171287,
    0.011288384171807074,
    59.564954386858744,
    5.458335501765849,
    0.5131534581502054
  ],
  "SSE": 0.009947094415050577,
  "exp_data": [
    1.0,
    0.8642932118250993,
    0.7347869928691995,
    0.6209955536582131,
    0.5280522903799653,
    0.45520202895042045,
    0.3989005920059238,
    0.35474295491805846,
    0.3191020038006995,
    0.2894308111936985,
    0.26441266869388624,
    0.2431581118144098,
    0.22490804298272185,
    0.20914265853193253,
    0.19542859787459263,
    0.18345221301932654,
    0.17283472349151663,
    0.16334745381706642,
    0.1548242788903519,
    0.14715903296810376,
    0.1402540681613258,
    0.13401802035439442,
    0.12835454757074644,
    0.12322450761482855,
    0.1185373152358114,
    0.11422881787443763,
    0.11026950104941498,
    0.10658102521706411,
    0.10313105457288962,
    0.09989955428934498,
    0.09689225132974502,
    0.09405028607668152,
    0.09136926398960434,
    0.08885830349913285,
    0.08650062361582658,
    0.08425971249713392,
    0.08211364143244804,
    0.08004270696772942,
    0.07806799971095546,
    0.07617085012276091,
    0.07436607562570353,
    0.07265073045829455,
    0.07099929518962486,
    0.06939972199546526,
    0.06786895579904721,
    0.06640164737921754,
    0.06496404987708965,
    0.06352945651466976,
    0.06212155364947372,
    0.06072973436898911,
    0.059382350348704316,
    0.05807386212635411,
    0.05677953250994341,
    0.05551823650337855,
    0.054295661439455675,
    0.053106862273206115,
    0.05194732689243593,
    0.050830437459486094,
    0.04975713169944341,
    0.04873070748481064,
    0.047745584472259274,
    0.046798249483052584,
    0.04589790155848835,
    0.04504786113777347,
    0.04424736316150469,
    0.043478865852066395,
    0.04274538205187824,
    0.04204911422551882,
    0.041391267679990865,
    0.04076454146357556,
    0.04015904135155918,
    0.03955887459301439,
    0.038965433489711175,
    0.038376808378907064,
    0.03779586414621522,
    0.037230263516020885,
    0.03667489154297648,
    0.036130239378608334,
    0.03559476902730098,
    0.03505834217424218,
    0.03454149153027026,
    0.034021033851250215,
    0.03351308553981685,
    0.03302148728114625,
    0.03255055921395916,
    0.03209617932072098,
    0.03165430237319729,
    0.03121341584449695,
    0.03078210016228283,
    0.030350117886046215,
    0.029923258965796885,
    0.02949994895074542,
    0.02908029200668153,
    0.028673200187185572,
    0.028283494235997447,
    0.027902307166877,
    0.027534833142255088,
    0.027186004828504223,
    0.026849098237349472,
    0.026510198892051834,
    0.02617637724494401,
    0.025839148327445407,
    0.025497745565324286,
    0.025160011213681412,
    0.02481790415861211,
    0.02447729046159754,
    0.02414443947778561,
    0.023815193888119344,
    0.023502690233412945,
    0.023196601382812994,
    0.022891037836462184,
    0.022587146009714797,
    0.022286936444822786,
    0.021985162601094812,
    0.02167751357468564,
    0.021374987234997395,
    0.021071270684816693,
    0.02076847194279828,
    0.02047437644526835,
    0.02018651013222352,
    0.01990633624208412,
    0.01962346970561498,
    0.019339059961434,
    0.019056772067739616,
    0.01878376631527166,
    0.018529748434492135,
    0.018288964646279438,
    0.01807580740559035,
    0.01788376119379081,
    0.01772085920403389,
    0.017573184617662104,
    0.017435039694902902,
    0.01730460201140645,
    0.01716764992307205,
    0.017026605031337943,
    0.016879303573103584,
    0.016733458277129652,
    0.016584370756011636,
    0.01643771950554009,
    0.016293315768206952,
    0.016152149405041318,
    0.016011672501056163,
    0.01586972045854881,
    0.01573220416473024,
    0.01559479495987532,
    0.015461840307031677,
    0.015342354286673026,
    0.015231231002373051,
    0.015127010162198149,
    0.01503507109038178,
    0.01495366484164202,
    0.014878947216360988,
    0.014813328049598158,
    0.014746474337094799,
    0.014675489753828184,
    0.01460086040500933,
    0.014525173396900065,
    0.01444902569818795,
    0.014377924740255265,
    0.014308778297361381,
    0.014243298980664926,
    0.014177579716101452,
    0.014120471561298914,
    0.014073009049256896,
    0.014040162484377238,
    0.014015217681101453,
    0.013992340876699946,
    0.013962133818308225,
    0.013921130870045786,
    0.013868182446351126,
    0.013811163441189747,
    0.013761740501681531,
    0.01372176829545441,
    0.013692905927899013,
    0.013671826941206278,
    0.01364978435491058,
    0.013629736317282539,
    0.013615676032645787,
    0.013605473959419278,
    0.013595454623089337,
    0.01357936264463484,
    0.01355892356597641,
    0.013530936988479597,
    0.013499493919580843,
    0.013468394216925562,
    0.013431761315345778,
    0.013395874095886526,
    0.01336517876949241,
    0.013338450935707078,
    0.013314357247851313,
    0.013291973234234597,
    0.013273691892002976,
    0.013257864178736013,
    0.013242833779521403,
    0.013225062515621002,
    0.01320370724685803,
    0.013183557197520755,
    0.013159391985822513,
    0.013133917950059623,
    0.013112471434646807,
    0.013090662752282437,
    0.013064922305220349,
    0.013037443417830386,
    0.013005800983411501,
    0.012970296973589082,
    0.0129248039868206,
    0.012873299008092719,
    0.012822312623414522,
    0.012773750549297884,
    0.012728256318149745,
    0.01267990349030242,
    0.012628894685578247,
    0.012571183328031135,
    0.012506959493368804,
    0.012436307622895354,
    0.012360058829766884,
    0.012286626065865112,
    0.012214202374402771,
    0.012143967918303172,
    0.012082355969049165,
    0.012024034989305623,
    0.011963756520476786,
    0.011908284035520068,
    0.011854083655843799,
    0.011795882034779548,
    0.011736253405572503,
    0.011671630364891964,
    0.011608588529770876,
    0.011543670866436916,
    0.01148033736292386,
    0.01141566530367205,
    0.011346175640667705,
    0.011269895106444919,
    0.011194526870975887,
    0.011119529334765243,
    0.011042285913223747,
    0.010961915174702404,
    0.01087775026361205,
    0.010786056418455082,
    0.010687903252807164,
    0.010589192687682988,
    0.010494206529493783,
    0.010403287704154577,
    0.01031567977660992,
    0.010237566937904632,
    0.010160926684503871,
    0.010081565838730475,
    0.009996488296490857,
    0.009907556547033873,
    0.009811541703814122
  ],