{
  "x0": [
    0.3813076624572995,
    0.35246212633509266,
    0.26623021120760787,
    0.8297801770419474,
    0.8297801770419474,
    0.5247469483550561
  ],
  "x": [
    0.20123019342769546,
    0.8192508091002066,
    9.855753717105715e-18,
    19.701382372718765,
    6.070496857061205,
    0.5247469483550561
  ],
  "SSE": 0.0015168965718513148,
  "exp_data": [
    1.0,
    0.8914436967228752,
    0.7859159440379956,
    0.6872897745351499,
    0.5980491221550828,
    0.5191365992489143,
    0.4509172297554683,
    0.39309630234882903,
    0.344691551924173,
    0.304380781593961,
    0.2707171407823952,
    0.24229499088871345,
    0.2180544852611962,
    0.19709245854357527,
    0.17886080156870635,
    0.16283608143911374,
    0.148683640528761,
    0.13615000195713875,
    0.12500508109358172,
    0.1150582664563184,
    0.10611754168835179,
    0.0980137885650279,
    0.090662248523263,
    0.08398923707499988,
    0.07793508897432348,
    0.07240428247427394,
    0.06733643203444628,
    0.06270574858357221,
    0.05848960338882246,
    0.054642465953973464,
    0.05111722469823572,
    0.04789995491063901,
    0.044971820755455916,
    0.04227615713589517,
    0.0397908710339151,
    0.037480408787623994,
    0.03532513362539255,
    0.03332193309652322,
    0.03146261891508475,
    0.029741017264733917,
    0.028141050732367272,
    0.02664043357080247,
    0.025227229833175914,
    0.02388722679498048,
    0.022614556689499767,
    0.021397426887478792,
    0.02022901303699407,
    0.019109991550505256,
    0.01804229705278448,
    0.017021228260207986,
    0.016048805437245434,
    0.015122379406840072,
    0.01423604976731526,
    0.01338957094037904,
    0.01258729676506774,
    0.011820325206109306,
    0.01108143726237745,
    0.010357415720889513,
    0.009652830849982223,
    0.00897254238801864,
    0.008320975147310037,
    0.007703025029013247,
    0.007125152071577541,
    0.006591111653778913,
    0.006090466148515097,
    0.005635436864945627,
    0.005216574911236575,
    0.004839282941425281,
    0.004502218970487925,
    0.004202388529091218,
    0.003929273967959506,
    0.0036827697893806076,
    0.0034560699627429335,
    0.0032455574644304273,
    0.003054222390974402,
    0.0028807401044695074,
    0.002718713036375761,
    0.002572601872146595,
    0.0024418070823075434,
    0.0023245254356524998,
    0.0022171890846863314,
    0.00211584580400075,
    0.0020170839434388473,
    0.001924065475583495,
    0.0018298423685304125,
    0.0017371068448578655,
    0.0016382332293167377,
    0.0015403752446530871,
    0.0014443750040597223,
    0.0013533177723226949,
    0.001266003794717282,
    0.0011802934521931065,
    0.0010929153921919747,
    0.0010055511839333084,
    0.0009172629720093346,
    0.0008319910839184615,
    0.0007492746500563174,
    0.0006711908582093178,
    0.0005991660397645888,
    0.0005398164239564778,
    0.0004893115876739029,
    0.00044465579246405463,
    0.00040737928446324504,
    0.0003795862671244291,
    0.00035761078317725613,
    0.00033862557670374607,
    0.0003240635017835683,
    0.0003140329388765106,
    0.0003046479462582913,
    0.0002950535946200076,
    0.0002851539440561319,
    0.000275520479461204,
    0.00026605851069800966,
    0.00025772451049689327,
    0.00025042621869567153,
    0.00024349626500873973,
    0.00023626456627108916,
    0.00022777036021196624,
    0.00021897060869629776,
    0.0002106338159390374,
    0.00020228000930365287,
    0.00019275262095920314,
    0.00018243395036220117,
    0.00017006611097401654,
    0.000156319511961852,
    0.0001419640845865816,
    0.00012612611412952143,
    0.00010938285321809439,
    9.347877455080505e-05,
    7.78334487855213e-05,
    6.312856985718456e-05,
    4.849071121455551e-05,
    3.7039168413927324e-05,
    2.9076543507619296e-05,
    2.4027631842419394e-05,
    1.8870481592033854e-05,
    1.4583515338407733e-05,
    1.0973488776343587e-05,
    8.140592375364732e-06,
    5.498163215821681e-06,
    3.2433640225605083e-06,
    1.2790211735380912e-06,
    3.9395577884481647e-07,
    4.929592944155368e-07,
    5.921699192772244e-07,
    6.915883270117198e-07,
    1.1868227411347297e-06,
    1.4850851225723508e-06,
    1.6848644274524282e-06,
    1.3889944374623618e-06,
    1.092501566936168e-06,
    8.948068151859315e-07,
    6.966949906934194e-07,
    3.9853181986924346e-07,
    3.989530939355406e-07,
    1.7971887203325954e-06,
    4.49773131299094e-06,
    8.904946241600464e-06,
    1.3822327283988696e-05,
    1.8549623245594112e-05,
    2.2584352964938574e-05,
    2.6929121765119034e-05,
    3.178609905913485e-05,
    3.685483598464446e-05,
    4.0321541867028165e-05,
    4.248381149961988e-05,
    4.303439592598297e-05,
    4.1057961015677806e-05,
    3.877357537940807e-05,
    3.506544914585327e-05,
    3.023335222969312e-05,
    2.5492415927569864e-05,
    2.135129921960259e-05,
    1.7811943254488974e-05,
    1.436683533998599e-05,
    1.1118283744006443e-05,
    8.066926656802526e-06,
    5.4178522470711986e-06,
    3.0700349636400034e-06,
    1.1269017226090636e-06,
    1.0255696802825738e-07,
    0.0,
    0.0,
    0.0,
    0.0,
    0.0,
    0.0,
    0.0,
    0.0,
    0.0,
    0.0,
    0.0,
    0.0,
    0.0,
    0.0,
    0.0,
    0.0,
    0.0,
    0.0,
    0.0,
    0.0,
    0.0,
    0.0,
    0.0,
    0.0,
    0.0,
    0.0,
    0.0,
    0.0,
    0.0,
    0.0,
    0.0,
    0.0,
    0.0,
    0.0,
    0.0,
    0.0,
    0.0,
    0.0,
    0.0,
    0.0,
    0.0,
    0.0,
    0.0,
    0.0,
    0.0,
    0.0,
    0.0,
    0.0,
    0.0,
    0.0,
    0.0,
    0.0,
    0.0,
    0.0,
    0.0,
    0.0,
    0.0,
    0.0,
    0.0,
    0.0,
    0.0,
    0.0,
    0.0,
    0.0,
    0.0,
    0.0,
    0.0,
    0.0,
    0.0
  ],