{
  "success": true,
  "x0": [
    0.6633173189329936,
    0.1739096719140339,
    0.16277300915297246,
    0.8655891846540643,
    0.224491222132024,
    0.7628831524305458
  ],
  "x": [
    0.13250112095400987,
    0.8674988790459924,
    0.0,
    21.163050779379144,
    5.779757629299688,
    0.7628831524305458
  ],
  "SSE": 0.0009528769696693604,
  "exp_data": [
    1.0,
    0.8723452468926939,
    0.7492115110870988,
    0.6380622442749306,
    0.5431221318647119,
    0.46434088542435176,
    0.39962036691088515,
    0.3462731645618528,
    0.301954346488257,
    0.2648311522239705,
    0.2335421477767316,
    0.20698428812049516,
    0.18427282546627888,
    0.16468745531948387,
    0.14772276932875722,
    0.13295764499720283,
    0.12002136932751883,
    0.10866101306319952,
    0.098629339245332,
    0.0897373445264368,
    0.08183143572744786,
    0.07477797054265925,
    0.06847169416674499,
    0.06281011471681522,
    0.05772245314806333,
    0.05313395146860551,
    0.04899001335161612,
    0.04524592195843971,
    0.04185705764247312,
    0.03878086591343023,
    0.03598938862210367,
    0.033464683749807884,
    0.031186621800451838,
    0.02911796073632664,
    0.027239286447151064,
    0.025529901123752696,
    0.023969768121249842,
    0.022547385166364245,
    0.021245698330061926,
    0.02005239149135616,
    0.01895806911017433,
    0.017955616647814636,
    0.01703399847549052,
    0.01618285131706412,
    0.01539671661244975,
    0.014668386056707719,
    0.01398799811546287,
    0.013351806562203921,
    0.012758562207064473,
    0.012205784195381365,
    0.011685830280631518,
    0.011200023585024142,
    0.010743360105889225,
    0.010312558983395781,
    0.009910009604614663,
    0.00953326497223037,
    0.009177729817878125,
    0.008841686050552251,
    0.008523982463006816,
    0.008223070667152856,
    0.007937003184537583,
    0.00766488449836391,
    0.007404846059327003,
    0.007156194927685373,
    0.00691835691989782,
    0.00669081640788959,
    0.00647193035329761,
    0.006261175860601399,
    0.006059307982072809,
    0.00586540691650841,
    0.005679007312069546,
    0.0054998865234256785,
    0.005327606879770355,
    0.005162739596169602,
    0.00500555157663822,
    0.004855328888019859,
    0.0047101262613928364,
    0.0045692205696082604,
    0.004432008950384832,
    0.0042981942187980595,
    0.004168248877503725,
    0.004041474437488695,
    0.003917663980382495,
    0.0037970117999498584,
    0.003679589132840036,
    0.0035662731327609225,
    0.003456486634772514,
    0.003350488469010393,
    0.00324741968540343,
    0.0031472267592586433,
    0.0030498248144995967,
    0.0029556585331738175,
    0.002864612740458575,
    0.0027769465901626546,
    0.0026926076342965225,
    0.0026106043861926892,
    0.0025305365935472364,
    0.0024526608992194864,
    0.0023767641501958934,
    0.002302569502928188,
    0.002229893358905877,
    0.002159118065619088,
    0.002089461491287572,
    0.0020214948200763133,
    0.001954812639599248,
    0.0018901458261799766,
    0.0018274371811171353,
    0.0017663442227172097,
    0.0017074742214550631,
    0.0016508339067671982,
    0.0015954769806509695,
    0.0015417571427954995,
    0.0014896475313278255,
    0.0014393760958870568,
    0.0013910441213990416,
    0.0013439869901266026,
    0.0012981127021879512,
    0.0012529769415036101,
    0.0012093826466218255,
    0.0011673986513808122,
    0.0011264522174720037,
    0.0010865465243424918,
    0.0010472988650339723,
    0.001008711260116911,
    0.0009713657737432058,
    0.0009349759127186674,
    0.0008993508783310946,
    0.0008646546464227773,
    0.00083114893801317,
    0.0007992908929660227,
    0.0007691828776675631,
    0.0007405057404831248,
    0.0007132964064537568,
    0.0006872992364674408,
    0.0006621598595822083,
    0.0006377831679982431,
    0.0006142041605256411,
    0.0005913273445857167,
    0.0005690895236836763,
    0.0005480490543490181,
    0.0005280131107915894,
    0.000508558495039329,
    0.0004897526868254546,
    0.00047179490374847963,
    0.0004544246203434385,
    0.00043777541326271924,
    0.0004214539424688067,
    0.0004055272434429581,
    0.0003901617429976977,
    0.00037539228277021984,
    0.00036118763888953395,
    0.000347549596861266,
    0.0003347121814010064,
    0.0003222793969870979,
    0.00031011954243971785,
    0.00029823348420583484,
    0.00028655545934109334,
    0.0002750194259583394,
    0.0002638261598335501,
    0.0002530435992417318,
    0.0002425057634337607,
    0.00023217994035280582,
    0.00022210033771182764,
    0.00021233487468959707,
    0.0002028509568549391,
    0.0001936831247882154,
    0.0001848997402228827,
    0.00017650203932622892,
    0.0001683562815828126,
    0.00016066596929851222,
    0.00015356784392145143,
    0.00014679298202705521,
    0.00014027464674773782,
    0.0001339458132425516,
    0.00012784105959552511,
    0.00012182510908698282,
    0.00011606843836225055,
    0.00011057189015212718,
    0.00010560920283446037,
    0.00010097722415281799,
    9.654028988388334e-05,
    9.223059102328016e-05,
    8.79457629733872e-05,
    8.368588710441297e-05,
    7.951971500528349e-05,
    7.551629883084191e-05,
    7.191704326482183e-05,
    6.855103754791508e-05,
    6.538456340999303e-05,
    6.238375454894954e-05,
    5.951459578967514e-05,
    5.681212096471602e-05,
    5.424224334326018e-05,
    5.18747527778491e-05,
    4.9536749874859955e-05,
    4.729783691902776e-05,
    4.508876132495355e-05,
    4.2909622223334304e-05,
    4.0725651328896356e-05,
    3.8606645652415324e-05,
    3.6552821748550145e-05,
    3.4564397130957605e-05,
    3.267661344550109e-05,
    3.078462065748465e-05,
    2.8923506010308342e-05,
    2.7093373011048295e-05,
    2.5329505493863297e-05,
    2.3808222387630497e-05,
    2.231878708325535e-05,
    2.0826008491567973e-05,
    1.9329875336732244e-05,
    1.7830376308662125e-05,
    1.6362917597467417e-05,
    1.4892150073411845e-05,
    1.3418062532964688e-05,
    1.194064371931756e-05,
    1.0602193652996399e-05,
    9.29633011753448e-06,
    7.98750543638558e-06,
    6.711408509949583e-06,
    5.468150916868077e-06,
    4.400965558071605e-06,
    3.6179169339927595e-06,
    2.9048061754051204e-06,
    2.369581020944511e-06,
    1.9769075935075184e-06,
    1.6193205037503603e-06,
    1.3329664365582944e-06,
    1.0459555928218941e-06,
    7.582857120461696e-07,
    5.061048719466258e-07,
    2.895355806961826e-07,
    7.24672870794954e-08,
    0.0,
    0.0,
    0.0,
    0.0,
    0.0,
    0.0,
    0.0,
    0.0,
    0.0,
    0.0,
    0.0,
    0.0,
    0.0,
    0.0,
    0.0,
    0.0,
    0.0
  ],