{
  "x0": [
    0.28849911880184864,
    0.62533664005336,
    0.08616424114479139,
    0.7122209478055876,
    0.7122209478055876,
    0.9956797909005369
  ],
  "x": [
    0.6288394247291751,
    0.38395704496814465,
    2.6197419650624505e-18,
    4.399239028405829,
    10.410617294471137,
    0.9956797909005369
  ],
  "SSE": 0.0007001012173914165,
  "exp_data": [
    1.0,
    0.8612988321301068,
    0.7281510453717163,
    0.6100383749782141,
    0.5118988310030873,
    0.4330317980774802,
    0.36996329495318253,
    0.31876948080386475,
    0.27645091365776114,
    0.2409592723227835,
    0.21094212036128512,
    0.18540196179189802,
    0.16354194795793542,
    0.1446924122311196,
    0.12835055186585867,
    0.11414084717173127,
    0.10169753402053373,
    0.09076893312619018,
    0.08111621267334894,
    0.07253910880331489,
    0.06490772969871414,
    0.05810892854412207,
    0.05208112878669068,
    0.04669883511148898,
    0.041873703878034234,
    0.037530579256362565,
    0.033607730325530584,
    0.030078193484911152,
    0.026892636651025526,
    0.02400145539610698,
    0.021390837222028905,
    0.019055391128496135,
    0.016974422247628417,
    0.015116104661461953,
    0.013461946656796796,
    0.011983641748921506,
    0.010659871203741135,
    0.009486544362997212,
    0.008441875190089761,
    0.007503461947568686,
    0.00666777785642916,
    0.005933242923170883,
    0.0052894423637812075,
    0.004721905086311055,
    0.004227809886187532,
    0.0037940400027039307,
    0.0034032215307312377,
    0.0030530575464323886,
    0.0027401661292467505,
    0.002453162606941568,
    0.0021870888164961734,
    0.0019492002220083795,
    0.0017376868568875058,
    0.0015461358771274275,
    0.0013764085975585157,
    0.0012277550654828662,
    0.0010961689234985838,
    0.0009793472373635934,
    0.0008749782323481627,
    0.0007813757051039739,
    0.0006979356484927352,
    0.0006245057839612037,
    0.0005581153996816017,
    0.0004978750013102188,
    0.0004428916601378732,
    0.000392177834825747,
    0.0003451984132593514,
    0.0003023295937507217,
    0.0002641318862400557,
    0.00022888008952496922,
    0.00019630797112511753,
    0.00016789043632071873,
    0.00014400673938470176,
    0.0001241188930356168,
    0.00010685915989155444,
    9.177497633148374e-05,
    7.831986988359462e-05,
    6.640638683738428e-05,
    5.511583909293009e-05,
    4.509693935818904e-05,
    3.635342777053826e-05,
    2.870387288068185e-05,
    2.1688078061006484e-05,
    1.5400688021910296e-05,
    9.843853590126245e-06,
    5.112692056505067e-06,
    2.0470936681986e-06,
    8.382741074004855e-07,
    3.7293441985277475e-07,
    1.866516514759284e-07,
    0.0,
    0.0,
    0.0,
    0.0,
    0.0,
    0.0,
    0.0,
    0.0,
    0.0,
    0.0,
    0.0,
    0.0,
    0.0,
    0.0,
    0.0,
    0.0,
    0.0,
    0.0,
    0.0,
    0.0,
    0.0,
    0.0,
    0.0,
    0.0,
    0.0,
    0.0,
    0.0,
    0.0,
    0.0,
    0.0,
    0.0,
    0.0,
    0.0,
    0.0,
    0.0,
    0.0,
    0.0,
    0.0,
    0.0,
    0.0,
    0.0,
    0.0,
    0.0,
    0.0,
    0.0,
    0.0,
    0.0,
    0.0,
    0.0,
    0.0,
    0.0,
    0.0,
    0.0,
    0.0,
    0.0,
    0.0,
    0.0,
    0.0,
    0.0,
    0.0,
    0.0,
    0.0,
    0.0,
    0.0,
    0.0,
    0.0,
    0.0,
    0.0,
    0.0,
    0.0,
    0.0,
    0.0,
    0.0,
    0.0,
    0.0,
    0.0,
    0.0,
    0.0,
    0.0,
    0.0,
    0.0,
    0.0,
    0.0,
    0.0,
    0.0,
    0.0,
    0.0,
    0.0,
    0.0,
    0.0,
    0.0,
    0.0,
    0.0,
    0.0,
    0.0,
    0.0,
    0.0,
    0.0,
    0.0,
    0.0,
    0.0,
    0.0,
    0.0,
    0.0,
    0.0,
    0.0,
    0.0,
    0.0,
    0.0,
    0.0,
    0.0,
    0.0,
    0.0,
    0.0,
    0.0,
    0.0,
    0.0,
    0.0,
    0.0,
    0.0,
    0.0,
    0.0,
    0.0,
    0.0,
    0.0,
    0.0,
    0.0,
    0.0,
    0.0,
    0.0,
    0.0,
    0.0,
    0.0,
    0.0,
    0.0,
    0.0,
    0.0,
    0.0,
    0.0,
    0.0,
    0.0,
    0.0,
    0.0,
    0.0,
    0.0,
    0.0,
    0.0,
    0.0,
    0.0,
    0.0,
    0.0,
    0.0,
    0.0,
    0.0,
    0.0,
    0.0,
    0.0,
    0.0,
    0.0,
    0.0
  ],