{
  "x0": [
    0.3781757476337351,
    0.2594720331085736,
    0.3623522192576913,
    0.3744163986190938,
    0.3744163986190938,
    0.572572641438148
  ],
  "x": [
    0.15283654923428594,
    0.8585152649290122,
    8.12570701517278e-18,
    30.78350991462127,
    5.084105347556567,
    0.572572641438148
  ],
  "SSE": 0.000723293487806817,
  "exp_data": [
    1.0,
    0.8642932118250993,
    0.7338887545081899,
    0.6178908691822822,
    0.521459243697893,
    0.4440976552827342,
    0.3825841800752354,
    0.33306149669274626,
    0.2924855524092817,
    0.25872943706177576,
    0.23049219897596557,
    0.20675454419478204,
    0.18664467271672755,
    0.16948435372965304,
    0.15476835728773894,
    0.1420996831490378,
    0.13107742897898358,
    0.12144662103482261,
    0.11296215600227255,
    0.10545771256078282,
    0.09879168875370768,
    0.0928369106632598,
    0.08746494475447594,
    0.08260364962440742,
    0.07820727287237164,
    0.07421286453790397,
    0.07058289282004035,
    0.06724504029249148,
    0.06416227787144817,
    0.06131690772037195,
    0.05867996700535477,
    0.056231475536749356,
    0.05395323353669165,
    0.05183086382043937,
    0.04984559823068592,
    0.04798905218903154,
    0.046243587180262946,
    0.04460090692926024,
    0.04305295044534655,
    0.041588069235266006,
    0.04019492689598022,
    0.03887007372766452,
    0.037606390609392075,
    0.0363973563297576,
    0.035239730884062445,
    0.03413437592703334,
    0.03306935525033136,
    0.03204155804307683,
    0.031053960491080227,
    0.030107305758772997,
    0.02919775701044219,
    0.028327848881911172,
    0.02748968209603132,
    0.026680373744068838,
    0.02590965832216356,
    0.025172500128435,
    0.024463753791261596,
    0.02378223455690587,
    0.023125123235592383,
    0.022490858713383657,
    0.021876513020039595,
    0.02128223447979987,
    0.020707172107474095,
    0.020148015015337195,
    0.01960362530233769,
    0.01907358996375662,
    0.018554391900188552,
    0.018045331878871824,
    0.017548816466395657,
    0.017064241557027647,
    0.016591367116088638,
    0.016129402016010146,
    0.015677919180902902,
    0.015237316718275886,
    0.014809833515972119,
    0.01439403515374282,
    0.013987652338934271,
    0.013589605910005301,
    0.013200197301782231,
    0.012818065718303856,
    0.012444620098023844,
    0.012078404522712482,
    0.011718976878548995,
    0.011367006615520044,
    0.011022980086155354,
    0.010689244720428799,
    0.010364342170158462,
    0.010048578018441558,
    0.00974048761772455,
    0.009440560367889908,
    0.009148913934140841,
    0.008866695067092718,
    0.008593744617794519,
    0.008330839770487965,
    0.008077822902889569,
    0.007831813158578067,
    0.007591609780641709,
    0.0073579826976584595,
    0.007130292450587681,
    0.006907708508784564,
    0.0066896800767176304,
    0.006477354196857264,
    0.0062683844738627165,
    0.00606448446022894,
    0.005864437918797744,
    0.00567043747853993,
    0.005482311543351406,
    0.005299032668151628,
    0.005122422664365189,
    0.004952501720301595,
    0.004786430941952908,
    0.004625271428386499,
    0.004468942593983476,
    0.00431812828766117,
    0.004173132364197125,
    0.004031960970379808,
    0.003894338106563853,
    0.003758930824510831,
    0.0036281479398654766,
    0.003502195954142437,
    0.0033793566524160114,
    0.0032596395730274757,
    0.0031418965951019165,
    0.0030261337803507327,
    0.002914097321229617,
    0.002804927738156002,
    0.002698052634993284,
    0.002593963939268332,
    0.00249344681403951,
    0.002397872678898068,
    0.0023075486330026893,
    0.0022215172214493746,
    0.0021398892193612703,
    0.0020618977094023225,
    0.001986479578746625,
    0.0019133495039947291,
    0.001842612481576923,
    0.0017739820337571502,
    0.001707268571051029,
    0.0016441471630470545,
    0.0015840393323747679,
    0.001525675485117987,
    0.0014692580604763637,
    0.0014153847112454388,
    0.0013632738610303155,
    0.0013133262397881575,
    0.00126436182740642,
    0.0012165817303288744,
    0.0011704852289930931,
    0.0011261768483106596,
    0.0010835629166686019,
    0.001042648790583798,
    0.0010041365442030191,
    0.0009668381909612937,
    0.0009303586273191536,
    0.0008947004526175045,
    0.00085966637802328,
    0.0008250582778750182,
    0.0007914784795006502,
    0.0007591307977251954,
    0.0007275172903012822,
    0.0006965398210584175,
    0.0006663010131354828,
    0.0006370046240687912,
    0.0006085528705648173,
    0.0005810493743646462,
    0.000554699220668648,
    0.0005295061179786867,
    0.0005050688447484378,
    0.0004819979078955367,
    0.0004607035317643543,
    0.00044037894608116567,
    0.00042082394024321344,
    0.0004018374397276548,
    0.00038352317878657537,
    0.00036547532726094846,
    0.00034820531508675164,
    0.00033171567045638155,
    0.00031682760850338114,
    0.000302931672458454,
    0.00028962086965165,
    0.0002766917730698405,
    0.00026383728892016156,
    0.00025105766131323893,
    0.00023855914501585046,
    0.00022654889649252572,
    0.00021575112979446546,
    0.00020565311264374525,
    0.00019615369022997907,
    0.00018715126364684864,
    0.00017854378736902542,
    0.00017043636289414805,
    0.00016272673002978055,
    0.00015562425833354728,
    0.00014861024962457988,
    0.00014189351075708328,
    0.00013526628397486065,
    0.0001287288666700029,
    0.00012217695398668906,
    0.00011581993695724598,
    0.00010965846524565044,
    0.00010369319139287281,
    9.802984033650327e-05,
    9.235386197245395e-05,
    8.677051803092503e-05,
    8.12801190331449e-05,
    7.598851648158988e-05,
    7.142466716289149e-05,
    6.695636124976606e-05,
    6.247802547470392e-05,
    5.7989626010196734e-05,
    5.3491128925986376e-05,
    4.908875279240224e-05,
    4.4676450220235534e-05,
    4.0254187598894065e-05,
    3.582193115795268e-05,
    3.1806580958989195e-05,
    2.7888990352603437e-05,
    2.396251630915674e-05,
    2.0134225529848747e-05,
    1.6404452750604234e-05,
    1.3202896674214818e-05,
    1.0853750801978278e-05,
    8.71441852621536e-06,
    7.1087430628335346e-06,
    5.9307227805225565e-06,
    4.857961511251081e-06,
    3.9988993096748835e-06,
    3.1378667784656827e-06,
    2.274857136138509e-06,
    1.5183146158398775e-06,
    8.686067420885479e-07,
    2.1740186123848618e-07,
    0.0,
    0.0,
    0.0,
    0.0,
    0.0,
    0.0,
    0.0,
    0.0,
    0.0,
    0.0,
    0.0,
    0.0,
    0.0,
    0.0,
    0.0,
    0.0,
    0.0
  ],