{
  "x0": [
    0.32986963379487194,
    0.16861939411187873,
    0.5015109720932494,
    0.6076565338579321,
    0.5681271337755506,
    0.9771721003603594
  ],
  "x": [
    0.27055820517912593,
    0.7379662186664312,
    2.6540433465060304e-19,
    17.29347106486765,
    4.559799731027352,
    0.9771721003603594
  ],
  "SSE": 0.0037543955666142974,
  "exp_data": [
    1.0,
    0.8600731931492467,
    0.7266640316016069,
    0.609687096624478,
    0.5141521587839321,
    0.43916114681009055,
    0.3808145158727192,
    0.33458091581698235,
    0.29682547047682495,
    0.26507519005867053,
    0.23791418186410765,
    0.21442000907703682,
    0.19399474588301596,
    0.17606891490529894,
    0.16022169648427112,
    0.14612976579240913,
    0.13348370826021605,
    0.12220262618838838,
    0.11213063422676703,
    0.10307305485717473,
    0.09493452313395404,
    0.08759373764679881,
    0.08098413366683445,
    0.0749984208208853,
    0.06954368320304097,
    0.0645446338620746,
    0.05994768511969651,
    0.055709960897492694,
    0.05176604928127098,
    0.048093132269181556,
    0.04471670026823065,
    0.04165592802436731,
    0.0389227537985926,
    0.03647376172768473,
    0.03427323080620653,
    0.032248035792470764,
    0.03034365274011372,
    0.02860080732436097,
    0.02702255511157892,
    0.025566926947445924,
    0.02424351910206908,
    0.02301711244678582,
    0.02188105449525349,
    0.02082605604544298,
    0.019848561566963244,
    0.018915679298889133,
    0.01802193703524112,
    0.017192666549872917,
    0.016421356093445204,
    0.015720941087692623,
    0.015057991648849575,
    0.014431889004230659,
    0.013826117384380748,
    0.01323846221350266,
    0.012664971444215767,
    0.012106778786657639,
    0.01155955182587095,
    0.011033178387420363,
    0.010531098440966702,
    0.01005045600519234,
    0.009646594110340594,
    0.009306725371729389,
    0.008978948288571603,
    0.008667153018619863,
    0.008388934640476029,
    0.008159013279446166,
    0.007966206144135062,
    0.007792376238974288,
    0.007648370184176894,
    0.007478787971116997,
    0.007303886129983471,
    0.007169530914485937,
    0.007062784962497771,
    0.0069554603965545515,
    0.006902292203871392,
    0.006891923687501129,
    0.006908120116367956,
    0.006948726287205179,
    0.006995838384846676,
    0.007065417575446025,
    0.007133173480826779,
    0.007188638662865253,
    0.0072335534602714835,
    0.007259182412104457,
    0.007270621365925328,
    0.007266140350478131,
    0.0072501042469070975,
    0.0072281167118219795,
    0.007178432827654454,
    0.007086847834138735,
    0.006978494589489836,
    0.006885492196618238,
    0.006793816166569213,
    0.006699783995828449,
    0.006638302864890014,
    0.006611458905513185,
    0.006603143630282977,
    0.006582569486835115,
    0.0065308905313289575,
    0.006442878624989611,
    0.0063316556447947136,
    0.00620324989989504,
    0.006059231146185537,
    0.0059305809905480155,
    0.005831680988558762,
    0.00575343704913967,
    0.005705583347403008,
    0.005679009409662462,
    0.005664472072649801,
    0.005664697191279856,
    0.005656557920566883,
    0.005646766027808173,
    0.005653621525133481,
    0.005681611246781846,
    0.005737267520569718,
    0.0058021205571109945,
    0.005830443260830975,
    0.0058268689284834575,
    0.005828909309419979,
    0.005810480578835777,
    0.005772879878440699,
    0.005739188709242798,
    0.005706791224965413,
    0.005676178532932876,
    0.005641114403966181,
    0.00557014930274007,
    0.005485845329423964,
    0.005425433634349126,
    0.005390848593846919,
    0.005399619163590336,
    0.00541645448181301,
    0.005453658432829409,
    0.00551001581607347,
    0.005548082509933237,
    0.005566126592337393,
    0.005563691262787225,
    0.005541897678607989,
    0.005481608764933812,
    0.005371325671388977,
    0.005249224319168603,
    0.005091966998181485,
    0.004898550430701967,
    0.004687640280586918,
    0.004452119831097176,
    0.004231141294624925,
    0.004022657253809049,
    0.003835587049825951,
    0.003672994508731428,
    0.0035036613172777574,
    0.003331069382449917,
    0.0031701376107716303,
    0.0030492881971542546,
    0.0029594105093381827,
    0.0029316612925469926,
    0.002942290102828873,
    0.002979734548474884,
    0.003001225911392523,
    0.0030279107809239136,
    0.0030768826189505345,
    0.0031463917018568132,
    0.00323336445607518,
    0.003347892277317269,
    0.0034273500270910785,
    0.0034711174908552806,
    0.003518741175500905,
    0.0035573044250962844,
    0.0035977846739686753,
    0.003650900354604227,
    0.0037053555902239895,
    0.0037687205143321642,
    0.0038236242477432754,
    0.003859383535418026,
    0.003906400161150368,
    0.003965737375823863,
    0.004054293118467738,
    0.004128839587394832,
    0.004240941974045881,
    0.004356587331238458,
    0.004492511869779313,
    0.004622737224782042,
    0.004695927057659448,
    0.004706612814984709,
    0.004679682882190091,
    0.004610343121701587,
    0.004507287413303999,
    0.004386633672485529,
    0.004232806919472666,
    0.004047679024965471,
    0.0038203968336841592,
    0.0035874958870894696,
    0.003381488315547793,
    0.003208850505957109,
    0.003058999992747955,
    0.002942086977661475,
    0.002848449760786349,
    0.0027360942697737724,
    0.0026039054422345143,
    0.0024524498528547324,
    0.00228577900921276,
    0.0020939116188285712,
    0.0018894551808181315,
    0.0016779793272255579,
    0.0014921079757989515,
    0.0013682184724433557,
    0.0013012066181250605,
    0.0012897741187367262,
    0.0013239926220560035,
    0.0013627646031007746,
    0.0013638478445954635,
    0.0013296793853370178,
    0.0012513704387953593,
    0.0011224548579239217,
    0.0009312921711893345,
    0.0007075047127282379,
    0.0004687085565885772,
    0.0002321691776095228,
    -7.704951206312202e-06,
    -0.00022505349747878995,
    -0.000434153311735936,
    -0.000649778238863295,
    -0.0008230594519079597,
    -0.000980166694971643,
    -0.001105541719305691,
    -0.0011995101212421088,
    -0.001287390783103414,
    -0.0013360924420146325,
    -0.0013707474223189481,
    -0.0013774602119693575,
    -0.0013788396345093736,
    -0.0014089638540472245,
    -0.001436859727757464,
    -0.0014918750175432834,
    -0.001571471578797556,
    -0.0016705744339217813,
    -0.0017570461404430849,
    -0.0017954094312690445,
    -0.0018066497426584304,
    -0.0017873638838054701,
    -0.0017067475273355997,
    -0.0015981950986666384,
    -0.0014396941939237228,
    -0.001260878376369688,
    -0.0010988413731777926,
    -0.0009737454141097759,
    -0.0008860535617657364,
    -0.0008373443335370766,
    -0.0008422443667834906,
    -0.00088677029201496,
    -0.0009316241798769849,
    -0.0009697605027499648
  ],