{
  "success": true,
  "x0": [
    0.5450292517118932,
    0.14052189613216542,
    0.31444885215594137,
    0.8421085992121579,
    0.5270854263339938,
    0.6520073008708106
  ],
  "x": [
    0.12287309653642663,
    0.8771269034635735,
    1.6322324893590368e-18,
    25.37460509030547,
    6.589389084546966,
    0.6520073008708106
  ],
  "SSE": 0.0023481680949382516,
  "exp_data": [
    1.0,
    0.8904844341661292,
    0.7840278218457848,
    0.6845383842737102,
    0.5945217568423832,
    0.5149294148447663,
    0.44613292746537997,
    0.3878434491297378,
    0.339074613404299,
    0.29849626257000156,
    0.264661317375153,
    0.23616021270948725,
    0.21191677699936298,
    0.19101865834986165,
    0.17291204467769247,
    0.157058803489793,
    0.1431068180057618,
    0.13080233952930925,
    0.11989578369165181,
    0.11018718547343068,
    0.10149117479162671,
    0.09363642661230509,
    0.08653248002294148,
    0.0801094843947829,
    0.07431581819234523,
    0.06903830593308627,
    0.06421280488469515,
    0.05981511896753369,
    0.05581305923599356,
    0.05214987563424123,
    0.04879983057468303,
    0.045750357458512206,
    0.042999626820494206,
    0.04048219621699088,
    0.038193989694707414,
    0.03608363573135572,
    0.034129091701063784,
    0.032323723289056736,
    0.03067171631966771,
    0.029161841654255245,
    0.02778103181482844,
    0.02650978826857856,
    0.025326379531920868,
    0.024202598110776886,
    0.02312572360882022,
    0.02207369434461801,
    0.021035924520408016,
    0.020015166617722544,
    0.019029655858386174,
    0.018086738230953105,
    0.017191793332139993,
    0.016329804793884566,
    0.015494327449959067,
    0.014682528040128193,
    0.013913220505292026,
    0.013191809891152304,
    0.012522445509645066,
    0.011905368324209261,
    0.011336252749307689,
    0.010819625989924347,
    0.010347402192498576,
    0.009902394663271669,
    0.00948348994247193,
    0.009077821164393792,
    0.008657954976568887,
    0.008242059752807144,
    0.007810631090347116,
    0.007385646618695632,
    0.00697690194367719,
    0.006592753489690391,
    0.0062407584095165265,
    0.005925543118948345,
    0.00562693696715114,
    0.0053432274813065,
    0.005096631212660057,
    0.004864597836617561,
    0.004672732706605245,
    0.004522921493898068,
    0.004416777838683633,
    0.004344734299565475,
    0.004275535730987988,
    0.004201717601387939,
    0.004115318533512794,
    0.0040131191840478446,
    0.0038906696019578722,
    0.0037740744051538494,
    0.0036648528654774034,
    0.0035710138124877963,
    0.003484984191571584,
    0.0034001024904933537,
    0.0033242885913968615,
    0.0032257778445631126,
    0.0031065801755057903,
    0.002951226463693861,
    0.0027758832607165137,
    0.0026139244421930804,
    0.0024394129026397903,
    0.002283343871602145,
    0.0021647717991449696,
    0.0020800054211097953,
    0.002037046605633418,
    0.002028303104423367,
    0.0020539731460288667,
    0.002100316758374381,
    0.0021769530543550037,
    0.002281294763249522,
    0.002369471331843262,
    0.002448814923974785,
    0.002529949697410222,
    0.0026049088736385066,
    0.0026607899558434168,
    0.0026774198994108846,
    0.0026613271369534276,
    0.0026042148179407846,
    0.0025311544721398683,
    0.0024280853514577036,
    0.0023165843592283697,
    0.00219769091775095,
    0.0020845650474084335,
    0.0019795530993763724,
    0.001898997539118261,
    0.001832569919595164,
    0.0017735006629284438,
    0.0017093417107289744,
    0.0016382244092335745,
    0.0015625680188451664,
    0.0014877335471447672,
    0.0014025711933285145,
    0.0013147854046954139,
    0.001233680830717343,
    0.0011631052072344228,
    0.0011009300424009397,
    0.0010395114117496766,
    0.0009691066472720967,
    0.0009047639100871685,
    0.0008355531718623984,
    0.0007639278038556382,
    0.0006935374882629217,
    0.000629531274281782,
    0.0005525154735483288,
    0.0004660189120007204,
    0.000383609953839681,
    0.00032785594819693026,
    0.00031007977973349706,
    0.00031924910945841983,
    0.000337707079249377,
    0.000365083795302015,
    0.00037693660045983384,
    0.00037681605135131977,
    0.0003594796661512439,
    0.00031725818647891413,
    0.000254285609509489,
    0.00017210278463790805,
    7.868992496926105e-05,
    -1.1298118680781842e-05,
    -0.00010540493082709022,
    -0.00020243360722922355,
    -0.00030935828410492473,
    -0.0004078199459421494,
    -0.000508311654708717,
    -0.000606991938232277,
    -0.0006912851652368392,
    -0.0007587098549887903,
    -0.0008021009737294917,
    -0.0008351102634764982,
    -0.0008493565366456452,
    -0.0008326519540913094,
    -0.0007932627669864002,
    -0.0007339756261695761,
    -0.0006447068181299029,
    -0.0005342641393017756,
    -0.0004187680323372162,
    -0.00029594559232720545,
    -0.00016104974028939323,
    -7.668206258855061e-06,
    0.00016250959611372568,
    0.00033398288660205645,
    0.0004987119752908862,
    0.0006463510396993751,
    0.00079214034170019,
    0.0009321422473235946,
    0.0010657164093139059,
    0.00119398239683334,
    0.0013220091271890823,
    0.001440235635081673,
    0.0015508143889530136,
    0.0016654883784025314,
    0.0017815603916326345,
    0.001895799533020676,
    0.0020077818253557197,
    0.002108818014141287,
    0.002167876261274949,
    0.0021890110958886263,
    0.002186159866206571,
    0.0021351839539260216,
    0.0020534885680816065,
    0.0019517117945479121,
    0.0018454931607408652,
    0.0017398832320123985,
    0.0016470332117007424,
    0.0015630724241311224,
    0.001482101250734813,
    0.0014136694943830744,
    0.0013693857497280473,
    0.0013438066728440829,
    0.0013358250752173108,
    0.0013462453142816051,
    0.0013942090783165934,
    0.0014682111424801976,
    0.0015524214029472277,
    0.001644093550173666,
    0.0017431456938195205,
    0.0018514250238186973,
    0.001959841188672212,
    0.002041858555946712,
    0.0020787806266872695,
    0.002073900015305083,
    0.002065450995764098,
    0.0020275204354565685,
    0.001955686210781885,
    0.0018624881733177976,
    0.0017417892169880969,
    0.0015978318742843184,
    0.0014374828942438286,
    0.0012820921604879672,
    0.001142119953954572,
    0.001026114073086192,
    0.0009385182123565874,
    0.0008749546167236578,
    0.0008288397514201785,
    0.0007927939468940954,
    0.0007529409836323428,
    0.0007224270797960083,
    0.0007052369168781408,
    0.0006875673948915362,
    0.000675028983119586,
    0.0006616903631021462,
    0.0006449016293982764,
    0.0006323805089902921,
    0.0005927448116524523,
    0.0005280029016057828,
    0.00044815084601140077,
    0.0003547999058241742,
    0.00025190131209710626,
    0.00013964400100568246,
    3.803432590175317e-05,
    -6.124974935876671e-05,
    -0.00013934135799198102,
    -0.0001861110028968389,
    -0.00020200752646903705
  ],