{
  "x0": [
    0.424880454819831,
    0.33922960180635664,
    0.23588994337381236,
    0.303975847324739,
    0.303975847324739,
    0.43563431046942397
  ],
  "x": [
    0.03817393551880152,
    0.8196546759871285,
    0.14216983566999453,
    98.69416319130794,
    3.0065844884009536,
    0.43563431046942397
  ],
  "SSE": 0.013949518759490166,
  "exp_data": [
    1.0,
    0.6676125137718869,
    0.42422018361581115,
    0.2998684678503136,
    0.2315952578668367,
    0.18793039841317727,
    0.1569285844695821,
    0.13359876412569519,
    0.11551807950426289,
    0.10109264091214182,
    0.08938876685762083,
    0.07961540308788892,
    0.0714236866671221,
    0.06455768842886521,
    0.058870742417678486,
    0.054020468489832364,
    0.049790670373782396,
    0.04615622402196767,
    0.0429759996540453,
    0.040167218830418364,
    0.03770229818764819,
    0.035542861688254344,
    0.03362094951155412,
    0.03195229814637511,
    0.030480015739530148,
    0.029142905146010357,
    0.02793162810594562,
    0.026894104507497928,
    0.025943525938241035,
    0.025080883012591853,
    0.024311282778392784,
    0.02361271940540331,
    0.022975434724882515,
    0.022346766328547193,
    0.02176020160073681,
    0.021171752759815546,
    0.02056449481146376,
    0.020027976535653996,
    0.019571658328665097,
    0.01914913769166812,
    0.01879293623977647,
    0.018506358433350013,
    0.018234237858925483,
    0.017923312533523424,
    0.01760583158290655,
    0.017313186803241978,
    0.017038458651503708,
    0.016760865854683338,
    0.01649770306671656,
    0.016297353221075384,
    0.016076587182126043,
    0.015842020526455346,
    0.01565380036278949,
    0.015468022708378529,
    0.015330367045958694,
    0.015169861006802024,
    0.014983054032127723,
    0.014829674377100522,
    0.014677887989877268,
    0.014502143500463149,
    0.014299903501760457,
    0.014116558288499231,
    0.013963082444473723,
    0.013825224130001203,
    0.013668532064812212,
    0.013523712845041391,
    0.013402021070765643,
    0.013276414562599677,
    0.013198859563020625,
    0.013122932577223325,
    0.013007499852898162,
    0.012905190944956924,
    0.012837610102500344,
    0.012749154703794428,
    0.01269435231570637,
    0.012595696982589766,
    0.012507722894306631,
    0.012433101043027459,
    0.012373762605875579,
    0.012306340761631956,
    0.012246402171935317,
    0.012203947378492794,
    0.012179420888027273,
    0.012131997969939275,
    0.012066007962883563,
    0.012019627987411666,
    0.011986044611307534,
    0.01195404044077765,
    0.011871208278086184,
    0.011743135002544484,
    0.01164207269189455,
    0.011579434607413829,
    0.011543990912739504,
    0.01148669288067496,
    0.011441376745783645,
    0.0114028370706179,
    0.011345625700445302,
    0.011298338223953194,
    0.011283595699900544,
    0.011244344739796302,
    0.011192746879023035,
    0.011129632696506927,
    0.011082793813900189,
    0.011030644588244992,
    0.010983244074796287,
    0.010974413709289097,
    0.010951747394851781,
    0.010929136147375517,
    0.010914881036516246,
    0.010937534762945936,
    0.01093632515505119,
    0.010943304348487743,
    0.010940410983877,
    0.010865465110477096,
    0.010822758537918567,
    0.010796245045688761,
    0.01077645368865119,
    0.0107565542351755,
    0.010757153473480555,
    0.010708307604949091,
    0.010655994228556665,
    0.010633949396578904,
    0.010621301852361851,
    0.01060166735291442,
    0.010577449627719776,
    0.010553934468101954,
    0.010532903892305791,
    0.010523479557484668,
    0.010527137817961765,
    0.010561841294436637,
    0.010578675647249743,
    0.01059922603616188,
    0.010598844849035121,
    0.01053957831051369,
    0.010495236049830573,
    0.010470044673897881,
    0.010448674332961127,
    0.010431933166200131,
    0.010415711673351011,
    0.010398970747050965,
    0.010394175801973335,
    0.01034143221545746,
    0.010304795141989514,
    0.010271251576880004,
    0.010242345614564387,
    0.010177806903832463,
    0.010149371411253319,
    0.010129621793835461,
    0.01009610325736257,
    0.010038430913752942,
    0.010001166368814932,
    0.009974994518987123,
    0.009921759421820883,
    0.009864926715201729,
    0.00982245792935636,
    0.009778382293459347,
    0.009734778328502294,
    0.009668844739878042,
    0.009616255021826264,
    0.009570107767082569,
    0.00952223089069611,
    0.00951749563201548,
    0.00950020408480217,
    0.009471561331779222,
    0.009449945271568273,
    0.009455951764254933,
    0.009448478849924067,
    0.009426196831187448,
    0.009419677526685252,
    0.009405445314319869,
    0.009411221166432938,
    0.009419844442521698,
    0.009419109979487406,
    0.00946152997075987,
    0.00948762457728203,
    0.009477734480184172,
    0.009482579749095346,
    0.009487796709160586,
    0.009499641972098414,
    0.009528670646021009,
    0.009523119853693921,
    0.009512804768843922,
    0.009521024660347882,
    0.009525772346777253,
    0.009520485313019213,
    0.00952283807636662,
    0.009513305177202882,
    0.009525842867785505,
    0.009554857744118564,
    0.009544120965319113,
    0.009541310429517258,
    0.009540950969200997,
    0.009523591253963034,
    0.009522219042623245,
    0.009528865538030585,
    0.009491468936284057,
    0.00944480688633547,
    0.00941723947285588,
    0.009421100967687607,
    0.009440807528158311,
    0.009425552938925202,
    0.009389571836305713,
    0.009352508228914867,
    0.009372337696431112,
    0.009358426894488502,
    0.009312860430403021,
    0.009267378482286126,
    0.00923385311092154,
    0.00921053055376685,
    0.009198081243062962,
    0.0092043331923643,
    0.00922784948623089,
    0.009211811050743307,
    0.009182769570502292,
    0.009168412547089224,
    0.00915703668656155,
    0.009152536515634737,
    0.009165091603790875,
    0.009187956280459165,
    0.009170231484177668,
    0.00918493310919125,
    0.009184345581834605,
    0.009177909269486124,
    0.009185333290078647,
    0.00916986387223928,
    0.009149329814260105,
    0.009132029169696318,
    0.00916761732493828,
    0.00919414972872989,
    0.009182429189598532,
    0.009181717747539512,
    0.009171145201716472,
    0.00913450775236946,
    0.009136391776294783,
    0.009132505663998116,
    0.009159905928933471,
    0.009137285388938439,
    0.0091053024981416,
    0.009115324040992374,
    0.00909973613037508,
    0.00908868625802381,
    0.009118788377245632,
    0.009131747667198816,
    0.009142675454767234,
    0.009134584029704632,
    0.009159577766233332,
    0.009172294180527422,
    0.009178904335197843,
    0.009197307882321756,
    0.009210896964259717
  ],