{
  "success": true,
  "x0": [
    0.6964571119042622,
    0.1170523581398086,
    0.18649052995592927,
    0.6757520742613538,
    0.5345409627752572,
    0.10531045356325613
  ],
  "x": [
    0.03648328666797217,
    0.7974120362236881,
    0.16610467710833984,
    106.96455490983004,
    2.861345074386503,
    0.10531045356325613
  ],
  "SSE": 0.01467498196038708,
  "exp_data": [
    1.0,
    0.6421124016391021,
    0.39057827552011315,
    0.27474444069724935,
    0.21401780666394093,
    0.17484797302597066,
    0.14597664215451167,
    0.123823794568724,
    0.1068363287683837,
    0.09369205437902531,
    0.08314880331941321,
    0.07442455698105285,
    0.06719524042269118,
    0.06109832238438505,
    0.05591995749637598,
    0.0514743640184903,
    0.04756787808114039,
    0.044240872045533196,
    0.04132052871661922,
    0.03861858822770539,
    0.03629151259061831,
    0.034305028603117384,
    0.03255487444950338,
    0.03092665040329464,
    0.02947107527813228,
    0.028231334588358428,
    0.027086971301449027,
    0.026130343369828224,
    0.025188164319784392,
    0.024330792675256563,
    0.02358931169032877,
    0.02295169686370235,
    0.02237544365000781,
    0.021837759758167957,
    0.021328151860204366,
    0.020840313165317544,
    0.02029393656343278,
    0.019771276763423728,
    0.01933775838848194,
    0.01890926719420866,
    0.01861338258817921,
    0.018365199064495095,
    0.01808761980562614,
    0.0177624888189911,
    0.017485802010650836,
    0.017163181422996387,
    0.01683197788727313,
    0.016559317931598844,
    0.016340234700700472,
    0.01618620527401376,
    0.015947299087730207,
    0.01570850946230783,
    0.015539407622285298,
    0.015376860522427201,
    0.015212281540779637,
    0.015026331971183313,
    0.014805059553880324,
    0.014642335687947672,
    0.01448227496020491,
    0.014283284551606226,
    0.014126321302804574,
    0.013999955364948611,
    0.013815245259130136,
    0.01359950920304429,
    0.013370227401355754,
    0.013178768815103043,
    0.013059580719257165,
    0.01294945649499916,
    0.012961326027602853,
    0.012893187887970512,
    0.012796855226976284,
    0.012744073283917697,
    0.012726310342304604,
    0.0126266122488559,
    0.01254719053849143,
    0.012445269240856418,
    0.012345981309332522,
    0.012244837252787022,
    0.012120497886684446,
    0.012024714321376744,
    0.011965708948383202,
    0.011940743715811377,
    0.01201417162463565,
    0.012071222427883081,
    0.01209649126919584,
    0.012080621820308392,
    0.012074880295958245,
    0.012096772010112652,
    0.012032429985642053,
    0.011871112186982634,
    0.011740370398131972,
    0.011719890512559592,
    0.01171474914768445,
    0.011673743453000318,
    0.011671329688098702,
    0.011586013843953505,
    0.011528719279016357,
    0.01147779194107739,
    0.011508511020055814,
    0.011492231884804402,
    0.011458217692006918,
    0.011397705244841906,
    0.011330858228204156,
    0.011249130800622436,
    0.011195958175771382,
    0.01115775617682191,
    0.011102171046421439,
    0.011076085393429021,
    0.01106244891342708,
    0.011111861426498016,
    0.011170162882496778,
    0.011275504939770354,
    0.011308377913872606,
    0.011225698339679796,
    0.011180280277857849,
    0.011186553957317822,
    0.011178000894720794,
    0.011187133845124037,
    0.011244662898368972,
    0.011198624875046335,
    0.011102996112603881,
    0.011069693585125804,
    0.011037038801803121,
    0.010985378980810567,
    0.010965482552987913,
    0.01096524040026875,
    0.0109500059006786,
    0.010956325867927266,
    0.010987353683709313,
    0.011068091964528995,
    0.011083317340217518,
    0.011091039537336048,
    0.011120991569413792,
    0.011088432082725565,
    0.011091731582300614,
    0.011175567424232005,
    0.011250343530673269,
    0.011249978738973513,
    0.011200125952688105,
    0.011151106071200609,
    0.011180328459104065,
    0.011176238987054866,
    0.011131216619347335,
    0.011043878944123653,
    0.01100856257707554,
    0.010987205643932288,
    0.011042020148412292,
    0.011104191004736325,
    0.011101252168919842,
    0.011064443275926504,
    0.011057876960647275,
    0.011066999761577496,
    0.01102107074273661,
    0.01098043091301646,
    0.010962647092204602,
    0.010911487593600474,
    0.01080216066189808,
    0.01070808654852931,
    0.010634091573925262,
    0.010587041987954769,
    0.010557979956511629,
    0.010564111268737337,
    0.010528458708396147,
    0.010475865341094326,
    0.010462481385653463,
    0.010462011805211042,
    0.010444729423872121,
    0.01041861990148188,
    0.010417994436547704,
    0.010454537215063814,
    0.010460724175882893,
    0.0104374262120583,
    0.01039370878201444,
    0.010358851909808547,
    0.010347249180390311,
    0.010262313716978558,
    0.010264003203191995,
    0.010218018979866237,
    0.01016944007842981,
    0.010147578147560359,
    0.010091098592685211,
    0.009998147138746742,
    0.009946720200177351,
    0.009907832829847304,
    0.009887203753661722,
    0.009929270684949367,
    0.009934444138376027,
    0.009956060598310444,
    0.009959520138249182,
    0.009939054146781496,
    0.009981299287865423,
    0.010022647138753789,
    0.00999898876792048,
    0.009971418808390666,
    0.009960125835478117,
    0.00991322277123423,
    0.009877611353289397,
    0.009850338639990948,
    0.009857156618032282,
    0.009805379901856754,
    0.009749598688295703,
    0.009666325777304923,
    0.00955279634262742,
    0.009578386853718705,
    0.009629372885234536,
    0.009629515937147165,
    0.009599118084480157,
    0.009587803791539907,
    0.00953766941546334,
    0.009533781462371754,
    0.009555281616306976,
    0.009583692750700288,
    0.009547519107271838,
    0.009465259659659562,
    0.009396699103561397,
    0.00930775476371248,
    0.009234674808899989,
    0.00918566831028051,
    0.009148570523388806,
    0.0090754015995138,
    0.009106626599191528,
    0.009085924405547889,
    0.00902462263199474,
    0.008937749875139178,
    0.008816541539020705,
    0.008744777460727254,
    0.008687839837341461,
    0.00868977208409447,
    0.00871957966996124,
    0.008678377927223587,
    0.008682835053837427,
    0.008704451004580354,
    0.00869638906234149,
    0.008722454058612954,
    0.008747770822957775,
    0.008818932934252934,
    0.008788509296245604,
    0.008714324162763477,
    0.008741141282798442,
    0.008720743405531042,
    0.008750654037893803,
    0.008847814924753963,
    0.008838427312422188,
    0.008850957879035564,
    0.008874734259534493,
    0.008921493470793155,
    0.0089503268552659,
    0.008910284933885135,
    0.008872731541616136,
    0.008843199145237322
  ],