{
  "x0": [
    0.308096757936579,
    0.223000331863738,
    0.46890291019968305,
    0.7690632497096141,
    0.3253505631499744,
    0.19743153151337356
  ],
  "x": [
    0.04172257480751805,
    0.7977152848279059,
    0.16056191672670084,
    97.0363785364802,
    2.8854282491235925,
    0.19743153151337356
  ],
  "SSE": 0.014620951930463876,
  "exp_data": [
    1.0,
    0.648513760353624,
    0.3997467830614353,
    0.28252056133351655,
    0.22062850274775525,
    0.18088334565880052,
    0.15186513346586258,
    0.1295516846699278,
    0.11236824530555613,
    0.09883017667206086,
    0.08821107765354323,
    0.07938503692494626,
    0.07178807634761554,
    0.06534344793787528,
    0.059965924661807876,
    0.055371135369914115,
    0.051229649669253946,
    0.047635718833871105,
    0.044428546070379445,
    0.04165962811303265,
    0.03926693266583387,
    0.03715733120371022,
    0.03529515000932702,
    0.03377570630578524,
    0.0324250239204822,
    0.031106438175130258,
    0.029913347988080596,
    0.028856170891176723,
    0.027919240196559753,
    0.027115779702319643,
    0.026399054169266453,
    0.025690530684106996,
    0.025014954877780046,
    0.024350298175513155,
    0.023781030995161004,
    0.023150122836525067,
    0.022493871214355567,
    0.02197027019404132,
    0.021511982486867774,
    0.02105396206906583,
    0.0206436692277345,
    0.020357453894610883,
    0.020101798310895848,
    0.019758513289288245,
    0.019350269785057158,
    0.019056055297448964,
    0.01883064715980806,
    0.018564634284170618,
    0.018300492442048892,
    0.018120065359835374,
    0.01795624938165353,
    0.017733485533246888,
    0.017562116856170578,
    0.017338933137909046,
    0.017220021976193937,
    0.017052551050829503,
    0.01682047819396762,
    0.01664472768939524,
    0.01648860428268382,
    0.016279243578162902,
    0.01594686679226455,
    0.015635123660821745,
    0.015441390062786936,
    0.015384621402015691,
    0.015295306137272726,
    0.015154120162565513,
    0.01503500468090394,
    0.014922145457796722,
    0.014817692764002799,
    0.014760958857765266,
    0.014613810777187408,
    0.01446530754454002,
    0.014413708105264265,
    0.014375252503842436,
    0.014357875024119254,
    0.014289236892644558,
    0.014203177105369818,
    0.014148331798060113,
    0.014137025245130613,
    0.014041061676601829,
    0.013948341801272648,
    0.013884590281146726,
    0.013791239803151414,
    0.013657975455450808,
    0.013545416303513086,
    0.013480523894523998,
    0.013438287774440873,
    0.013383232015914582,
    0.013288832663295745,
    0.013137364153591048,
    0.01303401838423503,
    0.012949697439229604,
    0.012870170208634695,
    0.012789889115890055,
    0.012721179697086582,
    0.012684278351674945,
    0.012601281063800538,
    0.012525297756070803,
    0.01243658615917286,
    0.012346898002669355,
    0.012273332771437957,
    0.012178095702067245,
    0.012094593308216859,
    0.012029180748952309,
    0.011961829355067165,
    0.011921783641603928,
    0.011892222225110197,
    0.011827047407564658,
    0.011773234747334447,
    0.011787133351928714,
    0.011774995748642913,
    0.01175261982246327,
    0.011781825322843916,
    0.011757283014900758,
    0.011714737072176108,
    0.01168479688899011,
    0.011671464871807183,
    0.011612626266868058,
    0.011609378340672334,
    0.011592564284175166,
    0.011583676220799519,
    0.011557096411844265,
    0.011557050868359052,
    0.011571541572545216,
    0.011522630884338225,
    0.011454950564078656,
    0.011417423020841271,
    0.011388761020619666,
    0.011351088163974971,
    0.011341045021647875,
    0.011326547556188744,
    0.01131718085550041,
    0.011243426210335807,
    0.011134250340473299,
    0.011032924107917556,
    0.010937813650469948,
    0.010846967079179037,
    0.010841821426111882,
    0.010846957588619843,
    0.010863968758435528,
    0.010859137279409134,
    0.010776286796368701,
    0.010755902671507092,
    0.010757109094849332,
    0.010773278313198577,
    0.010717429336532008,
    0.010642802360546353,
    0.010618078303105571,
    0.010633959304901179,
    0.010597290045838113,
    0.010539698540116726,
    0.010505276620863278,
    0.010437866041962986,
    0.010340530644653621,
    0.01023960632277526,
    0.01019868854664063,
    0.010225702157796867,
    0.010212682566199853,
    0.01017415402764753,
    0.010136075025247836,
    0.010088764775687984,
    0.010085023395948892,
    0.010079141541638706,
    0.010076342553674395,
    0.010042764009532383,
    0.010066875805281345,
    0.010058914782554282,
    0.010017491458077819,
    0.009974691506880589,
    0.009866054561654241,
    0.009844077976874546,
    0.009860487923547653,
    0.009817873174150851,
    0.00985964442970636,
    0.009820716960244042,
    0.00977846162206687,
    0.009716090350025382,
    0.00971502272217074,
    0.009742915652703188,
    0.009833201515737987,
    0.009824865353224906,
    0.009832073637784726,
    0.009866534587492762,
    0.009886237632687405,
    0.009889715025236008,
    0.009871885534028322,
    0.009863208698302778,
    0.009905779676993652,
    0.009987923271065416,
    0.00995958393873495,
    0.009913157799399887,
    0.00990128787082829,
    0.009895560068762781,
    0.0099069113549197,
    0.009949528312805699,
    0.009931015338471223,
    0.009899295830670939,
    0.009865733947531957,
    0.009885209359056466,
    0.00992925976657009,
    0.009891507612136887,
    0.009858900240065012,
    0.009858630166683261,
    0.009849551112654904,
    0.009775598886828005,
    0.009706957038023089,
    0.009662102368216852,
    0.009565964202033954,
    0.009549218131132216,
    0.009510994855866418,
    0.009488642994660313,
    0.00952834185404816,
    0.009521501920615221,
    0.009483638804624064,
    0.00944704481190734,
    0.009471167665144718,
    0.0095204617631549,
    0.009557181689869118,
    0.009605324351118565,
    0.009586597494128046,
    0.009565327723080698,
    0.009536955090853992,
    0.009540185169486267,
    0.009601697660384672,
    0.009644512314710016,
    0.009655420312656999,
    0.009642551284273174,
    0.009724626090454635,
    0.009747935864336593,
    0.009750171035962988,
    0.009718498512065877,
    0.00966753288907706,
    0.00957208873207494,
    0.009553482572733136,
    0.009556430025571185,
    0.009589215094496326,
    0.009596841010579022,
    0.009590925327310103,
    0.009573277326756597,
    0.009508078720918883,
    0.009461335768583986,
    0.009454070482096729,
    0.009472432906396778,
    0.009464346695427912,
    0.009449581772685975,
    0.009466248742911835,
    0.009473585741618851,
    0.009510135155235518,
    0.009541722704614172,
    0.009521320735613894
  ],