{
  "success": true,
  "x0": [
    0.36271046091574605,
    0.34009788035193683,
    0.297191658732317,
    0.8585440588563447,
    0.1892124164968316,
    0.5652100059636854
  ],
  "x": [
    0.7196963687501633,
    0.2630325173696587,
    0.017271113880178077,
    9359.689695818459,
    12.861684098417262,
    0.5652100059636854
  ],
  "SSE": 0.002216686918856593,
  "exp_data": [
    1.0,
    0.9764875419695775,
    0.9537340418688965,
    0.9322835914853747,
    0.9125999882711705,
    0.8949474761415358,
    0.8793449214844439,
    0.8655988721029537,
    0.8534090391647988,
    0.8425110074130955,
    0.8326984560780835,
    0.8238430674446847,
    0.8158393865685809,
    0.8085942072899028,
    0.8020269471053728,
    0.7960633755399971,
    0.7906370211242392,
    0.7856815220963934,
    0.7811382129391345,
    0.7769633132548174,
    0.7731064285714285,
    0.7695316582008356,
    0.7662072181084824,
    0.763114035510807,
    0.760245299480739,
    0.7575946969009826,
    0.7551428420032702,
    0.7528808927434273,
    0.7507872114917395,
    0.748847109096992,
    0.7470427870849833,
    0.7453568286507428,
    0.7437762220457045,
    0.7422992350763394,
    0.7409116044616044,
    0.7396019763694952,
    0.7383640029505778,
    0.7371940253024286,
    0.7360780966767372,
    0.73501198555065,
    0.733996162646877,
    0.7330161902697346,
    0.7320734662862105,
    0.7311660205634766,
    0.7302942633150822,
    0.7294623523913382,
    0.7286706827685202,
    0.7279111166671876,
    0.7271854294478528,
    0.7264957365434653,
    0.7258429827315541,
    0.7252223892330429,
    0.7246315444696397,
    0.7240626344509983,
    0.7235094711568838,
    0.7229642651479197,
    0.722420652173913,
    0.7218712857460247,
    0.7213210153220166,
    0.7207711643159604,
    0.720225162627551,
    0.7196883810801316,
    0.719164663169343,
    0.7186586454361965,
    0.7181744095751508,
    0.717714995982645,
    0.7172817002510784,
    0.7168678853531935,
    0.7164755392663394,
    0.7161047446553899,
    0.715750012957564,
    0.715409409169073,
    0.7150784674379306,
    0.7147531588712039,
    0.7144340092586555,
    0.7141150726530612,
    0.7137953787284145,
    0.7134738821371245,
    0.7131550495439334,
    0.7128409674981103,
    0.712536435154707,
    0.712245896937127,
    0.7119730698104485,
    0.7117252406310984,
    0.7114951596872515,
    0.7112832321221172,
    0.7110859037426045,
    0.7109099743649498,
    0.7107622048819527,
    0.7106469588162597,
    0.7105538574774172,
    0.7104813578633424,
    0.7104176859559613,
    0.7103591769491981,
    0.7103111874452751,
    0.7102775847529095,
    0.710251824570888,
    0.7102255491251227,
    0.7101874160960066,
    0.710128136778838,
    0.710048612244898,
    0.7099489216721747,
    0.7098271858576206,
    0.7096849588076437,
    0.7095376386796329,
    0.709395640541931,
    0.7092592489521061,
    0.7091335925938672,
    0.7090228798952013,
    0.7089195863116821,
    0.7088219993081979,
    0.7087169606042757,
    0.7085993995557407,
    0.7084709487883739,
    0.7083371212648882,
    0.7082039246467818,
    0.7080804305283758,
    0.7079639584135541,
    0.70785689038502,
    0.7077618356809161,
    0.7076832617874736,
    0.7076129639420535,
    0.7075409575594944,
    0.707459112934602,
    0.707369033446712,
    0.7072667648624668,
    0.7071627817677594,
    0.7070542543719058,
    0.7069482089339232,
    0.7068415418706887,
    0.7067391872538489,
    0.706641189340411,
    0.7065552745041679,
    0.7064850880034553,
    0.7064344126343117,
    0.7063973993137078,
    0.7063693298596034,
    0.706346286294269,
    0.7063332340765488,
    0.7063190003274037,
    0.7063018075801749,
    0.7062789164324048,
    0.7062566052227343,
    0.7062405268750229,
    0.7062270371457936,
    0.7062156536127965,
    0.7062141899359021,
    0.706217802708787,
    0.7062277802425317,
    0.7062442831215971,
    0.7062628274582561,
    0.7062828184825843,
    0.7063096640846119,
    0.7063416333992464,
    0.7063847088285864,
    0.7064275791050365,
    0.7064595588235294,
    0.7064835268914196,
    0.706503964906996,
    0.7065194085027726,
    0.7065302229780801,
    0.706534833970694,
    0.7065384265230256,
    0.7065350169117927,
    0.7065227992689613,
    0.7065008353995804,
    0.7064771000535045,
    0.7064440938852089,
    0.7063982353843793,
    0.7063423075444867,
    0.7062793299961494,
    0.7062110759615755,
    0.7061416125541126,
    0.706069527165705,
    0.7059894350896252,
    0.7059094149659864,
    0.7058263514566132,
    0.7057439809575838,
    0.7056641684259911,
    0.705593857965451,
    0.7055297409733124,
    0.7054686327710274,
    0.7054101528642345,
    0.7053468835116251,
    0.7052757633285872,
    0.7051921735684565,
    0.7051003533709204,
    0.7050114771054621,
    0.7049360690369898,
    0.7048672391069931,
    0.704810300120048,
    0.7047610159977546,
    0.7047097983287803,
    0.7046538582296824,
    0.7045924739856417,
    0.7045276096181047,
    0.7044677437641723,
    0.704420623199578,
    0.7043896129766648,
    0.7043742311295775,
    0.7043713755102041,
    0.7043718825405914,
    0.7043726088025571,
    0.7043711452387796,
    0.7043837105003292,
    0.7044036239950525,
    0.7044312154011402,
    0.7044587200397401,
    0.7044841421934628,
    0.7045021821355834,
    0.704505185339442,
    0.7044781478235466,
    0.7044292489126798,
    0.7043670075011524,
    0.7042862223901907,
    0.7041855038922785,
    0.7040654621352673,
    0.7039403811213927,
    0.7038106909983911,
    0.7036710127710127,
    0.7035319515306122,
    0.7034024413105534,
    0.7032854282298694,
    0.7031861292944851,
    0.7030943663179557,
    0.7030070934479055,
    0.7029311289072591,
    0.7028619234586012,
    0.7027956848841231,
    0.702741808570562,
    0.7026961615284412,
    0.7026705843958052,
    0.7026474184545614,
    0.7026259974653674,
    0.7026063239029517,
    0.7025869694974765,
    0.7025764954257565,
    0.7025706880592409,
    0.7025704920929411,
    0.7025768338571872,
    0.7025916326530612,
    0.7026158018763061,
    0.7026495098476072,
    0.7026866431474121,
    0.702730612244898,
    0.702781166180758,
    0.7028309673649196,
    0.7028790602333649,
    0.7029273478417916,
    0.7029675822435404,
    0.7030016145124717,
    0.7030236671060406,
    0.7030258199708455,
    0.7030174861891065,
    0.7029960373387023,
    0.7029618481999541,
    0.7029157243978672,
    0.7028662090569863,
    0.7027999815310739,
    0.7027207321023647,
    0.7026236178107607,
    0.7025138347822044,
    0.7023900615040537,
    0.7022625414467847,
    0.7021335236847033,
    0.7019952334037063,
    0.701838234740901,
    0.7016674412028091,
    0.7014815665154951,
    0.7012832473128463,
    0.7010875510204082,
    0.7009004138718424,
    0.7007297015067709,
    0.7005654112698944,
    0.7004183577656414,
    0.7002823049219687,
    0.7001652291105122,
    0.7000657789356878,
    0.6999789921655866,
    0.6999035193174657,
    0.699834436345967,
    0.6997685110320978,
    0.6996916756176155,
    0.6996003327949885,
    0.6995030808477237,
    0.6994070125399557,
    0.6993088386079069,
    0.6992026881454761,
    0.6990904993065187,
    0.698971607329063,
    0.6988427426580388,
    0.6987026894865526,
    0.698559843937575,
    0.6984150278293135,
    0.6982691615562481,
    0.698128400100781,
    0.6979898060214185,
    0.6978437636096623,
    0.6976972382983044,
    0.6975557076696015,
    0.6974175663265306,
    0.6972789524832489,
    0.6971398471951594,
    0.6969953477612707,
    0.6968394351680066,
    0.6966687212606562,
    0.6964898736144204,
    0.6963096068961936,
    0.6961412172011662,
    0.6959863354037267,
    0.695843704866562,
    0.6957204186558942,
    0.6955971228697665,
    0.6954690555291885,
    0.6953394998413873,
    0.6952157116353035,
    0.6951031143707483,
    0.6950090904246816,
    0.6949320707340528,
