{
  "success": true,
  "x0": [
    0.5360985519829257,
    0.16217416389915332,
    0.3017272841179211,
    0.6564681205338867,
    0.39428368189568386,
    0.6111495386698604
  ],
  "x": [
    0.3304388328419954,
    0.6695611671580047,
    0.0,
    41.633507455836785,
    8.445161306267922,
    0.6111495386698604
  ],
  "SSE": 0.008783146453053932,
  "exp_data": [
    1.0,
    0.9266326108483492,
    0.8561263209358175,
    0.7894496920581268,
    0.7275279271925456,
    0.6709647702578166,
    0.6198976750894609,
    0.574046664244244,
    0.5329134709055438,
    0.49603299988858074,
    0.46295416561849656,
    0.43323075354546,
    0.40643711512007685,
    0.3822027951922313,
    0.3602493445482565,
    0.34031642836959175,
    0.3221860212692341,
    0.3056559015171784,
    0.2905467813703515,
    0.276706616580781,
    0.263981235567224,
    0.2522474776863766,
    0.24139032343951505,
    0.23132170969260496,
    0.22196781585677158,
    0.21326908304024733,
    0.20516719537528025,
    0.19760353702509434,
    0.1905317129886549,
    0.18390900730604187,
    0.17769496509550556,
    0.17184214762724945,
    0.16632575957293277,
    0.16111836982208017,
    0.15620384027962414,
    0.1515493435545132,
    0.14712878227788354,
    0.1429538387181479,
    0.13899734348835546,
    0.13523048412307787,
    0.13165086868831571,
    0.12822991105343112,
    0.12495045519668273,
    0.12180080916128379,
    0.11879210548737208,
    0.11592032142355065,
    0.11316420239781307,
    0.11050994366507295,
    0.10794895068879941,
    0.10547340945812302,
    0.10308709421532619,
    0.1007771396922845,
    0.09853527840996787,
    0.09635313633956642,
    0.09422804116095164,
    0.09214944226198984,
    0.09010368810336969,
    0.08807423220617383,
    0.08605040296345384,
    0.08403328987288128,
    0.08202345682895393,
    0.08003623374309757,
    0.07807576768021682,
    0.07616270868925087,
    0.07431482656255062,
    0.07253247864643197,
    0.07082105961032427,
    0.06916999086536131,
    0.06758299243096727,
    0.06605479832827858,
    0.06456837382843574,
    0.06311761705197283,
    0.06171152968754443,
    0.06034518412821222,
    0.05902486577615824,
    0.05775007103258395,
    0.056517842966926926,
    0.055316051604298054,
    0.05413440633343612,
    0.05297158940454564,
    0.05183103283375797,
    0.050713865782469114,
    0.04961471715397248,
    0.04853235930884953,
    0.04745534508732308,
    0.04638458996044163,
    0.045318138345735545,
    0.044268291488453355,
    0.04323458133912514,
    0.04223200513623045,
    0.041262252138621655,
    0.04033132212376395,
    0.039424754246532204,
    0.03854793533288262,
    0.037698164243230005,
    0.0368789840213752,
    0.03608514268644205,
    0.035305449806048904,
    0.034518757586199406,
    0.03371470641624838,
    0.03290450785585894,
    0.03208712813594201,
    0.03127341002782998,
    0.03046935740688638,
    0.0296919824044378,
    0.028941751080502245,
    0.02821219608038076,
    0.027509992223389013,
    0.026834558636894813,
    0.026177959440194826,
    0.025532812878678247,
    0.024893582457498512,
    0.024255517513798,
    0.023617020035478192,
    0.022975524730073797,
    0.022340443015542825,
    0.021711715712236217,
    0.021082123518742335,
    0.020466868811268413,
    0.01986939787309188,
    0.019289532134762415,
    0.018706664497263506,
    0.018106072344071623,
    0.01750144029530267,
    0.016902119015848427,
    0.016305064059729785,
    0.01571865277815789,
    0.015138230510909947,
    0.014565772552719602,
    0.013973823154153832,
    0.013386026409253722,
    0.012816122539721687,
    0.012272912514603598,
    0.011751160565348641,
    0.011260905856472684,
    0.010795800705832626,
    0.010349961175267196,
    0.009915239694303706,
    0.009505425253790402,
    0.009113626138039572,
    0.008744910710107273,
    0.008398993807007236,
    0.008074407091334598,
    0.007765051368574188,
    0.007460517813796784,
    0.007165122086792793,
    0.006875320416875796,
    0.006596607638817395,
    0.006330221742476231,
    0.006066799087761522,
    0.005811361025118215,
    0.005569545320388873,
    0.0053334659277665675,
    0.0051048509789683874,
    0.004885810783100754,
    0.00466080049173489,
    0.004421059242325369,
    0.004177545067705302,
    0.003937789504704818,
    0.003698697340053474,
    0.0034619494106728865,
    0.003234903676162208,
    0.0030143558024350115,
    0.0027992233091742387,
    0.0025770145650435873,
    0.002346868618263133,
    0.002108405037060064,
    0.0018472517593713573,
    0.0015549038186204887,
    0.001228246651847239,
    0.0008840048255952471,
    0.0005423432402264061,
    0.00020677502452822016,
    -0.00011781583616099493,
    -0.00043939607267264464,
    -0.0007513983394643903,
    -0.00105843951226166,
    -0.0013506754974103902,
    -0.0016087216558663916,
    -0.0018311505284016268,
    -0.0020398722282532005,
    -0.002229995779465037,
    -0.002416672861899287,
    -0.0026120157399320055,
    -0.0028102097865376906,
    -0.003009260576508289,
    -0.0032186285301102372,
    -0.0034206410991943527,
    -0.0036140379926746908,
    -0.0037990493947795937,
    -0.003972478756182042,
    -0.004144889548323065,
    -0.004325454521644128,
    -0.0045154599658886576,
    -0.004717318777281055,
    -0.004912847861985163,
    -0.005092562222898572,
    -0.0052593624625730225,
    -0.005403230953726533,
    -0.005529381912307217,
    -0.005654477225779924,
    -0.005782832293033096,
    -0.005916465408210827,
    -0.006059900925804547,
    -0.0062000550475285925,
    -0.0063444165728501,
    -0.006497612512933104,
    -0.006644354597293893,
    -0.006786845210140636,
    -0.006937942655672032,
    -0.0070983309751167295,
    -0.007283828091545701,
    -0.00748741296647088,
    -0.007688317107704592,
    -0.007897437444277622,
    -0.008112504484682283,
    -0.00832406939165213,
    -0.00851050062520835,
    -0.008665009558871029,
    -0.00879591662572154,
    -0.008899394129205526,
    -0.008969644874024824,
    -0.00902002330178802,
    -0.009044821235365333,
    -0.009060059403334623,
    -0.009058182947525018,
    -0.00901658104841383,
    -0.008944186708009587,
    -0.008850018130613866,
    -0.008742970208136178,
    -0.008624114988056184,
    -0.008467403385773125,
    -0.008292586343670433,
    -0.008101957299965821,
    -0.007893509465278246,
    -0.007681677475849974,
    -0.0074638981719413865,
    -0.007249138700100277,
    -0.007029189262852473,
    -0.006800475989433331,
    -0.006564052846200567,
    -0.006335429733872219,
    -0.006100345868920502,
    -0.0058773206178639546,
    -0.00566861605759757,
    -0.005467497934513735,
    -0.005276287742722149,
    -0.00508416407476861,
    -0.004876787637910168,
    -0.004671473926812659,
    -0.0044812686573299405,
    -0.004313931628709812,
    -0.0041791133354233964,
    -0.0040623178040644446,
    -0.003969547053825789,
    -0.0038996230449432697,
    -0.0038577693002970763,
    -0.0038254728422123566,
    -0.003823349485461475,
    -0.003852834648762826,
    -0.0038896273938905496,
    -0.0039415190557360365,
    -0.0040138847161400705,
    -0.004091106082134307,
    -0.0041750469736358525,
    -0.00428219313676906,
    -0.004418066550351392,
    -0.004567800533367233,
    -0.0047392336351047915,
    -0.0049077069505294385,
    -0.005064910616460578,
    -0.0052050386825822125,
    -0.005309471892267679,
    -0.0053907378878031206,
    -0.0054229935280221565,
    -0.005419374927445778,
    -0.005381214393559443,
    -0.005303041528091677,
    -0.005191063358538097,
    -0.005042387246105281,
    -0.004865365737622046,
    -0.00468302648417971,
    -0.004495760360716779,
    -0.0043084347138072744,
    -0.004115390883821794,
    -0.003915960928495425,
    -0.003722790918167496,
    -0.0035592121639946264,
    -0.003433003278062778,
    -0.003344469759220721,
    -0.0032864840811793403,
    -0.003250730882807255,
    -0.0032299341483181475,
