{
  "success": true,
  "x0": [
    0.45556773419367874,
    0.4327655366293875,
    0.11166672917693386,
    0.7875068881850633,
    0.27447471549117963,
    0.17480554534568257
  ],
  "x": [
    0.08565433094846112,
    0.8521466015482638,
    0.062199067503274995,
    1396.2187881631496,
    2.3277825704334054,
    0.17480554534568257
  ],
  "SSE": 0.01557468827494761,
  "exp_data": [
    1.0,
    0.6706574016720988,
    0.4124966707607285,
    0.2876835765431075,
    0.2254903432780243,
    0.18991896962466182,
    0.16758572006746955,
    0.15249769530173957,
    0.14162466605556945,
    0.13338851005364072,
    0.1268090511179449,
    0.12137905745284801,
    0.11687909922898465,
    0.11309587667674251,
    0.1098593015465938,
    0.10697754876617264,
    0.1044684342523374,
    0.1022701491850076,
    0.10027324904850592,
    0.09853809662652124,
    0.09700992745841992,
    0.09565734636395992,
    0.09438037553793419,
    0.09325233901269352,
    0.09227323514396284,
    0.09142843534775667,
    0.0906506531690949,
    0.0899177710946473,
    0.08923332226798644,
    0.08858255345560957,
    0.08802137362738796,
    0.08748992698054181,
    0.08698393866536366,
    0.08649963685177575,
    0.08603588861393995,
    0.08560108430575755,
    0.08514305399959746,
    0.08475035266352758,
    0.08436746339603163,
    0.08394133037077031,
    0.08359007459026185,
    0.08327295194789665,
    0.08298263013462634,
    0.08266422678331359,
    0.08239028044155103,
    0.08219048709748274,
    0.08204579155759296,
    0.08187270471338352,
    0.08167686953011237,
    0.08141241915694783,
    0.08111091140850797,
    0.08078484751635144,
    0.08048120540271665,
    0.08023321605289291,
    0.08003908732319605,
    0.07984586372863385,
    0.07960995374360338,
    0.07938051313007258,
    0.0792020607366691,
    0.07904025329545257,
    0.07887539388390395,
    0.07878499153866257,
    0.07863857416735014,
    0.07848421663605815,
    0.07836217461015012,
    0.0782640762044874,
    0.0781673067948352,
    0.0780370946103997,
    0.07786812379582447,
    0.07775829000353973,
    0.07765700228725735,
    0.0775333020861345,
    0.07741577884431484,
    0.07724489522719136,
    0.07712272984970853,
    0.07704239567293461,
    0.07692120947840206,
    0.07683816764217975,
    0.07673662597328107,
    0.07662637816131967,
    0.07649334824734262,
    0.07633707171038613,
    0.07618900221262417,
    0.0761068390461939,
    0.07600912383507152,
    0.07585434417540332,
    0.07573468179125006,
    0.0756557498715873,
    0.07556519240829757,
    0.0754867385621356,
    0.0754035436589819,
    0.07533287622274958,
    0.07524371553854729,
    0.07517239494920812,
    0.07511974190476192,
    0.07505558895302279,
    0.07499966496579262,
    0.07497480092634683,
    0.07491415600518775,
    0.07482091329275273,
    0.07469066890810834,
    0.07458592296250864,
    0.07447740032431321,
    0.07438091761579521,
    0.07429372118458365,
    0.07425553187519351,
    0.0742011379645621,
    0.07416460831718677,
    0.07412288434716174,
    0.07409314545834726,
    0.07411011629087055,
    0.0741008844044935,
    0.07408447354639647,
    0.07404126730997472,
    0.07392695831923272,
    0.07384588265620687,
    0.07379426192561665,
    0.07370488317045606,
    0.07367345857012973,
    0.07367691321593607,
    0.07375735993281966,
    0.07381528801893948,
    0.07376815682127762,
    0.07366845499674878,
    0.0735824208566771,
    0.07351861163819458,
    0.07351508124427508,
    0.07356827003180214,
    0.07358812285391832,
    0.07351728399946961,
    0.0733643715321146,
    0.07325766762071455,
    0.07319280228239507,
    0.07311933779477671,
    0.07304547901434881,
    0.07296103592367242,
    0.0728288118910706,
    0.07268347342058226,
    0.07267014030639822,
    0.07271246229573847,
    0.07280090112215358,
    0.07281682530577495,
    0.07281321692697959,
    0.07279934689062474,
    0.07277923925692138,
    0.07278555454264626,
    0.07277548159837421,
    0.07274893151869676,
    0.07275401769484921,
    0.07273297078520521,
    0.07269890374050142,
    0.07262721713688862,
    0.07253283492215953,
    0.07244422290611444,
    0.07240558984212943,
    0.07237662488234768,
    0.07232288730724398,
    0.07230400078780377,
    0.07232279570652993,
    0.07237741998075681,
    0.07237331881717425,
    0.07236046798953599,
    0.0723175088501289,
    0.07227955406672,
    0.07222552675703083,
    0.07222949339791059,
    0.07227514674954069,
    0.07229847824007796,
    0.07230625877315487,
    0.07226815904214899,
    0.0722562401764941,
    0.07224290708607485,
    0.07220786418623142,
    0.07217968667672132,
    0.07217142247370355,
    0.07220402450710023,
    0.07226745097426578,
    0.07222368320963161,
    0.07218385555169322,
    0.07218565376732786,
    0.0720917730866902,
    0.07200974163797506,
    0.07198788564728541,
    0.07196467319916798,
    0.07193335515834665,
    0.07197956263155326,
    0.07201905263366176,
    0.07207097611014854,
    0.0720733858463999,
    0.07208464506246376,
    0.07211100971864937,
    0.07214051112256235,
    0.07218042792922119,
    0.07220185554463489,
    0.07214375578159145,
    0.07209199319340057,
    0.0720280936712853,
    0.07190289442158884,
    0.07183824972341324,
    0.07180950805901734,
    0.07182109714829756,
    0.0718152003690092,
    0.07181666668781816,
    0.07172352827265716,
    0.07165285962630119,
    0.07160113891316158,
    0.0715858823050705,
    0.07168225728281728,
    0.07176974574587311,
    0.07181046416390713,
    0.07185518026647005,
    0.07187735514657305,
    0.07186167628995227,
    0.07188469919750494,
    0.07192409252503426,
    0.07192784658408362,
    0.07191086260324638,
    0.07192488468991817,
    0.07202394492928871,
    0.07202213256630438,
    0.07199281435879537,
    0.0719881838156147,
    0.07192130916053478,
    0.07189848802748154,
    0.07191357125739181,
    0.07187494820026531,
    0.07188994488199148,
    0.07192966636038346,
    0.07193981498710084,
    0.07197082723232827,
    0.07194769046047297,
    0.07197389365868025,
    0.0719989666659516,
    0.07206532848772278,
    0.07215222146191808,
    0.07224006202447734,
    0.07226261803866288,
    0.0722292230056988,
    0.07215902760977096,
    0.0721175107419523,
    0.07216688791964496,
    0.07216912045505193,
    0.07218567868908117,
    0.07216602412734498,
    0.07213407815286363,
    0.07212756592173876,
    0.07208697695611056,
    0.07206699407274798,
    0.07204852517478862,
    0.07201552075062648,
    0.07200653372375658,
    0.07200018103504231,
    0.0719819724583267,
    0.07195498380188022,
    0.07196257562946491,
    0.07193685695544125,
    0.07192181891227287,
    0.07203568118381762,
    0.07214029140063719,
    0.07221765016487015,
    0.0723299504704041,
    0.07241551804752772,
    0.07242149317807552,
    0.07239964684364027,
    0.07238849815583334,
    0.07229733305037665,
    0.07224549315350369,
    0.0722151811630922,
    0.07221916512931742,
    0.07224665008883785,
    0.07228897912406446,
    0.07229536222595048,
    0.07231094898453576,
    0.07226628124322641,
    0.07223706357362573,
    0.07222217172873889,
    0.07216189673796145,
    0.07212706576075956,
    0.07206813155620335,
    0.07206023501301426,
    0.07217487603287304,
    0.0722637712126248,
    0.07238678904734862,
    0.07249926702531248,
    0.07260813925539733,
    0.07262689693642724,
    0.07259885440782853,
    0.07251744138849076,
    0.07243794629001353,
    0.07235799479134104,
    0.07229348253959822,
    0.07221949754561827,
    0.07214900396236414,
    0.07206882120268865,
    0.07200307847773374,
    0.07193282256206157,
    0.07185275951852514,
    0.07183801658926574,
    0.0718689305408588,
    0.07183188583298972,
    0.0717435507707401,
    0.0716506647151348,
    0.07164301090951176,
    0.07169365136486912,
    0.07169636765877027,
    0.07176887247264155,
