{
  "success": true,
  "x0": [
    0.10024757435326447,
    0.5072568215654257,
    0.39249560408130973,
    0.9840322271708545,
    0.10174453548630247,
    0.7444399661159414
  ],
  "x": [
    0.7525223299597344,
    0.21413540685550655,
    0.033342263184759045,
    14476.970812316933,
    14.519765756369278,
    0.7444399661159414
  ],
  "SSE": 0.002968627340597125,
  "exp_data": [
    1.0,
    0.9724201453972147,
    0.9500743582246652,
    0.9299557022809124,
    0.9126932588552662,
    0.8983240375862576,
    0.8865653590542846,
    0.8767896633978267,
    0.8682442638905273,
    0.8604306388257185,
    0.8531608695652174,
    0.8463935161873167,
    0.8401228494304699,
    0.834327011852776,
    0.8289814303563992,
    0.8240540741844183,
    0.8195195309702829,
    0.8153392057848029,
    0.8114713507690466,
    0.8078864365129311,
    0.8045628871548619,
    0.8014690330918818,
    0.7985888056107399,
    0.7958903113978235,
    0.7933628939741577,
    0.7909960272108844,
    0.7887642402955247,
    0.7866682809230676,
    0.7847090227162293,
    0.7828872258888653,
    0.7811813128236369,
    0.7795737500381319,
    0.778035384333374,
    0.7765839580209895,
    0.7752083930869645,
    0.7739074390056775,
    0.7726720985984755,
    0.7715035737371871,
    0.7703912201738702,
    0.7693285035042762,
    0.76831024427953,
    0.7673419435756093,
    0.7664301066931332,
    0.7655656912993508,
    0.7647457410403186,
    0.7639668764605079,
    0.7632246957498596,
    0.7625106103697221,
    0.7618172279954927,
    0.7611465782626414,
    0.7604985274725274,
    0.7598723153359958,
    0.7592701026706979,
    0.7586954326089014,
    0.7581553421368548,
    0.7576451574118019,
    0.7571718944099379,
    0.7567325356270035,
    0.7563273666475936,
    0.7559401540959597,
    0.755569368622449,
    0.7552054581456996,
    0.7548605623440598,
    0.7545289046230738,
    0.7542150750866384,
    0.7539266366704162,
    0.7536472832035023,
    0.7533735919012154,
    0.7531053700594161,
    0.7528366635402179,
    0.7525719922254616,
    0.7523159566529315,
    0.7520750909918107,
    0.7518474335188621,
    0.7516286953119906,
    0.7514182236734694,
    0.7512125719518576,
    0.7510062633078913,
    0.7507906818032679,
    0.7505733905156265,
    0.7503618630678077,
    0.7501588210082094,
    0.7499632223763292,
    0.7497767174941289,
    0.7495951861913597,
    0.7494085681101709,
    0.7492236721398657,
    0.7490404268069382,
    0.74886345871682,
    0.7487040549116537,
    0.7485586082301773,
    0.7484171106866392,
    0.7482643394199785,
    0.7480970783041387,
    0.7479148077052603,
    0.7477153988868275,
    0.7475128767401,
    0.7473174501641453,
    0.7471393009695573,
    0.7469756018880098,
    0.746826030612245,
    0.7466840278014377,
    0.746555006484199,
    0.746435603185998,
    0.7463189802766744,
    0.7462026787858,
    0.7460795780938638,
    0.7459399869222563,
    0.7457864209873138,
    0.7456297938464725,
    0.7454736769283985,
    0.7453132705034475,
    0.7451538352075524,
    0.7449975593644613,
    0.7448495577070419,
    0.7447119797662655,
    0.7445856898238747,
    0.7444577659537228,
    0.744332165649765,
    0.7442133583898275,
    0.7441079134412386,
    0.7440165239152656,
    0.7439346832850787,
    0.7438706539808297,
    0.7438262365362812,
    0.7438027790594499,
    0.7437949690677664,
    0.7437909178331018,
    0.7437883437990581,
    0.743791465027342,
    0.7437935588972431,
    0.7438008500412467,
    0.7438100172463351,
    0.7438256379800597,
    0.7438396877478907,
    0.7438521365360303,
    0.7438663373860183,
    0.7438719940551709,
    0.7438711925339531,
    0.7438684746625923,
    0.743863250728863,
    0.7438602460662261,
    0.7438528820130202,
    0.7438476862199098,
    0.7438488180883864,
    0.7438545725317154,
    0.7438538974434539,
    0.7438536111008599,
    0.7438478778467909,
    0.7438320085929109,
    0.7438067903525046,
    0.7437709453180179,
    0.7437232124236556,
    0.7436767190239899,
    0.7436365104283471,
    0.743598607002434,
    0.7435787740096038,
    0.7435705453452099,
    0.7435739174636644,
    0.7435856388396394,
    0.7436014814814815,
    0.7436156298511983,
    0.7436229914270541,
    0.7436240223463687,
    0.743620191136156,
    0.7436098149914171,
    0.7435974661774822,
    0.7435873760385956,
    0.7435838460948289,
    0.7435808562973212,
    0.7435831382364266,
    0.7435853246402531,
    0.7435894248608534,
    0.7435818301514154,
    0.7435615348801118,
    0.7435324237123421,
    0.7434939515500857,
    0.743443114683732,
    0.7433731605285793,
    0.7432917309726194,
    0.7432056711145997,
    0.7431181510754591,
    0.7430293554487432,
    0.7429363438992619,
    0.7428355402626167,
    0.7427276124430354,
    0.7426124037163504,
    0.7424977881210963,
    0.7423945910395409,
    0.7423023563241343,
    0.742228931572629,
    0.7421700613447737,
    0.742113482243291,
    0.7420685907499094,
    0.7420182261837541,
    0.7419686724590826,
    0.7419261418853256,
    0.741897224814379,
    0.741883197820961,
    0.7418755876003096,
    0.7418678775510205,
    0.7418526726923235,
    0.7418260593393984,
    0.7417944565351291,
    0.7417561923963134,
    0.7417120799835085,
    0.7416719821531852,
    0.7416244815167446,
    0.7415819230131077,
    0.741543430732782,
    0.7415034235735111,
    0.7414623221067568,
    0.7414165481766477,
    0.7413750282864686,
    0.741323330813807,
    0.7412662360614349,
    0.7412113341204251,
    0.7411560485063591,
    0.7410914641375222,
    0.7410148585005728,
    0.740920943877551,
    0.7408055046653317,
    0.7406713773375458,
    0.7405098660847987,
    0.7403330560795747,
    0.740152790547798,
    0.7399657926461723,
    0.7397628252146524,
    0.7395480153925977,
    0.7393225573031761,
    0.7390921016066001,
    0.7388535050694052,
    0.7386041426827141,
    0.7383551850718875,
    0.7381172286940527,
    0.7379000438885231,
    0.7377094343771992,
    0.7375388195883105,
    0.7373845083487941,
    0.737239014564611,
    0.737097413487134,
    0.7369690409497133,
    0.7368480081989127,
    0.7367370204974769,
    0.7366343000358038,
    0.7365292756223368,
    0.7364186460487279,
    0.7362961931792584,
    0.7361741466498104,
    0.7360543599257885,
    0.7359398321995465,
    0.7358183082587155,
    0.7356963875728862,
    0.7355719307857371,
    0.7354421067081541,
    0.7352983856913552,
    0.735139483360912,
    0.734968443359285,
    0.7348053190506972,
    0.7346651580360035,
    0.7345539703153989,
    0.7344621449490958,
    0.7343834964122635,
    0.7343098444869939,
    0.7342583317730762,
    0.7342222988505747,
    0.7342074202953071,
    0.73420629212424,
    0.7342218017762661,
    0.7342522799374971,
    0.73429264831514,
    0.7343550211693068,
    0.7344371543009727,
    0.7345491277541462,
    0.734683433936955,
    0.7348607587034814,
    0.7350698594532152,
    0.7353010083466011,
    0.7355311780636425,
    0.735741378641718,
    0.7359289164237124,
    0.7360989381910282,
    0.7362611170784104,
    0.7364220868203396,
    0.7365783114207222,
    0.7367436931399066,
    0.7369181356600611,
    0.7370961654395415,
    0.737277412324153,
    0.737452475296688,
    0.7376188203086113,
    0.7377804101591737,
    0.7379360444177671,
    0.7380921275635561,
    0.7382440987232332,
    0.7384043688586546,
    0.7385601687209538,
    0.7387063553957564,
    0.7388454970047721,
    0.7389821263168609,
    0.7391154948979591,
    0.7392404889775459,
    0.7393620500461491,
    0.7394728525163214,
    0.7395656823335395,
    0.7396568380263497,
    0.7397382575365171,
    0.7398002648387599,
    0.7398327623906705,
    0.739842523096195,
    0.7398378231292517,
    0.7398033419023137,
    0.7397534188933306,
    0.7396994251964352,
    0.7396411652743999,
    0.7395833342168036,
    0.7395170333758503,
    0.7394392177758832,
    0.7393535367026391,
