{
  "success": true,
  "x0": [
    0.42108326694165105,
    0.14381768958397237,
    0.43509904347437667,
    0.7528712734537615,
    0.20341599093989593,
    0.8997555356601421
  ],
  "x": [
    0.10296039069165176,
    0.8403626243754085,
    0.0566769849329397,
    1035.7614248824887,
    3.063985159134016,
    0.8997555356601421
  ],
  "SSE": 0.016296030279964367,
  "exp_data": [
    1.0,
    0.743453790880755,
    0.5236793824401738,
    0.38311714171827466,
    0.30247094978544226,
    0.2529134647652368,
    0.22037706034605758,
    0.19810286450354073,
    0.18246635079032408,
    0.17102100803152256,
    0.16215108756866695,
    0.15486753234194575,
    0.1486144752909204,
    0.14323556687127525,
    0.13859417441473235,
    0.1345903926701786,
    0.1310179935165155,
    0.1277980552076692,
    0.12478104940819217,
    0.12205794321781983,
    0.11964805845306398,
    0.11741573715646275,
    0.11541312674022157,
    0.11358653022720382,
    0.11195329958184076,
    0.11052283241436069,
    0.10925701034150125,
    0.10806079993506712,
    0.10689034188288192,
    0.10582127898991157,
    0.10490991719554027,
    0.10405710500688473,
    0.10327724180240104,
    0.10259016806012171,
    0.10195055555543821,
    0.1013253760866686,
    0.1006364557416336,
    0.09990285051639955,
    0.09926226224253323,
    0.09863287569929695,
    0.09801781654185908,
    0.09740351849860228,
    0.09681790627939511,
    0.0963010590666301,
    0.09585366255281481,
    0.09545847831228893,
    0.09509890719282955,
    0.0947565494876175,
    0.09450319559443587,
    0.0943005602540406,
    0.09413568172173438,
    0.09401544683807313,
    0.09386076820455941,
    0.0936946963469547,
    0.09348383791249548,
    0.09324925319926912,
    0.09302385551537033,
    0.09280402672940902,
    0.09260180445840008,
    0.0923738774820668,
    0.09211758865057984,
    0.0919065253874136,
    0.09176049385616106,
    0.09163409533473763,
    0.09151253219003735,
    0.09138457808240708,
    0.0913056838513308,
    0.0912545384394941,
    0.09121526157484453,
    0.0910988894352474,
    0.09090806131103886,
    0.09066023112637354,
    0.09054233309145755,
    0.09041650699766943,
    0.09032018932818639,
    0.090331880811776,
    0.09029109875820555,
    0.0902484919626446,
    0.09012957770772752,
    0.08998073922323631,
    0.08991346653225323,
    0.08994292958423268,
    0.08995186634360848,
    0.08988378122488719,
    0.08981710026935287,
    0.08973304392609913,
    0.0896606561870753,
    0.08959474152203352,
    0.08958153312018909,
    0.08955242771006358,
    0.08951320221768937,
    0.08950565958168266,
    0.08942808924589293,
    0.0893743344213084,
    0.08940103948083596,
    0.08950028483464369,
    0.08958946579304963,
    0.08961239766088114,
    0.0896184609444117,
    0.08957578652666416,
    0.08951646466614703,
    0.0894728902564704,
    0.08947523154237984,
    0.08948016406992683,
    0.08944243825952594,
    0.08937702771711467,
    0.08927299687332159,
    0.08917929223397175,
    0.08906817714246637,
    0.08896030287637696,
    0.08888008370160043,
    0.0888091473153978,
    0.0887566063275071,
    0.08866396815575713,
    0.08860458197859365,
    0.08859036644700863,
    0.08852282080969288,
    0.08837814019132181,
    0.0881941889889192,
    0.0880027120697371,
    0.08782228433662148,
    0.08770950848390528,
    0.08758618406407463,
    0.08747781332800493,
    0.087474713455454,
    0.08749997808914751,
    0.08751802423216205,
    0.08749169829859277,
    0.087495128928773,
    0.08745440734942292,
    0.0873815008786241,
    0.08731542355334371,
    0.0872800774743835,
    0.08724202979444376,
    0.08710479546789009,
    0.08692071809953252,
    0.0867507641632791,
    0.08661985586029594,
    0.0865249758796426,
    0.08651946765488444,
    0.08646441451030065,
    0.08638075139436449,
    0.0863094444298415,
    0.08624565383420543,
    0.08612007265054326,
    0.0860103710450341,
    0.08593490139516984,
    0.0859135677650654,
    0.08586603047670169,
    0.08577103105392217,
    0.08565389243426443,
    0.08554992985636556,
    0.08541196323412324,
    0.08530124237851734,
    0.08519715293528307,
    0.08505812709668505,
    0.0848741737315694,
    0.08463647385957952,
    0.08441746627021653,
    0.08418519549870307,
    0.08396148455191431,
    0.08377544676120674,
    0.08367582505659048,
    0.08362541290448447,
    0.08353664918023919,
    0.08345352149470085,
    0.08340271384851064,
    0.08336897562339288,
    0.08338327529657526,
    0.08335049442421756,
    0.08330635835389857,
    0.08325729858246145,
    0.08323511067480369,
    0.08321299259119459,
    0.08322381520116436,
    0.08318009980141071,
    0.08326438014838346,
    0.08330852558566042,
    0.08338072721346484,
    0.08344551975146203,
    0.08345769491578667,
    0.08344192088443403,
    0.08344332347798357,
    0.08341783080908877,
    0.08340073418952289,
    0.08339418409695232,
    0.08343324863952023,
    0.0835101774742934,
    0.08356410125755238,
    0.08363073240652696,
    0.08368918921941394,
    0.08373660611485712,
    0.08382895076352376,
    0.0838386720820806,
    0.08380110759324394,
    0.08368623971515426,
    0.08359190720110332,
    0.08352990553057232,
    0.08346259026086088,
    0.0834573307814276,
    0.08342796891441784,
    0.0833561947692387,
    0.08334536535373603,
    0.08337913483580213,
    0.08343840707536604,
    0.08347211832877045,
    0.0834801681400172,
    0.0834941780543423,
    0.0835194089690053,
    0.0835705879923625,
    0.08361242288632506,
    0.0836106053761169,
    0.08363788961900001,
    0.08371678998694818,
    0.08377786523506056,
    0.08383523131629149,
    0.08383167510923323,
    0.08377959079169249,
    0.0837355423926435,
    0.08366453440895523,
    0.08358872094262672,
    0.08350507803885998,
    0.08359673376615012,
    0.08370584793793745,
    0.08379183035426549,
    0.08385960467765888,
    0.08386161907297104,
    0.08379791409365912,
    0.08370281136218545,
    0.08361264739990149,
    0.08351933642199012,
    0.08345349291813343,
    0.08335528037918111,
    0.0833076918344803,
    0.08329700176791667,
    0.08328312353849283,
    0.08316602802217334,
    0.08301423932370189,
    0.08288773846514376,
    0.08279238327742275,
    0.0827072012961128,
    0.08264351831555415,
    0.08259332240325878,
    0.08257209597110536,
    0.08254715688032178,
    0.08244955786074111,
    0.08229318200709804,
    0.08210427965498514,
    0.08198140748429526,
    0.08189542723847482,
    0.08173522741158393,
    0.08152526062611964,
    0.08138417500871507,
    0.08127254241994547,
    0.08115391781620732,
    0.08098064467568926,
    0.08074333451943923,
    0.08050922846798558,
    0.08028740831173248,
    0.08017747595770493,
    0.08011679317539347,
    0.08000843673937422,
    0.07981557076050677,
    0.07964014950962772,
    0.07951884573277783,
    0.07948276024459584,
    0.07939532328269316,
    0.07931441872346767,
    0.07924961223135886,
    0.07924445884118014,
    0.07930082200948617,
    0.07937542333575663,
    0.07942774089426204,
    0.07946591919766044,
    0.07953184256391599,
    0.07949614822438802,
    0.0794858116438693,
    0.07952902985364166,
    0.07960431941757151,
    0.07973716700712431,
    0.07980448469461407,
    0.07986114564466618,
    0.07993367795044817,
    0.07994900375273092,
    0.07997526534077733,
    0.07997479139225239,
    0.07997398837034937,
    0.07994527206843394,
    0.0798841047491471,
    0.07982171810532139,
    0.07981875205128817,
    0.0798381321322749,
    0.07993566336190147,
    0.07998700432050454,
    0.08000940786768218,
    0.08005089584159689,
    0.0800527393766034,
    0.08006714736885089,
    0.08001835780267177,
    0.07996399432842423,
    0.07983657383390175,
    0.07975584865514604,
    0.079739098823093,
    0.0798108666370274,
    0.0797656785700846,
    0.07959956382739267,
    0.07938151214182508,
