{
  "success": true,
  "x0": [
    0.44751914483660243,
    0.1460223217065285,
    0.406458533456869,
    0.7478336321458242,
    0.7468336321458242,
    0.5637363895737053
  ],
  "x": [
    0.17860177155021104,
    0.7781266508254027,
    0.04327157762438633,
    182.52586708912045,
    10.106649265532146,
    0.5637363895737053
  ],
  "SSE": 0.015764876337991177,
  "exp_data": [
    1.0,
    0.916528306555598,
    0.8353053938885792,
    0.7599393880992947,
    0.6929182759812483,
    0.6346574653907163,
    0.5844277454390964,
    0.541011170001491,
    0.5031910562882345,
    0.470047691850163,
    0.440877771033859,
    0.41511478236205396,
    0.3922585478119194,
    0.3718728551693713,
    0.3536033184845824,
    0.33715973222709344,
    0.32230499803880175,
    0.3088283608999623,
    0.2965646361579007,
    0.28535773415704263,
    0.2750821608007138,
    0.2656164679171517,
    0.2568787214329348,
    0.24878679344443635,
    0.24127161545073006,
    0.23428400425838244,
    0.22777572522368236,
    0.22171475939731655,
    0.21605625677179335,
    0.2107726585510483,
    0.20582287941590777,
    0.20118385329146704,
    0.1968273700601479,
    0.19272674928544622,
    0.18886514933594067,
    0.18521601887098693,
    0.1817602271930772,
    0.17848941435102866,
    0.17539211627737566,
    0.17244008278042627,
    0.16963145284665754,
    0.1669495437114018,
    0.16438428681172432,
    0.16192326262762785,
    0.1595599191673287,
    0.15728002659936788,
    0.1550789389754218,
    0.1529570027455074,
    0.15091912761724488,
    0.14895759600602976,
    0.147074437615684,
    0.14525462373318612,
    0.143493599508778,
    0.14177318900902447,
    0.14009263365046187,
    0.13845243076710612,
    0.13684741301043082,
    0.13528398746814774,
    0.1337623462462131,
    0.132291697800056,
    0.13086750340901646,
    0.12948569831946144,
    0.128146505444265,
    0.1268451213935926,
    0.12558097971144455,
    0.12435542568153947,
    0.12317050409443983,
    0.12202510532704981,
    0.12091265566066688,
    0.11982678171980898,
    0.11876077169773808,
    0.11772550737519731,
    0.11671092486389359,
    0.11572036283071803,
    0.11475033328640309,
    0.11380004632429992,
    0.11286066444564817,
    0.11192171583088455,
    0.11099015123672315,
    0.11006993139801492,
    0.1091586764868261,
    0.10824646074868713,
    0.10733909730424238,
    0.10644687664285178,
    0.10557466566294728,
    0.10473171086660538,
    0.10390946661249655,
    0.1031146570249737,
    0.10235005239588142,
    0.10160464206593668,
    0.10087329654642742,
    0.10014282304429657,
    0.09941825695732597,
    0.09869825367037986,
    0.09797937634628114,
    0.09725481988452815,
    0.0965290844124229,
    0.09580686589922476,
    0.095092145185534,
    0.09438868718185112,
    0.09370016705581063,
    0.09303378153749947,
    0.09238747354758872,
    0.09176310993095385,
    0.09115856527845183,
    0.09057552914972149,
    0.0900201873400867,
    0.08949282325378602,
    0.08898540637252739,
    0.08849020777439588,
    0.08800468809240325,
    0.0875265669954709,
    0.08705520488783489,
    0.0866000244722431,
    0.08616200445237882,
    0.08573445415991984,
    0.0853077738921435,
    0.08488824941980216,
    0.0844740776970412,
    0.08405930276629442,
    0.08364260832950286,
    0.08322933467243586,
    0.0828195449343615,
    0.08242196361389417,
    0.08203575057597738,
    0.08165918572032349,
    0.08129968527471955,
    0.08095925194223073,
    0.08063978338630386,
    0.08034537906133658,
    0.08008336294700459,
    0.0798459890929704,
    0.07962597614903114,
    0.07942582906093572,
    0.0792357400606232,
    0.07905048675185392,
    0.07886066460371849,
    0.0786664518849233,
    0.07846988746079603,
    0.07827324047007075,
    0.0780731682556477,
    0.07786708514778035,
    0.0776450827359805,
    0.07742051704243305,
    0.07719429177381507,
    0.07697555475812383,
    0.07675634572658037,
    0.076537310990479,
    0.0763190994411976,
    0.07609193582788318,
    0.07586626688616896,
    0.07564279604295143,
    0.07542352539708327,
    0.07521341868974336,
    0.0750135032723343,
    0.07482287013999574,
    0.0746272477838838,
    0.07442492131411126,
    0.07421586433552618,
    0.07399220805712095,
    0.07376457961893361,
    0.07353057883154705,
    0.0732925031585625,
    0.07303961179168678,
    0.0727744767421548,
    0.07250130162660434,
    0.07221752590916804,
    0.07193169660559624,
    0.07163981944566848,
    0.07136158867353977,
    0.07108622861853499,
    0.07081227202842023,
    0.07054450354421753,
    0.07027751062187235,
    0.07000784923885144,
    0.06973658228538743,
    0.06946617960472322,
    0.06919394188491688,
    0.06892402366513917,
    0.06864589583372502,
    0.0683631572102903,
    0.06808136389617173,
    0.06781263075410286,
    0.06756403689193462,
    0.06733036516059035,
    0.0671188032141986,
    0.06692450711536567,
    0.06675259981537238,
    0.06658890611477271,
    0.06642957868882471,
    0.06626921097186964,
    0.06610800230890027,
    0.0659470908770544,
    0.06577774128780253,
    0.06560228966914958,
    0.06541708022170077,
    0.0652207202766543,
    0.06502244466667047,
    0.0648269732906527,
    0.06463516413157669,
    0.06444839008160558,
    0.06426527230637216,
    0.06407820079361594,
    0.06388514982157585,
    0.06368564473343778,
    0.06347533457394466,
    0.06327199474196395,
    0.06307088924972475,
    0.06287132265502528,
    0.06266409883400868,
    0.0624536501963047,
    0.06224387195021994,
    0.06203592490179412,
    0.061821728023915674,
    0.06159826438217637,
    0.061365543206087544,
    0.061124204331927584,
    0.06087660185387228,
    0.06062067001215195,
    0.060356218925694545,
    0.060086759643077206,
    0.05981216488486463,
    0.059540360915669145,
    0.05927005991043667,
    0.05901287237116784,
    0.05876097066015714,
    0.05851843284623621,
    0.05829095316573526,
    0.05807331237402472,
    0.05785402550758429,
    0.057638083108677705,
    0.057415189490042956,
    0.057193377781215866,
    0.056975372838060895,
    0.056768021045731656,
    0.05657105209130431,
    0.056376854029822454,
    0.056188375361668465,
    0.05601160668544943,
    0.05584995896008594,
    0.05569064483743083,
    0.05552506884874232,
    0.05536188981865937,
    0.05519717948056879,
    0.055034129425977005,
    0.05486702908829343,
    0.05469596577267368,
    0.05453276703415842,
    0.05438040061516371,
    0.05423948211906247
  ],