{
  "success": true,
  "x0": [
    0.45135127220565346,
    0.11019456312492679,
    0.4384541646694199,
    0.8053537886944331,
    0.8043537886944331,
    0.5949158485771312
  ],
  "x": [
    0.18197660952480893,
    0.7621464013248317,
    0.055876989150359394,
    210.56169631649917,
    9.831142567449406,
    0.5949158485771312
  ],
  "SSE": 0.01472075966705863,
  "exp_data": [
    1.0,
    0.9103225597319986,
    0.8234808340635587,
    0.7440233663128681,
    0.6750794579285594,
    0.616975969013336,
    0.5683663379287831,
    0.5272329711779842,
    0.4917178384236441,
    0.4605695415657618,
    0.43303246755834063,
    0.4085990730773243,
    0.38681757274619005,
    0.3673277971891539,
    0.34983614986792133,
    0.3340816370044853,
    0.3198284137416932,
    0.30689565316603323,
    0.29512499598722075,
    0.2843621772396143,
    0.27447893456829214,
    0.2653647338650647,
    0.25694593478535216,
    0.24915217516646027,
    0.2419165635278294,
    0.2352218552078527,
    0.22901690716575857,
    0.22326121286509784,
    0.2179007117868061,
    0.212892947163868,
    0.2081890166848482,
    0.20377938218989744,
    0.19962214720236582,
    0.19570267731553959,
    0.19200592659370544,
    0.18851140415522918,
    0.18519874175382695,
    0.18206347079344404,
    0.17909270348757186,
    0.17624289602050647,
    0.1735246971113771,
    0.17093736232784176,
    0.16847320709011004,
    0.16612399251263207,
    0.1638758833210274,
    0.1617136259772962,
    0.15962664690202902,
    0.1576311529074634,
    0.15573962449500495,
    0.1539512034137275,
    0.15227243018197742,
    0.1506680029321286,
    0.14910124700224714,
    0.14753276372889818,
    0.14597629268804657,
    0.1444323658294346,
    0.14292054783301592,
    0.1414599583609186,
    0.14006645104063367,
    0.13874420059046436,
    0.13747251443493064,
    0.13623888678569585,
    0.13504283662487288,
    0.13388193734360507,
    0.13275777879687248,
    0.1316912964368454,
    0.13068117118016256,
    0.129731377046411,
    0.12883120621733035,
    0.1279692877995944,
    0.1271101751810307,
    0.1262641231228806,
    0.12542270258579802,
    0.12459971029451859,
    0.12379436813804635,
    0.1229919162008685,
    0.12218337380443797,
    0.12136288427444512,
    0.12054988649380682,
    0.1197526500444644,
    0.11895131886701968,
    0.11813449926114702,
    0.11730943028591186,
    0.11649005296727187,
    0.11568270558254717,
    0.11492545960731672,
    0.11419825552307052,
    0.1135134984748645,
    0.112880501598462,
    0.11227556529504765,
    0.11169430116529455,
    0.11111888812943406,
    0.11055715902025451,
    0.10998552667207664,
    0.10940706777040929,
    0.10880332351141929,
    0.10817835225861906,
    0.10752290822345281,
    0.10685227985689132,
    0.10616697841027538,
    0.10547112537590751,
    0.1047796757971076,
    0.10409067826346328,
    0.10339244883505773,
    0.10269002847988475,
    0.10198350974998432,
    0.10130208758624591,
    0.1006603816786441,
    0.10005677577908159,
    0.09949328691803848,
    0.09894113211120219,
    0.09839957271054416,
    0.09788016844950786,
    0.09739190646031236,
    0.09693895594510912,
    0.09650045887311502,
    0.09606178305224328,
    0.09564167189723846,
    0.0952289009370342,
    0.09481073577031278,
    0.09439129883773237,
    0.09397525965287129,
    0.09355979312086155,
    0.09315261610427615,
    0.09274855110842402,
    0.09234819367394889,
    0.09198129624833128,
    0.09164290021614221,
    0.0913369033286792,
    0.09106702236432344,
    0.09083875659792562,
    0.09064488179425549,
    0.09048830848262004,
    0.09037851386980361,
    0.0903186480014816,
    0.09027944535626509,
    0.09024241082002343,
    0.09018563174680594,
    0.09011585321031038,
    0.09004451331128531,
    0.08997644068384468,
    0.0898925816339722,
    0.08978349258104232,
    0.08966566726601716,
    0.08954094458578468,
    0.0894125119559562,
    0.08926972686056074,
    0.08911427161477321,
    0.08894329060331342,
    0.08874460006612846,
    0.08853281633308299,
    0.08830616793359611,
    0.08806378886927153,
    0.08781728790760522,
    0.08756363509762567,
    0.08730246105294676,
    0.08701237624999711,
    0.08670343721528402,
    0.0863842169933475,
    0.08605231339335506,
    0.0857222047378783,
    0.08539170478495092,
    0.08505421219526728,
    0.08469794997170177,
    0.084321216857903,
    0.08392628053920596,
    0.08350925371614981,
    0.08309623326261453,
    0.0826901992293897,
    0.08232193970889756,
    0.08197361560855213,
    0.0816319849697373,
    0.08131966006791412,
    0.08100796358602037,
    0.08068226578071258,
    0.08032860548687108,
    0.07995246952722683,
    0.07955979784986386,
    0.07914094471649369,
    0.07868402985618433,
    0.0782056857878571,
    0.07772227533086376,
    0.07725323965377534,
    0.07680372805722367,
    0.07638415314531058,
    0.07601193577512626,
    0.07568637304233615,
    0.07540836688007277,
    0.07516560672458514,
    0.07495486667387309,
    0.07476315480097431,
    0.07457983718724748,
    0.07439727767509462,
    0.07419372349048571,
    0.0739965454837373,
    0.0737970090684754,
    0.07359281564061274,
    0.07340426794163027,
    0.07323623687767264,
    0.07309210071890158,
    0.07297575047398457,
    0.07288646783961591,
    0.07280060909120256,
    0.07270683680075957,
    0.07260633891832459,
    0.07248623762030758,
    0.07237176699475542,
    0.07225867612944123,
    0.07213946687326278,
    0.07200386050720643,
    0.07186441951649873,
    0.07173046220079025,
    0.07160575394909056,
    0.07146783271118222,
    0.07130700377515689,
    0.0711210507059923,
    0.07090353512725192,
    0.070667260242939,
    0.0704114425436324,
    0.07013459081640543,
    0.06984261092719293,
    0.06954404190747608,
    0.06924610525113205,
    0.0689453447200218,
    0.0686667327818622,
    0.06838619908693232,
    0.06811028215858296,
    0.06786163247257508,
    0.06765136254467112,
    0.06745871250537983,
    0.06727570147762188,
    0.06707968639615311,
    0.06688145848792022,
    0.066691200552182,
    0.06650649279856165,
    0.0663193707010308,
    0.06613516725904463,
    0.06593998646075425,
    0.06574407804653168,
    0.06555693698316656,
    0.065361418085555,
    0.06514258510443569,
    0.06492405247220215,
    0.06470280878830029,
    0.06450500141121919,
    0.06433080866541017,
    0.06416044173536375,
    0.0640123501611878,
    0.06387535999964593,
    0.06375492619943796
  ],