{
  "success": true,
  "x0": [
    0.3741589838746826,
    0.2629025911385582,
    0.36293842498675916,
    0.6212619221762821,
    0.5657747720943888,
    0.5482341545069784
  ],
  "x": [
    0.16113804384225955,
    0.7788038585219743,
    0.06005809763576613,
    156.0364588271586,
    10.070996819813962,
    0.5482341545069784
  ],
  "SSE": 0.01662774595152515,
  "exp_data": [
    1.0,
    0.9089977991847605,
    0.8207974779416828,
    0.7399746149999152,
    0.6696885025691985,
    0.6102883489684837,
    0.560483248448208,
    0.5183343264499705,
    0.4819867686720664,
    0.4501537554416858,
    0.42197799483080944,
    0.39691817760367104,
    0.3745721536190588,
    0.35456500203767516,
    0.33656106463961033,
    0.3203061816629953,
    0.30558193553675533,
    0.2921911466295576,
    0.2799691985319997,
    0.26876268161817185,
    0.2584491244425336,
    0.24890915492764829,
    0.24005711455966208,
    0.231820390883539,
    0.22414756377433645,
    0.21697856235570762,
    0.21027345603958592,
    0.20401170076345582,
    0.19815495131216604,
    0.19267990205598576,
    0.18753898054221785,
    0.18271428160987616,
    0.17819810027062527,
    0.17394981268330853,
    0.16994129866710894,
    0.16614799648635706,
    0.16254615551390728,
    0.15912108815067383,
    0.15587533522719765,
    0.15277641041975015,
    0.14982681102289733,
    0.14700236969898048,
    0.1442875119083521,
    0.1416745049127561,
    0.13917373707291958,
    0.1367768259841984,
    0.1344842353554903,
    0.13228135329506144,
    0.13016835790267295,
    0.1281388599577409,
    0.12618172768019315,
    0.12429293221353749,
    0.12247136631272099,
    0.12070625497936369,
    0.11899542601618172,
    0.11734777796816717,
    0.11573711072026494,
    0.11416415904851371,
    0.11262502328310631,
    0.11113208440045126,
    0.10968954702125405,
    0.1083002429271689,
    0.10696997758727342,
    0.10569350140625311,
    0.10446507582308825,
    0.10326671948205719,
    0.10211047965866694,
    0.10099332787216184,
    0.0999121234388495,
    0.09884814457473512,
    0.09781572436578703,
    0.09682296918230761,
    0.09586279129670437,
    0.09493140845281163,
    0.09402692031314609,
    0.09316019534502762,
    0.09232540306400819,
    0.091495149067915,
    0.09066647253580624,
    0.08984305148815942,
    0.08902328344547515,
    0.08819298497657566,
    0.08736715212349651,
    0.08656237355149249,
    0.08578754258890811,
    0.08503867302594223,
    0.0843148280229328,
    0.08361678075609676,
    0.08294160257976446,
    0.08228199320838293,
    0.08162990308401152,
    0.08096823937393073,
    0.0802923781553126,
    0.07962116614928881,
    0.07895561700576395,
    0.07829246641150997,
    0.07765197537983796,
    0.07704425868773866,
    0.07646814583352972,
    0.07592970624309882,
    0.0754249361816495,
    0.07495092795001122,
    0.07450554488107657,
    0.07409544516365617,
    0.07371637651713266,
    0.0733692124014257,
    0.07304826945225397,
    0.07274707409352368,
    0.07244416437590254,
    0.07213572089448618,
    0.07182456501405059,
    0.0715057275662854,
    0.07117399210839666,
    0.07084087912062237,
    0.07050791424715928,
    0.0701749043285676,
    0.06983809702650332,
    0.0694882063276058,
    0.06914275608594755,
    0.06879091152635274,
    0.0684185595498237,
    0.06803755354209187,
    0.06765564680819586,
    0.06728486177141438,
    0.06691757925529118,
    0.06654750092133052,
    0.06616287847912894,
    0.06577907096365204,
    0.06540208706407317,
    0.06504026040817296,
    0.06470626103118715,
    0.06439486189089268,
    0.06409006179133306,
    0.06378867422557766,
    0.06348158387075563,
    0.06317711864786306,
    0.06286427472628574,
    0.0625613681031205,
    0.062272855979654616,
    0.06199382646109223,
    0.06172385684868163,
    0.06145452552371109,
    0.061173383894523314,
    0.06089513876059066,
    0.0606265161985377,
    0.06037736831427559,
    0.06013167915676108,
    0.05989389022360283,
    0.059658208020926196,
    0.05941501278420677,
    0.059178143545434214,
    0.05895338098505585,
    0.05874278740630701,
    0.058554352785966136,
    0.05839441668435943,
    0.058270094712950804,
    0.058154520118533365,
    0.058039061269043686,
    0.057932899433020414,
    0.05781709421750743,
    0.05769881038240657,
    0.057581944926613754,
    0.05746906478547477,
    0.05734462462928166,
    0.05720938364918256,
    0.05707708573304553,
    0.05694303802908602,
    0.05680636428944024,
    0.0566563909194684,
    0.05651277760816041,
    0.056360674484424465,
    0.05620141374575787,
    0.05603434019698608,
    0.05586327046009674,
    0.05569285796440577,
    0.055527849958193216,
    0.055368861525255504,
    0.05520945268987491,
    0.05505859844809834,
    0.05489893568176181,
    0.05472241881772935,
    0.05453559365833397,
    0.05435391472075809,
    0.054184574695467266,
    0.05401035861820425,
    0.05383891481894297,
    0.05366977954588993,
    0.05351196343052641,
    0.05333721370120058,
    0.05314951473030517,
    0.052947213270107193,
    0.052735961745240735,
    0.05252580928851301,
    0.052310211863406154,
    0.05208720894793022,
    0.05185488902820371,
    0.05160304611338088,
    0.051338384842072295,
    0.051072804026177095,
    0.050809595160378446,
    0.05055104739623868,
    0.05029168603386566,
    0.05002695476301109,
    0.04976114506978412,
    0.04949228955526485,
    0.049225679194765865,
    0.048967920180793656,
    0.04871228008942259,
    0.04845808889282143,
    0.04819609856151637,
    0.047921459182696205,
    0.04762918379424559,
    0.047324245490007875,
    0.047009364155855556,
    0.046678261131991014,
    0.046345047218400236,
    0.0460152737275969,
    0.04568530092438071,
    0.04535409233892371,
    0.04502140921004859,
    0.044692123685075094,
    0.044363031180871586,
    0.0440447707898866,
    0.04373362454271524,
    0.04344082770884231,
    0.043172170122270655,
    0.042937291030579465,
    0.04272773545058229,
    0.042521459168778995,
    0.04230595380234478,
    0.042093622934443284,
    0.04188269309248564,
    0.04167330774887881,
    0.04146175745900995,
    0.04126782101409055,
    0.04109109830250088,
    0.04090697394417408,
    0.04072972823341198,
    0.04057200643280087,
    0.040429933929934964,
    0.04028636821101911,
    0.040135994161253394,
    0.039971748047438256,
    0.03978163482341755,
    0.03955368690394257,
    0.0392787015894947,
    0.0389684310025489,
    0.03863730162991068,
    0.03829931927915222,
    0.03796974470215915
  ],