{
  "x0": [
    0.18319820686538557,
    0.5463410337607265,
    0.27046075937388797,
    0.9864662951303237,
    0.9864662951303237,
    0.370617672987513
  ],
  "x": [
    0.19486270429420985,
    0.7928659371674289,
    0.012271358538361237,
    179.38840075318242,
    10.341296380849894,
    0.370617672987513
  ],
  "SSE": 0.018648707738699144,
  "a1": 0.19486270429420985,
  "a2": 0.7928659371674289,
  "a3": 0.012271358538361237,
  "a": 179.38840075318242,
  "b": 10.341296380849894,
  "c": 0.370617672987513,
  "exp_data": [
    1.0,
    0.9302645607500348,
    0.8616378696604959,
    0.795820182985101,
    0.7339868674459873,
    0.6767080781903292,
    0.6244336499402982,
    0.5774662123765184,
    0.5358685617689928,
    0.4994197785430416,
    0.46762285071242665,
    0.4398270964051665,
    0.4153859170705094,
    0.3937257662812848,
    0.3744127409462155,
    0.35709137801379975,
    0.3415046448379569,
    0.32739828290429607,
    0.31459971395448166,
    0.3029483436133416,
    0.29231842339131564,
    0.28257551495874206,
    0.2736331149537901,
    0.2653878142833097,
    0.2577507190500244,
    0.2506515952115871,
    0.24403681246570263,
    0.23787136456339592,
    0.23211310721640788,
    0.226745126433291,
    0.22174064102065716,
    0.21705789607462755,
    0.21266186270745255,
    0.2085277578574905,
    0.20464822274700775,
    0.2009886559713746,
    0.1975357843114973,
    0.19428368410896807,
    0.1912083101173575,
    0.18830094190102215,
    0.18554285040569818,
    0.18290889910738312,
    0.18039214143671084,
    0.17797129045749535,
    0.17563013710803912,
    0.1733496278366091,
    0.1711259346687461,
    0.16895850203399734,
    0.16684940045405677,
    0.1647827246466209,
    0.1627691549848814,
    0.1608029360538923,
    0.1589081852113659,
    0.15708054831881157,
    0.15530618224715734,
    0.15357714850371654,
    0.15188458047801157,
    0.1502278449950109,
    0.1485955644148993,
    0.1469988084092524,
    0.14544044877086473,
    0.14391796524551964,
    0.14242670212064876,
    0.14095992543091965,
    0.13952008451437287,
    0.13810826112571578,
    0.13671986144449,
    0.1353506110625766,
    0.1339946373258208,
    0.13266291278509737,
    0.13135641554639643,
    0.13008942982040375,
    0.1288472807091784,
    0.12762996974482388,
    0.12642971140801681,
    0.12524802742700364,
    0.12407321646849832,
    0.12290711415029347,
    0.12175409468055633,
    0.12061409266142091,
    0.11950142714798345,
    0.1184118980083387,
    0.11734070950331882,
    0.116288203409791,
    0.11525374881738652,
    0.11423099996655718,
    0.1132153162914863,
    0.11221369184395986,
    0.1112280530094178,
    0.11025636769437946,
    0.10929568538997618,
    0.10834134162952498,
    0.10740523369641078,
    0.10648806818977422,
    0.10557544426267022,
    0.10466866973065522,
    0.1037569255988117,
    0.10285343078648279,
    0.10195600986618093,
    0.10106937689217915,
    0.10020443960987492,
    0.0993707408653796,
    0.09856619749822634,
    0.09780143579414767,
    0.09706929083833808,
    0.09637386529775438,
    0.09571020498176024,
    0.0950710139891903,
    0.09445527896259803,
    0.09384161551066297,
    0.09324836715195699,
    0.09267440070958315,
    0.09211145410560012,
    0.09156728783579458,
    0.09103914316486804,
    0.09052799927807692,
    0.09002344159768387,
    0.0895348700345622,
    0.08905057606814179,
    0.08857626100221772,
    0.08811796660095253,
    0.08767519082234443,
    0.08724319487402706,
    0.08682841296599199,
    0.08644112136421693,
    0.08608186256569103,
    0.08575488109669843,
    0.08545578464689792,
    0.08518035976615917,
    0.08492885441151336,
    0.08470507121190099,
    0.08449822359376305,
    0.08429955817314028,
    0.08411029908742586,
    0.08390698830963236,
    0.08369489625143359,
    0.0834753082648463,
    0.08325235580484347,
    0.08302095319242309,
    0.08278138163783476,
    0.0825192072344168,
    0.08225414828565772,
    0.0819783717323759,
    0.08170074510069136,
    0.08141541453712281,
    0.08113678400413969,
    0.0808676311624193,
    0.08060377113306097,
    0.08035579969935314,
    0.0801161946333143,
    0.07988784077998967,
    0.07966883921020235,
    0.07946399991567128,
    0.07926861537565873,
    0.07908245803501779,
    0.07889605465408965,
    0.07871484698312091,
    0.07853226545800605,
    0.07833047658021063,
    0.07810721656050038,
    0.077872723736516,
    0.0776180867830765,
    0.07735423249494551,
    0.0770762607740769,
    0.07679282971937888,
    0.07650053860756155,
    0.07620028598226827,
    0.07589249226473396,
    0.07557286818814735,
    0.07525004870356133,
    0.07492439576262837,
    0.07460341736976553,
    0.07427951036775239,
    0.07396129781949995,
    0.07364842397143596,
    0.073353291411098,
    0.07307720776168733,
    0.07281257511501188,
    0.07257252783082548,
    0.07235472196322892,
    0.07216136702528443,
    0.07198622269931745,
    0.07183073788777514,
    0.0717038079231129,
    0.0715965837182562,
    0.07150555904852654,
    0.07141736875787091,
    0.07133746913551796,
    0.07126389791853241,
    0.07118435466229588,
    0.0710972648445274,
    0.07100820799421258,
    0.07091818566755557,
    0.07082928850951575,
    0.0707231145757812,
    0.07059934256842322,
    0.07046629907596934,
    0.07032468121630883,
    0.07017187896810838,
    0.07000379651545005,
    0.06981837237459351,
    0.06961766304563491,
    0.06940703852663416,
    0.06918746759418389,
    0.06895830572672391,
    0.06871408690676054,
    0.06847629705034282,
    0.06824171153031042,
    0.06801641219899164,
    0.06779233743330323,
    0.06757507188971917,
    0.06737196985562398,
    0.0671777752662839,
    0.06698798720470925,
    0.06680952823938117,
    0.0666305316938701,
    0.06645380414093392,
    0.06627724439429715,
    0.06609647515389974,
    0.06591265675062963,
    0.0657255443169636,
    0.06552942156624621,
    0.0653302067059888,
    0.06513121046857297,
    0.06493105662279901,
    0.06472454277126845,
    0.06450772534954619,
    0.06428349157404842,
    0.06404711540862408,
    0.06379741021502826,
    0.06354492491396796,
    0.0632831889814901,
    0.06302536710684857,
    0.06277316050299073,
    0.06252974932454279,
    0.062302687270381255,
    0.06208842088624867,
    0.061895411390839164,
    0.06171873557701573,
    0.061563005967156276,
    0.06142414821571837,
    0.06129662728053788,
    0.06118986893633773,
    0.06110709482998854,
    0.06104369996276923,
    0.060991577009975394,
    0.06095902458010838,
    0.06094864931137677,
    0.06096652256669298,
    0.0609937754555903
  ],