{
  "success": true,
  "x0": [
    0.44181889786490536,
    0.2335798354918111,
    0.32460126664328365,
    0.7584583111987353,
    0.25446322310523317,
    0.19901811932424676
  ],
  "x": [
    0.38247342401773726,
    0.6175265759822629,
    2.134523027080837e-18,
    22.29632858551031,
    7.0234874796223625,
    0.19901811932424676
  ],
  "SSE": 0.00025344670628730707,
  "exp_data": [
    1.0,
    0.9103225597319986,
    0.8226897692738637,
    0.741178373362398,
    0.6687492727517743,
    0.6058462256497221,
    0.5514050262889101,
    0.5038893513102818,
    0.46196412891708555,
    0.4247050066171754,
    0.39147271193942074,
    0.36172610946534767,
    0.33497358931949256,
    0.3108311338223532,
    0.2889871468426901,
    0.2691551893074941,
    0.2511012840367407,
    0.23462900297535474,
    0.21956325247090575,
    0.20575230021002994,
    0.1930584648470979,
    0.18136745510665253,
    0.17057624942794147,
    0.16059033371878983,
    0.15134145259819143,
    0.1427706283425262,
    0.13481236941727137,
    0.12741841984153224,
    0.12054033536448011,
    0.1141316762181351,
    0.10814612951833628,
    0.10254431398352977,
    0.09729438116999574,
    0.0923655916106467,
    0.08773496268814458,
    0.0833784164874926,
    0.079274094119909,
    0.07540288939155233,
    0.0717492965782689,
    0.0682957539290375,
    0.06503085574340199,
    0.06194670290768002,
    0.05903321421984277,
    0.05627548384097727,
    0.05366510676733505,
    0.05119143869897877,
    0.048845941645121876,
    0.04662338248023681,
    0.04451852561277111,
    0.04252125249440365,
    0.04062563033689915,
    0.038821942436588264,
    0.03710416926212348,
    0.0354680958086223,
    0.033909691121641994,
    0.03242522558015132,
    0.03100944078959717,
    0.029658775615706706,
    0.02836903870679479,
    0.02713994681937459,
    0.025966586735648764,
    0.024847255367296827,
    0.023779623922663036,
    0.02275954527621622,
    0.021786228301404875,
    0.020859113986596334,
    0.01997344039430788,
    0.01912553805099449,
    0.018314669957241275,
    0.01754114109182016,
    0.01680168203734757,
    0.01609441240566916,
    0.015414521654115618,
    0.01476215369764252,
    0.014136674280496966,
    0.013536108200442758,
    0.012958947776271833,
    0.012405665864998094,
    0.011874511194900583,
    0.01136876014863303,
    0.010886985899975913,
    0.010426597615807777,
    0.009984551324588049,
    0.009559157337341853,
    0.009149796117632976,
    0.008754631472648444,
    0.008373155612508081,
    0.008007206387912857,
    0.0076578567522044205,
    0.007323814559541486,
    0.007004315489211056,
    0.006698609533679097,
    0.006407097348076898,
    0.0061299915442623535,
    0.005865746141607384,
    0.005614414975318065,
    0.005376743354069914,
    0.005150279261667423,
    0.004934968085818674,
    0.004729316528553369,
    0.004532797066726192,
    0.004344671796454808,
    0.0041649647469121625,
    0.00399425675173495,
    0.003833548799384409,
    0.0036826430007472215,
    0.003540311320019298,
    0.003406683203035411,
    0.003279563652688471,
    0.0031580790509633944,
    0.003042438310561491,
    0.0029316414939781765,
    0.0028247374547224124,
    0.0027236696084023074,
    0.002628911986946933,
    0.002539444541158725,
    0.00245441943579018,
    0.002372879754278432,
    0.002294200223710319,
    0.0022186011736275157,
    0.002145967785433134,
    0.002075919270260241,
    0.002008498609141878,
    0.0019430040356454915,
    0.0018800980557401247,
    0.0018194506029650431,
    0.0017606591694212463,
    0.0017032484516978697,
    0.0016477037194558733,
    0.0015934595660358293,
    0.0015407876834685958,
    0.0014897820771739784,
    0.001440572907691042,
    0.0013932908474917835,
    0.001348264292528577,
    0.0013053563432746749,
    0.0012645912312480012,
    0.0012258853965250603,
    0.0011886689771303395,
    0.0011524959737429852,
    0.0011177121429520882,
    0.0010839064082867583,
    0.001051226243782501,
    0.0010200005925093993,
    0.0009898716658946242,
    0.0009608064891000449,
    0.0009328263830345109,
    0.0009060072350183822,
    0.0008802616280471997,
    0.0008551742543761614,
    0.0008309474530748096,
    0.0008072556112833409,
    0.0007843376058870121,
    0.0007620678771162131,
    0.0007403569371379636,
    0.0007193346160685672,
    0.0006988014184215947,
    0.0006787588219166403,
    0.0006591715865493462,
    0.0006400043300803112,
    0.000621589505939028,
    0.0006035794633616638,
    0.0005860123037954688,
    0.0005690001025233588,
    0.0005526923366342243,
    0.0005369247206765444,
    0.0005216803903246504,
    0.000506720053216162,
    0.000492063125767756,
    0.0004777291035678751,
    0.00046360745504813773,
    0.0004497546479806231,
    0.000436078383599822,
    0.00042267242275208976,
    0.00040944428202772996,
    0.00039637582657803304,
    0.00038361715763019356,
    0.0003709820263993787,
    0.0003585457727871236,
    0.00034630901124544045,
    0.00033442258508807745,
    0.0003230755556439677,
    0.00031234486295827503,
    0.00030185568816953727,
    0.00029153335714076695,
    0.00028130288620965046,
    0.0002711834564118756,
    0.0002610808397260001,
    0.00025105189193465116,
    0.00024124847624994454,
    0.0002317851408499494,
    0.0002225679811741871,
    0.00021357875462268264,
    0.00020479914233608693,
    0.00019615358895851275,
    0.00018762344237495366,
    0.0001793236248865678,
    0.00017123574829306762,
    0.0001634178805029344,
    0.0001557367990465186,
    0.00014821210950382964,
    0.0001409978568826862,
    0.00013405659543348365,
    0.00012738918996310804,
    0.0001209965089351952,
    0.00011476377406623513,
    0.0001086336071883357,
    0.00010264496650741063,
    9.67789662883894e-05,
    9.109406853765761e-05,
    8.56102288401452e-05,
    8.042508072578613e-05,
    7.548132275580307e-05,
    7.081860706823035e-05,
    6.634053239520143e-05,
    6.202820994953644e-05,
    5.797968252326356e-05,
    5.4078660438900074e-05,
    5.026698670828574e-05,
    4.666233877678746e-05,
    4.326538446858455e-05,
    3.995915222834001e-05,
    3.678319168223707e-05,
    3.381652180036145e-05,
    3.102047949915628e-05,
    2.8316850849964836e-05,
    2.5627083332701746e-05,
    2.3188035981205834e-05,
    2.096101278430911e-05,
    1.8828040256487014e-05,
    1.6888419333337386e-05,
    1.520224238244381e-05,
    1.3552075812890503e-05,
    1.199762830332651e-05,
    1.0519328034842022e-05,
    9.057703550196593e-06,
    7.67259604788298e-06,
    6.3044050052170755e-06,
    4.993131114980254e-06,
    3.778950709575154e-06,
    2.7022167149604176e-06,
    1.7233058737170086e-06,
    1.0030254563910205e-06,
    5.823961697597538e-07,
    3.417814779731691e-07,
    2.2139708860024326e-07,
    1.208956357633777e-07,
    6.051475832517501e-08,
    2.0193948169563812e-08,
    0.0
  ],