{
  "x0": [
    0.29403613480596835,
    0.5524390788464679,
    0.1535247863475637,
    0.30328824838697643,
    0.30328824838697643,
    0.4001422212959374
  ],
  "x": [
    0.5953176591864154,
    0.4097756946602457,
    0.0,
    6.834339374179302,
    19.52213796146298,
    0.4001422212959374
  ],
  "SSE": 0.0003839507702701188,
  "exp_data": [
    1.0,
    0.9089977991847605,
    0.8200576783772405,
    0.7373313521384753,
    0.6638093199996937,
    0.5999441070950565,
    0.544678792632771,
    0.4964814792926261,
    0.4539895410451478,
    0.41625672161447647,
    0.3825692002060003,
    0.3523847386227993,
    0.3252587506788143,
    0.3008001154316731,
    0.2786476176332627,
    0.25850947831283133,
    0.24016078573529226,
    0.2234003029186522,
    0.20805782921770333,
    0.1939823069728101,
    0.18104635517275441,
    0.16912030225939986,
    0.15810615136340422,
    0.14792833051890827,
    0.13851313462020334,
    0.12979334817092533,
    0.12169887498291623,
    0.11418410453343317,
    0.10720811776645511,
    0.10072102650026482,
    0.09468369334646429,
    0.08906846341821,
    0.0838385242906798,
    0.07896104108225195,
    0.07440596647421731,
    0.07014950016425893,
    0.0661730867961855,
    0.0624529327899161,
    0.05897200596065257,
    0.0557118684044264,
    0.05266256531034693,
    0.04980466178541368,
    0.04712511348964725,
    0.04461413626919642,
    0.04225968724161878,
    0.040052795427238636,
    0.03798417685912868,
    0.036046429526324565,
    0.03423053776768552,
    0.03252667559969279,
    0.03092453421394001,
    0.02941746330693267,
    0.02800086199829314,
    0.026667356313794188,
    0.025409013543766526,
    0.024222646145296737,
    0.023103206786841652,
    0.02204646291982533,
    0.021045931324921642,
    0.020097726228324536,
    0.019197997729377594,
    0.018343149407193303,
    0.017530341735805338,
    0.016755970671754043,
    0.01602059525119013,
    0.015321922617141102,
    0.014661852314979951,
    0.014039515776234347,
    0.013453165826812438,
    0.012899650270513359,
    0.01237502941471116,
    0.011877121500219806,
    0.011404649109073605,
    0.010955027803604238,
    0.01052762723122976,
    0.010120730269399558,
    0.009734546829950777,
    0.009367080764275781,
    0.009016957162834554,
    0.008684241611370023,
    0.008367774262448897,
    0.00806712361581407,
    0.007779929318695732,
    0.007505204934830069,
    0.007242695075593447,
    0.006990860650727203,
    0.006748687482437077,
    0.006516922524010996,
    0.006294188750363515,
    0.006078709087616657,
    0.005871208606491507,
    0.005670884304452478,
    0.0054771367397372685,
    0.005289795019106426,
    0.005108894589977667,
    0.004934522830215218,
    0.004766404532974707,
    0.004604107762727756,
    0.0044477010645396714,
    0.004296629326248623,
    0.004150300625856309,
    0.004008207604776684,
    0.003870762143457324,
    0.003737507832386284,
    0.003608352208651421,
    0.003482261204810672,
    0.003358981918305153,
    0.003238749468406126,
    0.003121345377433871,
    0.003006777796281396,
    0.0028951775077615586,
    0.002786623204509633,
    0.0026815272965683727,
    0.0025797241385848314,
    0.0024809243717048785,
    0.0023846087320658375,
    0.0022911191309723466,
    0.0022002874451850095,
    0.0021129333075403187,
    0.0020281128051043147,
    0.0019451613098126676,
    0.001863712537149782,
    0.0017839303418367351,
    0.0017062629938674127,
    0.0016300065428045737,
    0.001555413907561302,
    0.0014822942942704553,
    0.001410758855150595,
    0.0013411330515376632,
    0.0012735116959838426,
    0.0012085078486696026,
    0.001146307968816335,
    0.0010861509261530216,
    0.0010283293141795623,
    0.0009725273231802701,
    0.0009186791394579449,
    0.0008668444338638685,
    0.0008169932069425981,
    0.0007685733709727699,
    0.0007215351231316441,
    0.0006760809477036475,
    0.0006318364526504835,
    0.0005889317308613436,
    0.0005478953351143806,
    0.0005089139000056255,
    0.00047168544629291724,
    0.00043670505603401756,
    0.00040408841601242447,
    0.0003735153887923642,
    0.0003447191479040008,
    0.00031735893980390625,
    0.0002912567451481089,
    0.00026623383108558305,
    0.0002424030637111471,
    0.0002195485766956725,
    0.00019772823301547762,
    0.0001771650525322434,
    0.00015755099644410188,
    0.00013879712590029073,
    0.00012143907549778446,
    0.00010562826644448079,
    9.133255702452932e-05,
    7.839062215185201e-05,
    6.64190246824981e-05,
    5.530987552200222e-05,
    4.519524771368894e-05,
    3.6355840130687695e-05,
    2.8573185184270627e-05,
    2.177631595430264e-05,
    1.593111161868308e-05,
    1.1096245465889636e-05,
    7.795772038152572e-06,
    5.3080353346100334e-06,
    3.598243464158552e-06,
    2.295530639597187e-06,
    1.270375462958299e-06,
    5.984375291801395e-07,
    2.8080589449016046e-07,
    7.49586094819561e-08,
    1.8758950879868034e-08,
    0.0,
    0.0,
    0.0,
    0.0,
    0.0,
    0.0,
    0.0,
    0.0,
    0.0,
    0.0,
    0.0,
    0.0,
    0.0,
    0.0,
    0.0,
    0.0,
    0.0,
    0.0,
    0.0,
    0.0,
    0.0,
    0.0,
    0.0,
    0.0,
    0.0,
    0.0,
    0.0,
    0.0,
    0.0,
    0.0,
    0.0,
    0.0,
    0.0,
    0.0,
    0.0,
    0.0,
    0.0,
    0.0,
    0.0,
    0.0,
    0.0,
    0.0,
    0.0,
    0.0,
    0.0,
    0.0,
    0.0,
    0.0,
    0.0,
    0.0,
    0.0,
    0.0,
    0.0,
    0.0,
    0.0,
    0.0,
    0.0,
    0.0,
    0.0,
    0.0,
    0.0,
    0.0,
    0.0,
    0.0,
    0.0,
    0.0,
    0.0,
    0.0,
    0.0,
    0.0
  ],