{
  "x0": [
    0.23604562630196452,
    0.316374487346417,
    0.4475798863516186,
    0.8546617332912296,
    0.8546617332912296,
    0.44015092742827117
  ],
  "x": [
    0.803383959595496,
    0.16256321777264607,
    0.034052846739667936,
    9.519269562351367,
    133.5017792005073,
    0.44015092742827117
  ],
  "SSE": 0.012665226677638104,
  "exp_data": [
    1.0,
    0.9129131326996373,
    0.8281736938468266,
    0.749549825834491,
    0.6796434745898079,
    0.6188967601322055,
    0.5665572252938953,
    0.5213584440269944,
    0.48202959884115015,
    0.44760077762308587,
    0.4173305562957643,
    0.39062518023617265,
    0.36696280809689363,
    0.34588964397242306,
    0.327032281578902,
    0.31008526080372095,
    0.2948052002625661,
    0.2809732928186613,
    0.26841778112487324,
    0.25697745736266747,
    0.2465175240269443,
    0.23690897892323906,
    0.22805807321360475,
    0.2198744575159307,
    0.21228596463274793,
    0.20523969826801572,
    0.1986858651754886,
    0.1925954559411451,
    0.1869252883437661,
    0.18164903515939027,
    0.17672829593531195,
    0.17213771732206484,
    0.16784006427066253,
    0.16380772834474808,
    0.16001908133667136,
    0.1564429126908222,
    0.15306443005050474,
    0.14987245889822906,
    0.1468554142418416,
    0.14398289931490177,
    0.14124884457587455,
    0.1386337410957361,
    0.13612527602450727,
    0.13370915215383186,
    0.1313863874417152,
    0.12914926692652787,
    0.1269974782391533,
    0.12493092611451692,
    0.1229539468705349,
    0.12105453535791075,
    0.11923837968463608,
    0.11748806934673836,
    0.1158029304038668,
    0.11415765827384766,
    0.11254930459073431,
    0.11097379949188003,
    0.1094322868941586,
    0.10793238281157648,
    0.10647243807163652,
    0.105064459546127,
    0.10370205224480332,
    0.10237641275620848,
    0.10109384316191741,
    0.09984746337103272,
    0.0986333894330141,
    0.09746165922404737,
    0.09633410214669307,
    0.0952507352797943,
    0.09420145912135557,
    0.09317069876000394,
    0.09215476351538184,
    0.09116752038061365,
    0.0901996354304735,
    0.08925980871468386,
    0.0883400353568738,
    0.0874415852082601,
    0.08654980784834805,
    0.08565335741609789,
    0.08475527586576709,
    0.08386479734292716,
    0.08297818975912091,
    0.08208530134071428,
    0.08119297100949065,
    0.0803100402939214,
    0.07944380321726031,
    0.07860426969057464,
    0.07779447393622865,
    0.07701750330845185,
    0.07627584241611073,
    0.07555569196937113,
    0.07484490975552055,
    0.07412961488014512,
    0.07341255471370055,
    0.07269479699469356,
    0.07197241060263616,
    0.07124031468617698,
    0.07051164365778971,
    0.06978904820042056,
    0.06908560023857657,
    0.06840744192274974,
    0.0677522805874207,
    0.0671272956066245,
    0.06652857796396806,
    0.0659615755458724,
    0.0654194936031293,
    0.06490140953777315,
    0.06441049893864904,
    0.06394483572577934,
    0.06349375049755794,
    0.06304998311957238,
    0.06260950420419034,
    0.06216945773404222,
    0.06172353475824003,
    0.06129103364924965,
    0.06087973421772661,
    0.060484526181796984,
    0.06009490671078013,
    0.05971668700857023,
    0.059348470015874316,
    0.05898387649726168,
    0.05861169305886478,
    0.05823291948276564,
    0.05785080243600021,
    0.05747935218310114,
    0.057119600115346156,
    0.0567686263793011,
    0.05643724532805515,
    0.056133359924367576,
    0.05585490008676134,
    0.055602430664416544,
    0.05538371036885159,
    0.05518238970564442,
    0.054994207685682,
    0.054821302145767005,
    0.05465235828980784,
    0.05448574644510477,
    0.054317156729453524,
    0.054149140892622676,
    0.05398582564474771,
    0.053829818929402945,
    0.053674575783510335,
    0.05351341229170223,
    0.05333310744213998,
    0.053140429486534004,
    0.05293208606554588,
    0.05272194765274151,
    0.05250503709783624,
    0.05228495302096842,
    0.0520678055852395,
    0.051851141889575396,
    0.051644718687005924,
    0.05144838918308922,
    0.05126199964772697,
    0.05109097425857342,
    0.05093161322268887,
    0.050777648929629694,
    0.05061250276945377,
    0.05043698302325605,
    0.05025329331330156,
    0.050057458564073884,
    0.04986038357421509,
    0.04966089245430257,
    0.04945559256942434,
    0.04923347856872547,
    0.049002806243693145,
    0.04877451451588889,
    0.04853610236044461,
    0.04829782377407156,
    0.048050480431536334,
    0.04780592604436563,
    0.047560807927715304,
    0.04731622433774074,
    0.04707887424370546,
    0.04684894195039318,
    0.046622562520383874,
    0.046397713312825044,
    0.046176805412876734,
    0.045957292388452975,
    0.04574024083040681,
    0.04550780269811164,
    0.045259244698849094,
    0.04500004745365144,
    0.04474126355988597,
    0.044498406564850476,
    0.044270863616502044,
    0.04406852886975018,
    0.04388323395020765,
    0.043728102422420825,
    0.043591527098684885,
    0.04346892535888744,
    0.04335335300209406,
    0.043239633541186664,
    0.04312631145375208,
    0.04300492197900867,
    0.04287684454738659,
    0.04273517299063858,
    0.042577181978107996,
    0.042412996726938136,
    0.04224239809735646,
    0.042067137684042744,
    0.04188941454561679,
    0.04171875285187318,
    0.0415476241990877,
    0.041376308051681646,
    0.04120943089391149,
    0.041036650230651235,
    0.040869737462322024,
    0.04069796995880274,
    0.04051618790899848,
    0.04031250470865647,
    0.04009108925907647,
    0.03986104614572727,
    0.039623279732578974,
    0.03937661600270111,
    0.039126508314442664,
    0.03887733580835759,
    0.03862461164578785,
    0.038378834565992254,
    0.038135765341288375,
    0.03788983334018599,
    0.03764929156859533,
    0.037408368320887744,
    0.037168625538465776,
    0.036922030900072414,
    0.036685151228036554,
    0.0364553814622974,
    0.03624182841025914,
    0.03605319224604218,
    0.03587561377636952,
    0.035698585089794274,
    0.03553270468256256,
    0.03536152792854703,
    0.03519197246999399,
    0.03502983940067361,
    0.03487940607132715,
    0.03472262085267005,
    0.034559878734885176,
    0.034400235360059886,
    0.03425011193729862,
    0.034113113900410184,
    0.03397370555211651,
    0.03382764889445184,
    0.03368547034564746,
    0.03354494082523603,
    0.03340433880786158,
    0.033256216509885604,
    0.033103379929348246,
    0.032947363735473675,
    0.03279646538573316,
    0.032650561307761866
  ],