{
  "x0": [
    0.19830033233253627,
    0.12373024736174704,
    0.6779694203057167,
    0.176710393224189,
    0.1548728320877005,
    0.21447916614965712
  ],
  "x": [
    0.17888874072887098,
    0.8186555439899702,
    0.002455596572409937,
    133.1260470862354,
    9.777311121912275,
    0.21447916614965712
  ],
  "SSE": 0.01642397615437926,
  "exp_data": [
    1.0,
    0.9272443065008703,
    0.8556463248119436,
    0.7869806313550423,
    0.7224742320895579,
    0.662723824157816,
    0.6082007291470577,
    0.5592228115251356,
    0.5158603851084916,
    0.4778887928856855,
    0.44479223098502785,
    0.41589634835436123,
    0.3905264943556579,
    0.36808538747381386,
    0.34811416440264265,
    0.3302393102625289,
    0.3141912678722729,
    0.29970172565846315,
    0.2865867229644361,
    0.2746789888901874,
    0.2638431351208266,
    0.2539378904502467,
    0.24486991890274598,
    0.23652462709113284,
    0.22881185792583592,
    0.22165907337868648,
    0.21501175409872553,
    0.20883016285102904,
    0.20306957662021355,
    0.1977071342010801,
    0.1927151248148759,
    0.1880529335412337,
    0.18368984600237676,
    0.17959852555428676,
    0.17576953672381024,
    0.17216632759365394,
    0.16877077529901846,
    0.1655778732993825,
    0.1625607221274514,
    0.15970585565110398,
    0.15699523938065924,
    0.15440354238261755,
    0.15192486065501576,
    0.14953568988628654,
    0.14722091172621887,
    0.14496597222699342,
    0.14277106842090498,
    0.14063738012057733,
    0.1385646428529183,
    0.13653709123525376,
    0.1345665790500437,
    0.13263894428015993,
    0.13078334636717992,
    0.12899549553661943,
    0.12725967712135544,
    0.1255671131544605,
    0.1239159419596949,
    0.12230778980597971,
    0.12072660769578555,
    0.11918344359060352,
    0.11768171472217931,
    0.11621612551379945,
    0.1147811338518371,
    0.11336575755163879,
    0.11197304311579724,
    0.11061752063928841,
    0.10929119363156635,
    0.10798324603082625,
    0.10668909200145357,
    0.10541543259252925,
    0.10416165608011603,
    0.10294555348388151,
    0.10175272115428977,
    0.10058020658907882,
    0.09941732820999884,
    0.0982679136756694,
    0.09712327723286449,
    0.09598468971712312,
    0.09485020030860607,
    0.09371889779808862,
    0.09260904901057344,
    0.09151726537472016,
    0.09043331278847613,
    0.08936307293390455,
    0.08830332201780292,
    0.08725528513288218,
    0.08622596099871534,
    0.08521863826283894,
    0.08423674322008798,
    0.08327219814972425,
    0.08232247050242601,
    0.0813804780590271,
    0.0804565888860546,
    0.07954911039869636,
    0.07864146086285989,
    0.07772656063856896,
    0.0768021353127252,
    0.0758835160230489,
    0.07498144962877185,
    0.07409641733895313,
    0.07324099225446841,
    0.07242426277136749,
    0.07164327510982188,
    0.07091653654188691,
    0.07022975901661059,
    0.06957954745555085,
    0.06896038223512316,
    0.06836737849640741,
    0.06779096374026909,
    0.06720845784447073,
    0.06664114946077813,
    0.06609495372246067,
    0.06555750043123522,
    0.0650381610268666,
    0.06453188847809462,
    0.06404156664476796,
    0.06356180163624627,
    0.0631072679180582,
    0.06266129999420948,
    0.062230742788289814,
    0.06180986623417491,
    0.06139747965049712,
    0.06099177767759516,
    0.06059855315895918,
    0.06023279003898518,
    0.059885558093810666,
    0.0595642050778869,
    0.05926553740556266,
    0.058989361341366,
    0.05874024730921411,
    0.058524777195775125,
    0.058329846208896564,
    0.05815099726545821,
    0.05798297093289275,
    0.05780064153223923,
    0.057608010954223667,
    0.05740712902342118,
    0.057201967173920114,
    0.05699101043879189,
    0.05677679802363441,
    0.05654646915009945,
    0.0563177178349381,
    0.05608131079806918,
    0.055842641419223155,
    0.0555903308758279,
    0.05534765360040069,
    0.05511677725541529,
    0.05488843416386075,
    0.05467552872428928,
    0.05447691115784926,
    0.05429545589953193,
    0.05412725773342714,
    0.05397336573219557,
    0.053830906607760874,
    0.05369815942221159,
    0.05355796405956332,
    0.053417218954045644,
    0.05327245850313515,
    0.05310830657632991,
    0.05293105186672126,
    0.05275169224966171,
    0.05256061373923886,
    0.05237403403143921,
    0.05218191614014118,
    0.05199318619592064,
    0.05179986711885301,
    0.05159396871471227,
    0.051370290818849966,
    0.05112121241513892,
    0.05085169252039596,
    0.05057316781778105,
    0.05029749053651358,
    0.05001201961921275,
    0.04972843462327679,
    0.04945509446555294,
    0.04920489480287184,
    0.04898124331204801,
    0.04876992502650863,
    0.048586579925366205,
    0.04842372030061581,
    0.04828605271437275,
    0.04816010340641353,
    0.04804039208468285,
    0.047946393940801135,
    0.04787169683614127,
    0.047821736988313525,
    0.04778032772526902,
    0.04775525114336177,
    0.04773679945018859,
    0.04771113100844485,
    0.0476776689872727,
    0.04764187812231165,
    0.047611110643344806,
    0.04758707020357127,
    0.0475502174805857,
    0.04748447338788541,
    0.04739821314101889,
    0.04730070457437725,
    0.04718959664827081,
    0.04705977078006169,
    0.046910387703033504,
    0.046742827400823736,
    0.04655779410765308,
    0.04635952689601621,
    0.04614848601338727,
    0.04591998552661888,
    0.04569371863806008,
    0.045468080251229476,
    0.045254410111989087,
    0.04504173990454461,
    0.04483836172678609,
    0.044654970889654144,
    0.0444753220574284,
    0.04430451788594972,
    0.044151235904662106,
    0.04400530888118009,
    0.043867106333776905,
    0.04373443293066637,
    0.043602412778191615,
    0.04347733496424902,
    0.043357954961168,
    0.043228601242819235,
    0.043095364569360924,
    0.042954132302383465,
    0.04280966028066325,
    0.04266473207419932,
    0.04251348462948441,
    0.04235305609722539,
    0.04217983019705079,
    0.04199238277149134,
    0.041800747740934806,
    0.04159804606736684,
    0.041403224718634196,
    0.04122055787912765,
    0.041046558443639636,
    0.040883788674509654,
    0.040723906278110976,
    0.04058305214600831,
    0.04046399775112248,
    0.04037121642861635,
    0.04029255715880323,
    0.04023182968470244,
    0.04018557712433038,
    0.040157053073550115,
    0.04014172259387597,
    0.04012556028362019,
    0.04012363611400026,
    0.04013919626141992,
    0.04017729212474303,
    0.04022414133743637
  ],