{
  "success": true,
  "x0": [
    0.45205297001636413,
    0.306269388719003,
    0.24167764126463298,
    0.7716559832868772,
    0.7706559832868772,
    0.6666641712427251
  ],
  "x": [
    0.06348342159474596,
    0.8139831749811438,
    0.12253340342411023,
    350.2380482189077,
    2.75021202274244,
    0.6666641712427251
  ],
  "SSE": 0.016317642613046062,
  "exp_data": [
    1.0,
    0.6693243243480725,
    0.42110510976164023,
    0.29681320471412326,
    0.2316124019550256,
    0.19223778344938977,
    0.1660015027166422,
    0.14719593339920736,
    0.13308788303766583,
    0.12213246740908908,
    0.11324901342691655,
    0.10581531121970116,
    0.09946333357269728,
    0.09399632065840076,
    0.089282225877807,
    0.08516694677416485,
    0.08161073702718807,
    0.07846721973627328,
    0.07572631774247798,
    0.07332267109913836,
    0.07118217408788861,
    0.06926564246340873,
    0.06757195452821456,
    0.0660551888391183,
    0.06466260860656645,
    0.06336190485753769,
    0.06215330366438932,
    0.06112873462831112,
    0.06017555389085344,
    0.05930423454022364,
    0.058441256514406736,
    0.05766152457514375,
    0.056927912553238945,
    0.05626651971040363,
    0.05569132063646106,
    0.055099134939699965,
    0.05453489726521051,
    0.053987418074253016,
    0.053463807600405214,
    0.052967414128748475,
    0.05253061679186751,
    0.05211598237547465,
    0.0517369554719615,
    0.05134741502088755,
    0.05099741598215291,
    0.05066434363782308,
    0.050355662397550814,
    0.05008243483222572,
    0.049852745993261595,
    0.049606589687172735,
    0.04935017278156623,
    0.04908349664530827,
    0.048851904448864024,
    0.04857730287249384,
    0.04831727297493846,
    0.048113811972685,
    0.0479360381520799,
    0.04772623378891997,
    0.04752761536944606,
    0.04734580676738361,
    0.04713936601071231,
    0.04693601487918456,
    0.04675086636501398,
    0.04656596133249075,
    0.046395748966614095,
    0.04627214939734244,
    0.0461333998499052,
    0.04598419843418896,
    0.0458567526206561,
    0.04572383434131311,
    0.045560008008956175,
    0.04544134996385449,
    0.04530747676919778,
    0.04519465925417432,
    0.04510381628891566,
    0.045003493879601626,
    0.04490000854958249,
    0.0447648665979476,
    0.044623378699731715,
    0.044533788916516125,
    0.044457821194623534,
    0.04436372088351985,
    0.04425229358000783,
    0.04413784334347636,
    0.04403000309994758,
    0.04390048674428829,
    0.04374876788257902,
    0.043615716132687034,
    0.043502802953958995,
    0.043370668353872696,
    0.04325324979928739,
    0.04310202251228259,
    0.04298711866742254,
    0.04292953421440634,
    0.0428836015124418,
    0.04281276268818118,
    0.042746414884639955,
    0.042679797979050825,
    0.04259496761615711,
    0.042510160142289415,
    0.04241127219857048,
    0.04235784983551301,
    0.04231225329889976,
    0.042284208341123834,
    0.042270308272274175,
    0.04222790590878092,
    0.042199771728939045,
    0.04216253438939129,
    0.042124068810425325,
    0.04206882280763019,
    0.04204613962554782,
    0.04204052435286952,
    0.041981284950814046,
    0.04192188978497532,
    0.04190372455267706,
    0.04188470276650775,
    0.041827893709897264,
    0.04177441268998383,
    0.041745595363929695,
    0.0417093943315258,
    0.04160053656361801,
    0.04147297613409138,
    0.04134145106215281,
    0.04126289332811092,
    0.04120349333113893,
    0.041145636364011175,
    0.04108048818460656,
    0.041028331200999565,
    0.04097426092149919,
    0.04091287488287921,
    0.040870930107408894,
    0.04082432992288753,
    0.040801688960041736,
    0.04079996673885654,
    0.04077594374782728,
    0.04074360306880951,
    0.04072885941898877,
    0.040700445509338795,
    0.04068548119379837,
    0.040687199871952295,
    0.040688186723542526,
    0.04067860545974549,
    0.04066577016131472,
    0.04063453798811123,
    0.040558269863197716,
    0.0404991335091084,
    0.04045291388118659,
    0.040421023037201784,
    0.04039548066480933,
    0.04035771677650321,
    0.04033750561580557,
    0.04029028959005582,
    0.0402209803420329,
    0.040170940468731146,
    0.040127737104674134,
    0.040100703560177434,
    0.04008416114244841,
    0.040079214501425466,
    0.040063419884702106,
    0.040007879107414775,
    0.03998752351139315,
    0.039945395876587825,
    0.03991283396089913,
    0.0398625746025133,
    0.039768553822817375,
    0.03973221689472486,
    0.039675681932593306,
    0.03967781272207399,
    0.0396642212147213,
    0.03965593366096141,
    0.03964868343650419,
    0.0396155630719505,
    0.03961769830457053,
    0.03959929415879392,
    0.03954901821234489,
    0.039488075759270935,
    0.03943824535013943,
    0.03936867977295612,
    0.03933206550050547,
    0.03929536472897602,
    0.03930336733408241,
    0.039289829016013134,
    0.03928511251990671,
    0.03928858858401245,
    0.0392675842576068,
    0.039235562442748534,
    0.039176613696759295,
    0.03912888571306614,
    0.039050036471354,
    0.03896447182487544,
    0.038905387439846735,
    0.03884582072456412,
    0.03878400644884631,
    0.038742957356181426,
    0.03870022383799162,
    0.03864337070453883,
    0.03857568144539823,
    0.03852723990887921,
    0.03849467012515379,
    0.03847760344965313,
    0.038458427731566235,
    0.03845605212798529,
    0.03841346136605599,
    0.038355586489399865,
    0.03830392590242909,
    0.038244423240992996,
    0.03822821897339414,
    0.0382026448498387,
    0.038150911005598385,
    0.038100828478738274,
    0.03803595032538796,
    0.037998578385075366,
    0.03796514245473259,
    0.037949391982175645,
    0.037963203521614045,
    0.03792887431148909,
    0.03785113528486104,
    0.03775979145786842,
    0.03773125354866818,
    0.03768252893329181,
    0.03765758436522698,
    0.03764722898505907,
    0.037654884697119605,
    0.03762618417976403,
    0.03763290393260875,
    0.03760475750340254,
    0.03755532885838796,
    0.03753963005388016,
    0.03753942164317523,
    0.037527761292967955,
    0.03753611408323389,
    0.037460028053040974,
    0.03736607395783753,
    0.037345946657118434,
    0.03738804497536524,
    0.037442267648480944,
    0.03744986347747355,
    0.037432120860843736,
    0.037415849799623625,
    0.03741773574313961,
    0.037402134526380956,
    0.037351217420468714,
    0.03730950421926633,
    0.037281985168725496,
    0.03724637539951174,
    0.037242128800335624,
    0.03720877714641959,
    0.037181918507035706,
    0.037172825722827416,
    0.03714921204269701
  ],