{
  "x0": [
    0.5223739611949555,
    0.1195457908247886,
    0.35808024798025584,
    0.8380962266823015,
    0.4137409174239556,
    0.4748727955781608
  ],
  "x": [
    0.0616872866704952,
    0.7908180934587684,
    0.14749461987073642,
    444.46560304688546,
    2.645666429627842,
    0.4748727955781608
  ],
  "SSE": 0.017573218384407566,
  "a1": 0.0616872866704952,
  "a2": 0.7908180934587684,
  "a3": 0.14749461987073642,
  "a": 444.46560304688546,
  "b": 2.645666429627842,
  "c": 0.4748727955781608,
  "exp_data": [
    1.0,
    0.6461859032652512,
    0.3904903188853129,
    0.2740543456706938,
    0.216595570923519,
    0.182395723876476,
    0.1590228237762627,
    0.14164880200149035,
    0.12824277882012872,
    0.11771029800637405,
    0.10929810046659028,
    0.10233631211685824,
    0.09636647968626622,
    0.0912542384656465,
    0.08689692312894867,
    0.0831450542562475,
    0.07985343677247984,
    0.07690417527898848,
    0.07430020209635207,
    0.07200346702692449,
    0.06997538517632042,
    0.06813636961852136,
    0.06651706268380728,
    0.06506926185033714,
    0.06370318905725471,
    0.062419636222570164,
    0.06121468728727324,
    0.060144844616532626,
    0.05922940377770646,
    0.058422091179742286,
    0.057554962381964794,
    0.05679099023920678,
    0.056048956383212244,
    0.0554070193445907,
    0.0549138196132992,
    0.054365905611299725,
    0.053839874885431294,
    0.053308692714956675,
    0.052848444197670714,
    0.05237864900924316,
    0.051970718161411376,
    0.05162257731423587,
    0.05132762807040162,
    0.05103404170221576,
    0.05071762186585779,
    0.05044857649558251,
    0.050194221739197534,
    0.05000342198785523,
    0.04979759775675927,
    0.04956257373874871,
    0.049340095579300434,
    0.04912411632472302,
    0.0489645826360299,
    0.048763348194849385,
    0.048541479299182656,
    0.04835909850076076,
    0.0482236035612455,
    0.04807704939711592,
    0.04794450724542896,
    0.04783424254582179,
    0.047680529813966595,
    0.047506166914509276,
    0.047381782280431016,
    0.047258891509545535,
    0.0471351501020434,
    0.04709893354980962,
    0.0470404608733078,
    0.04690320686742939,
    0.04680747425418079,
    0.04672673693717433,
    0.046549738925873455,
    0.046414274160751855,
    0.04630943659798542,
    0.046257165428187516,
    0.04625697709129136,
    0.04620801374390232,
    0.04613665349357746,
    0.04600753857496332,
    0.04592233532892841,
    0.045911161856438135,
    0.04588234588184768,
    0.04578168529863893,
    0.04565426359635888,
    0.045495043083162864,
    0.04535127320187881,
    0.04529530033375693,
    0.04514187820090857,
    0.045015654704437046,
    0.04493376180669484,
    0.04485338818719616,
    0.044717336778011214,
    0.044518895055532935,
    0.04443515494832794,
    0.044369736184461196,
    0.04436891875564468,
    0.044284645352202036,
    0.044208605219224074,
    0.04408839126131541,
    0.04397712515559961,
    0.04396895695467001,
    0.043891773011969615,
    0.04384266539055578,
    0.04380480118492503,
    0.04374715990314684,
    0.04373246694007178,
    0.04369868310595615,
    0.0437102331296386,
    0.04371214730601156,
    0.04370545137657784,
    0.04371322639349125,
    0.043729491485138515,
    0.043724253406473665,
    0.0436607470281076,
    0.04357342503038539,
    0.043584912173692154,
    0.04361357842270002,
    0.04355196750333904,
    0.04355449711485795,
    0.043595418397469485,
    0.04363385119864171,
    0.04360628166379153,
    0.043497958776923695,
    0.043397967792517825,
    0.043337770422100894,
    0.04330942720976892,
    0.043256302202984064,
    0.04323078784462174,
    0.04314002003487021,
    0.04301189178298325,
    0.04289274620361858,
    0.04282977286465028,
    0.0427797931789491,
    0.042762128344581145,
    0.04278681033748281,
    0.042843096211025215,
    0.04288979123356085,
    0.04294609864117854,
    0.042932909102377355,
    0.04296091261505574,
    0.042981754238400144,
    0.04299429387139232,
    0.04299805885543288,
    0.042977488553391084,
    0.04291452382527921,
    0.0428354833894896,
    0.04274141152768147,
    0.04270374956292411,
    0.04273155055197126,
    0.042718324315371606,
    0.04264575667895491,
    0.04264552638590885,
    0.042674317645285086,
    0.04263810897527531,
    0.042621646269211354,
    0.04259237866242047,
    0.042645860604679335,
    0.04267661596536934,
    0.042724145352529615,
    0.042771965844391864,
    0.04278277491310741,
    0.04283192527678425,
    0.04284519993585076,
    0.04282997329169243,
    0.042804706095365457,
    0.042683249482398405,
    0.04262048083090054,
    0.04249580118545319,
    0.04243021795060619,
    0.042427396731785846,
    0.04248845098377893,
    0.04254040521285129,
    0.04255348471394442,
    0.04263307804898278,
    0.04271934442857059,
    0.04274951832571792,
    0.04272266552541892,
    0.042713392338296144,
    0.042719297491353135,
    0.04271847189889121,
    0.042656896043048814,
    0.04263683241607297,
    0.0426246906366151,
    0.04264787847429632,
    0.04266997907876446,
    0.04258741259517234,
    0.04251106531137108,
    0.042462692818371284,
    0.04240365896262623,
    0.042312283316392196,
    0.04219777113153584,
    0.042114364881342764,
    0.04205606823510557,
    0.04198396701351579,
    0.041911985005100974,
    0.041911145429985606,
    0.041879302600352775,
    0.041792364364404005,
    0.04178153799145226,
    0.04178808678513675,
    0.04179994550729573,
    0.041784606845923736,
    0.04182618745892691,
    0.04182003955048379,
    0.0417564658486454,
    0.0417596850173577,
    0.041724304241791424,
    0.0417197324289505,
    0.04170717352805339,
    0.04172025924767993,
    0.04172026616805674,
    0.041713712825746325,
    0.041719111011295495,
    0.04178912749111459,
    0.0418274207207647,
    0.04185217072878995,
    0.04174845050208896,
    0.04158460244466078,
    0.04142279088288539,
    0.04135115117786867,
    0.04125237728485838,
    0.04121723429609999,
    0.04123150491037919,
    0.04134461313044688,
    0.04131018731180682,
    0.04134590784193265,
    0.04131252591615656,
    0.04118389039332508,
    0.041112447639745815,
    0.04110776845268932,
    0.041037980906904935,
    0.04103464944632102,
    0.040914286500172675,
    0.04079928854664525,
    0.04079786881620873,
    0.04084695482745004,
    0.0408635090940502,
    0.040856679739044645,
    0.040818893025899694,
    0.040787820538109566,
    0.04078683959359299,
    0.04076087905124045,
    0.04069490324391764,
    0.040674757923088244,
    0.040618544347744985,
    0.04056302630775749,
    0.04060627761637724,
    0.04058487367567028,
    0.04058219336473185,
    0.04059618711166321,
    0.04058021909737642
  ],