{
  "x0": [
    0.27622679737196953,
    0.25733870623621724,
    0.4664344963918132,
    0.27981353429452493,
    0.17270527884366307,
    0.09386099717673621
  ],
  "x": [
    0.06565173873563088,
    0.8645503487578244,
    0.06979799889153858,
    349.6922276302687,
    2.996796613437803,
    0.09386099717673621
  ],
  "SSE": 0.015227622652455005,
  "exp_data": [
    1.0,
    0.7195778743799758,
    0.4882350475265631,
    0.34772249001172945,
    0.2661953166604704,
    0.21585317526889475,
    0.1833682983522637,
    0.16134043535970985,
    0.1455308984285247,
    0.13336154115079507,
    0.12335618382817484,
    0.11481791197961236,
    0.10749409105744473,
    0.10118537718868928,
    0.09573228125937654,
    0.09099662703442592,
    0.08698017015246515,
    0.08348494266231625,
    0.08047496292946772,
    0.07783182227315377,
    0.07552086551482928,
    0.07347071034247334,
    0.07165268369047988,
    0.06997896740593186,
    0.06844811088088329,
    0.0670338338630507,
    0.06581072870583872,
    0.0647352324515882,
    0.06372383023391995,
    0.06275782877263383,
    0.06184383574024263,
    0.060978989887742044,
    0.060151380753261666,
    0.05938726680134229,
    0.058693328028848635,
    0.057994611864644614,
    0.05734347629683498,
    0.0567391793275084,
    0.05618080208367822,
    0.05562734799614429,
    0.055151692430164406,
    0.05470123508039808,
    0.05429845218205887,
    0.05389415411415405,
    0.05353332140198618,
    0.05314746756653196,
    0.052791475463452135,
    0.05242002661303948,
    0.052118569934438544,
    0.05184709236767103,
    0.051606350748663224,
    0.05133173910383306,
    0.05108570834309599,
    0.05083705111108139,
    0.050614040086005334,
    0.0503548268262032,
    0.050103137450137274,
    0.049855861469572466,
    0.04966847701423529,
    0.04946766885462363,
    0.0492077550846706,
    0.04896731677197939,
    0.048757090545140915,
    0.048527082046621546,
    0.048290644610934866,
    0.04811117230911847,
    0.0479203784706141,
    0.047743482330476664,
    0.04757407712139869,
    0.04743368784232302,
    0.047308822938753096,
    0.0472125417826147,
    0.04707567934460663,
    0.0469518129767702,
    0.04681127322558463,
    0.04669945448476991,
    0.0466026687577379,
    0.04650762836546555,
    0.04638837672875326,
    0.046250000965617086,
    0.046117250486564065,
    0.04599358413219236,
    0.04588676642962957,
    0.04576725160562734,
    0.045638274947512776,
    0.045461672697076835,
    0.04530209534477727,
    0.04514431346929566,
    0.04499495962629207,
    0.04484465479017278,
    0.04471739769533303,
    0.04457465655403945,
    0.04447958659390955,
    0.044431528943432184,
    0.044348678743810446,
    0.04425003334095339,
    0.04412565362442443,
    0.04400165089194772,
    0.04386992398278296,
    0.043709469438454975,
    0.04358194865953279,
    0.043507615459671765,
    0.043476055146412194,
    0.04348933299972178,
    0.043471492113112284,
    0.043414070370273755,
    0.043334952651822925,
    0.04327905433125163,
    0.04324854922676764,
    0.043185389187113045,
    0.04315759144166416,
    0.043168831637977904,
    0.04317493019091561,
    0.043185087953854416,
    0.04317778217182291,
    0.043132748268408586,
    0.04310236524517753,
    0.043084081504388555,
    0.04302944037521304,
    0.04295455744459062,
    0.04282586508727839,
    0.04273642532321733,
    0.042601554364777125,
    0.04247028755284966,
    0.04233052024062106,
    0.042242862573340895,
    0.042184324581616965,
    0.0421288597359328,
    0.042073823398470406,
    0.041996859991206684,
    0.04196358524598296,
    0.04194215844477683,
    0.04197492272181978,
    0.04200632283992447,
    0.04193847933737521,
    0.04183268119696623,
    0.04173402951786449,
    0.04169940484115059,
    0.04167109240460324,
    0.04171205462314866,
    0.04169335253499598,
    0.04165515847177436,
    0.041609105350659106,
    0.0415595301563375,
    0.041459533606347576,
    0.04138089430515417,
    0.04129926848740665,
    0.04121100979405939,
    0.04117142309129459,
    0.04116514010979311,
    0.0411604265852501,
    0.041087188403114976,
    0.041037646052422466,
    0.041024208884080315,
    0.04101294901096395,
    0.04093676965664689,
    0.040886519321900724,
    0.040870567355643886,
    0.04083258175735426,
    0.04075245949691626,
    0.04073276903615116,
    0.040709284549247084,
    0.0406751320682811,
    0.040624391110230786,
    0.040567129286467336,
    0.04053744847809392,
    0.04054822912620872,
    0.04060370028179678,
    0.04064610034096574,
    0.04062572587664852,
    0.04062184826380695,
    0.04055955738887161,
    0.04047921336609892,
    0.040417045538794036,
    0.04033814410593228,
    0.04026997534078007,
    0.040235112961796986,
    0.040103220830884675,
    0.03997477753549355,
    0.03990299444301756,
    0.03991257763258985,
    0.039926178890503844,
    0.039886042418143385,
    0.03982462156261415,
    0.039768287459341536,
    0.039748204559853596,
    0.03967985167290481,
    0.039613837801218826,
    0.039567286614104975,
    0.03953545457776723,
    0.039489800965888,
    0.03946058239900528,
    0.03943022438017667,
    0.03943590136524802,
    0.039390695586365605,
    0.03932301455716121,
    0.039298984426781716,
    0.03929966902756595,
    0.03932551929668991,
    0.039343819193331034,
    0.0393488013323452,
    0.039316132428978856,
    0.039229822700583374,
    0.03917759427469665,
    0.03916139820601071,
    0.039148413560768425,
    0.039149971229348116,
    0.039142698866512615,
    0.039132909055681536,
    0.03911541288524144,
    0.03910457715432096,
    0.039098222593141746,
    0.03906659002905272,
    0.039071586620488964,
    0.03913713047969404,
    0.03921514199098452,
    0.0392601701772907,
    0.039248058718695085,
    0.03929637125657041,
    0.03932450034503038,
    0.03934720474684186,
    0.03931845305290226,
    0.039308287447513066,
    0.0393079912536481,
    0.039336563705928015,
    0.03936711765541017,
    0.03941761959782461,
    0.0394813833044086,
    0.039536671009509784,
    0.039574200432938036,
    0.03962798962675871,
    0.03961774509915942,
    0.03956052612487485,
    0.039561346774091545,
    0.03959445539714653,
    0.039675942162747654,
    0.03970737643677212,
    0.03971005893664363,
    0.03968286844021454,
    0.039670644969234455,
    0.03968940355995129,
    0.0397278450723854,
    0.039709301519710666,
    0.03971809091837676,
    0.03972173250512905,
    0.03971781896766447,
    0.03972850412641115,
    0.03977932933670093,
    0.03979028535087569,
    0.03973680082184069
  ],