{
  "x0": [
    0.19256657610976669,
    0.32559752658067903,
    0.4818358973095543,
    0.7574656195834444,
    0.5015094642318241,
    0.7001451386747773
  ],
  "x": [
    0.28520273880174596,
    0.6689344407683063,
    0.04586282628370598,
    338.4331345322792,
    13.055082480802827,
    0.7001451386747773
  ],
  "SSE": 0.019870352524811334,
  "exp_data": [
    1.0,
    0.9403287850846583,
    0.8818839600582393,
    0.8264349225061464,
    0.7757232073220498,
    0.7303219110319494,
    0.6900814792962432,
    0.6544629795750674,
    0.6227582524643932,
    0.594360664268824,
    0.568784259646535,
    0.5456750941538597,
    0.5247394801120047,
    0.5057413048130251,
    0.4884570577261667,
    0.47269742872928494,
    0.4582741576398185,
    0.44504497315495073,
    0.4328708082892966,
    0.4216415117247589,
    0.4112637065107101,
    0.4016467375423703,
    0.39270709672006676,
    0.3843675543801975,
    0.3765809129274916,
    0.3692971325813202,
    0.36248468512277426,
    0.3560973603020827,
    0.35010855059243845,
    0.3444889554466153,
    0.3392035578572921,
    0.3342119737180846,
    0.32949775073178494,
    0.3250348373938028,
    0.32079761834272014,
    0.3167603133708196,
    0.3129177838067501,
    0.3092502880187883,
    0.30574544881965826,
    0.30239519764302564,
    0.29918057886488625,
    0.29608709640921554,
    0.2931079624299949,
    0.290242829654266,
    0.2874846496618543,
    0.2848256841142989,
    0.28225225529373893,
    0.2797582945811302,
    0.2773410803810376,
    0.2749976621457851,
    0.2727325024476611,
    0.2705382891300059,
    0.2684220360463852,
    0.26635684213115235,
    0.2643569756166896,
    0.2624033072947863,
    0.2604770897889085,
    0.2585749528161685,
    0.2566924909204052,
    0.2548382775831,
    0.2530134084506546,
    0.2512123297221132,
    0.24943118151615537,
    0.24767138600832705,
    0.24593831212914075,
    0.24422823351644005,
    0.24254523647109724,
    0.24088785798439338,
    0.23925747282404808,
    0.23766500752632042,
    0.23611110988730105,
    0.2345990028736107,
    0.23313671167922742,
    0.231725576597099,
    0.23037691778554198,
    0.2290806331805677,
    0.22783241965976875,
    0.22662745708067597,
    0.22545818332748524,
    0.2243214660871942,
    0.22322511550446514,
    0.22215940197496656,
    0.2211271547214466,
    0.22012495044556254,
    0.21916557166028425,
    0.21825385708090408,
    0.2173928210508794,
    0.21656652158244596,
    0.21576213709041012,
    0.21496487919166823,
    0.21418398149804554,
    0.2134096966705671,
    0.21262870594473463,
    0.21184655297953042,
    0.211058801812422,
    0.2102617209916757,
    0.20944872986335555,
    0.2086153975545922,
    0.20777490951733468,
    0.20693005583900154,
    0.20609261338614554,
    0.20526461144652075,
    0.20443772308209007,
    0.20360803427030674,
    0.20278959666144483,
    0.20198700964032631,
    0.20120327844890679,
    0.20043162435923953,
    0.1996658624059776,
    0.19891142679180082,
    0.1981741270445056,
    0.19745043036761953,
    0.19672970269574808,
    0.196004377499412,
    0.19526911346034748,
    0.19453342728778444,
    0.19380494818266092,
    0.19308632744047008,
    0.19238476798274542,
    0.19170159407343104,
    0.19102821468605446,
    0.19036343314774593,
    0.18970640025694693,
    0.1890568993116105,
    0.188421159247756,
    0.18780256411454024,
    0.18719514654190805,
    0.1865988873299565,
    0.18600770777557302,
    0.18541732706044017,
    0.1848328075867408,
    0.18424639195148965,
    0.1836602966175261,
    0.18307942002092686,
    0.182508988977283,
    0.18195622149770552,
    0.1814253702691268,
    0.18092298289707875,
    0.18044978861126862,
    0.1800014069243393,
    0.17957916634056523,
    0.1791787602487039,
    0.17878345909862153,
    0.1783956031611655,
    0.17801070986854503,
    0.17762062561843658,
    0.17723665810734468,
    0.17684887685658696,
    0.1764569297976984,
    0.17606235758690764,
    0.17566484414536762,
    0.1752614586016004,
    0.17485848332555393,
    0.17445215931325275,
    0.174030322071846,
    0.17359890073929207,
    0.17316061937729746,
    0.17272475283416275,
    0.17229376430834872,
    0.1718729629045462,
    0.1714551378050446,
    0.17103466005385526,
    0.170605782059659,
    0.1701781396168375,
    0.16975677959417365,
    0.16934290045862976,
    0.16893690638486897,
    0.16853769785522973,
    0.16814888223517876,
    0.1677670831081156,
    0.1673956973795585,
    0.16704087937155787,
    0.1667074876991459,
    0.16639146300858412,
    0.1660969101374397,
    0.1658182483022717,
    0.16554025475232315,
    0.16526019932466024,
    0.1649808389246009,
    0.16469811093310016,
    0.1644156423356212,
    0.16414423475912196,
    0.1638896064828697,
    0.1636553256129196,
    0.16343907038920039,
    0.16323351003541847,
    0.16303226999227802,
    0.16282982277477265,
    0.16261134749125988,
    0.1623804366094787,
    0.16213951065891932,
    0.16189165565186062,
    0.1616527659714026,
    0.16142492069256742,
    0.1611983244432406,
    0.1609648924919725,
    0.16072345852459047,
    0.1604765228223043,
    0.16023742164652208,
    0.1600018695011832,
    0.15976661773047585,
    0.15952922215624715,
    0.15928610551512778,
    0.15904290084432948,
    0.15880452041159165,
    0.1585792879856026,
    0.1583499597683751,
    0.15811928180947743,
    0.15788240863524458,
    0.15764359145622928,
    0.15739401770893,
    0.157139330635416,
    0.15688058311657552,
    0.15662230587835918,
    0.15637598645568057,
    0.15613389520445792,
    0.15590250827468866,
    0.15568099869675808,
    0.15548429472640662,
    0.15530981974594504,
    0.15516020091107866,
    0.15502288235081152,
    0.15489171532247015,
    0.154772757948268,
    0.15464541074866786,
    0.1545191986629824,
    0.15439880933151037,
    0.15428891598681593,
    0.15418337526174086,
    0.15407581175502333,
    0.1539791820139005,
    0.15387886295392186,
    0.1537861388566605,
    0.15369436920811702,
    0.15360382863552846,
    0.15351018128590865,
    0.15341482446276597,
    0.15331990008409133,
    0.15323041906707346,
    0.15315307118021537,
    0.15308551268146092,
    0.15301571804510325,
    0.15294197549299068,
    0.15286300392962412,
    0.15278260959624876,
    0.15269528516353242,
    0.15260347637253593,
    0.15250594932478165,
    0.15240048378072624,
    0.15229840880096504
  ],