{
  "success": true,
  "x0": [
    0.5473423310371592,
    0.2127088947685694,
    0.2399487741942714,
    0.8441459779903941,
    0.7552113621469936,
    0.34825988458596724
  ],
  "x": [
    0.2535330274898846,
    0.6898268550409578,
    0.05664011746915765,
    412.9830642272685,
    13.897246593770559,
    0.34825988458596724
  ],
  "SSE": 0.02834330691981986,
  "exp_data": [
    1.0,
    0.9389752546206342,
    0.8792654471010564,
    0.8227600385078372,
    0.7712579272081447,
    0.7252925070023379,
    0.6846413671297571,
    0.648636119914689,
    0.616528043212299,
    0.5876756354546703,
    0.5616095369211757,
    0.5380064986024833,
    0.5165877656885135,
    0.49713128140925217,
    0.47941429611237296,
    0.4632307511539555,
    0.44841234753118037,
    0.43480786828512336,
    0.42230471737254865,
    0.41076907855168987,
    0.4000851373243605,
    0.39016622660038197,
    0.38094086696526364,
    0.3723579034684494,
    0.3643713288738747,
    0.3569313704768247,
    0.3499934423294459,
    0.34350947840006274,
    0.33742951393970927,
    0.33170672740202645,
    0.32630130531745194,
    0.32117927351060377,
    0.31632064990401026,
    0.31172098793792874,
    0.3073635300326977,
    0.3032314605721298,
    0.2993038178095475,
    0.29556308791140123,
    0.292006986590577,
    0.28861499273423047,
    0.28537180802394607,
    0.28227335738282516,
    0.27929876085041083,
    0.27643977461757135,
    0.2736752629383054,
    0.27101175521388887,
    0.2684396013929987,
    0.26595577418323035,
    0.2635452632397737,
    0.26120735378138915,
    0.25893617650405343,
    0.256727502214933,
    0.254578669941024,
    0.2524850336799958,
    0.2504367831209965,
    0.2484359272693325,
    0.2464693887263995,
    0.2445431734615354,
    0.2426590211191733,
    0.24081286474843366,
    0.2389958220675686,
    0.23721952557060594,
    0.23549423907268618,
    0.2338366505106478,
    0.2322373245202328,
    0.2307001631667254,
    0.22921272754154048,
    0.22777003667526732,
    0.22635960727081475,
    0.22497051808537238,
    0.22359478116527556,
    0.22223385623262176,
    0.22088560245658573,
    0.21955979807644918,
    0.2182499895939707,
    0.21695699812460245,
    0.215667702112171,
    0.21438940094309603,
    0.2131330397591791,
    0.21191081860604813,
    0.2107141508881329,
    0.20952454736134513,
    0.20835069188501157,
    0.20720113304670146,
    0.20606661495559941,
    0.2049375160121598,
    0.20382184400662004,
    0.2027363286868964,
    0.20168327287777993,
    0.20067613373927923,
    0.19971778244022156,
    0.19880223184714055,
    0.19791195079504745,
    0.19704872047101565,
    0.19620797105497356,
    0.19537941513916932,
    0.19455344721582324,
    0.1937264986401842,
    0.1928971751400399,
    0.19206619986608783,
    0.19123484188917522,
    0.19040083169595393,
    0.18957635160002653,
    0.18877403604989595,
    0.18798782345434806,
    0.1872161146007044,
    0.1864628561945349,
    0.18572898735939294,
    0.18499862350999668,
    0.18426801330627535,
    0.18353951355136658,
    0.18281361636040483,
    0.18208988570962512,
    0.18137449654720433,
    0.18066945479106183,
    0.1799718128319543,
    0.17929433901049596,
    0.1786293025872628,
    0.17799779206420824,
    0.1773979991726058,
    0.17682254585370696,
    0.17626440257633533,
    0.17571747739486274,
    0.17516771173520015,
    0.17459867828638884,
    0.17402005370060436,
    0.1734520722585065,
    0.17289316761543932,
    0.17234019303470868,
    0.1718077072252878,
    0.17130723376117182,
    0.1708214293034851,
    0.17034607803221602,
    0.169876012556805,
    0.16942477849676651,
    0.16899998786742007,
    0.16860631607682422,
    0.16823488660216562,
    0.16788683805720356,
    0.16754822547053597,
    0.16721764787836302,
    0.16689438994391326,
    0.16658124335788152,
    0.1662834284998387,
    0.16600579434702534,
    0.16574004455691652,
    0.16549299230505368,
    0.16526379242724562,
    0.16505892374538983,
    0.16487918226310438,
    0.16471426495052702,
    0.1645641141317403,
    0.16442847911356773,
    0.1643158141842412,
    0.16423487983354518,
    0.16418875493600624,
    0.16418068075365358,
    0.16420469868032503,
    0.16424772988651304,
    0.16429512512546252,
    0.16434039932503866,
    0.16439229811884234,
    0.1644483433158038,
    0.16449156882879387,
    0.16451727557267912,
    0.1645203311133143,
    0.16450269759502928,
    0.1644641461986182,
    0.16440934360346637,
    0.16436440062025512,
    0.1643160316292284,
    0.1642672212785619,
    0.16420968026452917,
    0.16414472652357595,
    0.1640738979550598,
    0.16401296959152584,
    0.16395573499828248,
    0.1639051138833838,
    0.1638529841647384,
    0.1637992502196422,
    0.16374015534107866,
    0.16367400026599785,
    0.1635984640425991,
    0.16350564114684887,
    0.16339835928383004,
    0.16327914466440982,
    0.16314941486353776,
    0.1630175079003448,
    0.16288030780788698,
    0.1627431733253225,
    0.16260470464019158,
    0.16246699395846456,
    0.16232611621959228,
    0.16218849705197697,
    0.16205010151055363,
    0.16190129191754435,
    0.1617512982657334,
    0.16159265166946343,
    0.16143848109317446,
    0.1612915541305982,
    0.16115648977559077,
    0.16102124110430355,
    0.16088965088380444,
    0.16075566588894646,
    0.16061866621650495,
    0.16047480883169404,
    0.160322470421463,
    0.160164931926373,
    0.16000080611297599,
    0.15981931151468315,
    0.1596267491556984,
    0.15942389808430063,
    0.15920318541204445,
    0.15896546315144322,
    0.15870907074419155,
    0.15843777394205508,
    0.15814813769286917,
    0.15785863188104657,
    0.15758019706567097,
    0.15731241459038317,
    0.15706229255066084,
    0.1568123795687006,
    0.15656511460674682,
    0.15632975881503242,
    0.1561051727947046,
    0.15587767456595636,
    0.1556496378238056,
    0.1554097267102692,
    0.15516709773457046,
    0.15492032078210288,
    0.15465947885881556,
    0.1543950924257229,
    0.15412470695571612,
    0.15384986751425864,
    0.1535692261851236,
    0.15328019740921284,
    0.1529884871634106,
    0.15269020182636042,
    0.15239268422856628,
    0.1520895391394409,
    0.15178864584187327,
    0.151509487666437,
    0.15124348693008186,
    0.15099430873787031,
    0.1507523011844578,
    0.15050682063640408,
    0.15026275226632266,
    0.15001850951813653,
    0.14976521781738003,
    0.14950194946253553
  ],