{
  "x0": [
    0.07547858568765192,
    0.46305999996200775,
    0.4614614143503403,
    0.39471917538544726,
    0.39471917538544726,
    0.5378068152630587
  ],
  "x": [
    0.6924258246308946,
    0.28522858593997036,
    0.02234521015638438,
    14.41783119230566,
    387.69661324485804,
    0.5378068152630587
  ],
  "SSE": 0.0174667060498098,
  "exp_data": [
    1.0,
    0.9526843389083959,
    0.905970236231359,
    0.8603377751433926,
    0.8164148525136392,
    0.7746496721901602,
    0.7353574796901096,
    0.6988077578854388,
    0.6651809646701028,
    0.6345526425710074,
    0.6068492164860649,
    0.5818449788103246,
    0.559252050059666,
    0.5387810110445329,
    0.5201668490207078,
    0.5031928288196859,
    0.4876620362627055,
    0.47340690968688226,
    0.4602837729354545,
    0.4481797708732174,
    0.43698520802173657,
    0.42661177767738523,
    0.416978638847026,
    0.408016494234801,
    0.39965369260240463,
    0.39183407264398207,
    0.38451268391713955,
    0.3776337806577113,
    0.37115638657869365,
    0.3650430775621573,
    0.3592576022613582,
    0.353775091088166,
    0.34855665752666715,
    0.3435817130751015,
    0.33883254065765994,
    0.33428362013088386,
    0.32992215340500697,
    0.32574030443611396,
    0.32173356569706113,
    0.31788753084929733,
    0.31419824113857503,
    0.31065823698151246,
    0.3072520405383512,
    0.30397083852895707,
    0.3008205585311738,
    0.2977871805264113,
    0.2948665688280392,
    0.2920674793070613,
    0.2893787386304698,
    0.2867895383206369,
    0.28429052055870213,
    0.28187189861888906,
    0.2795300264360262,
    0.27725905470990836,
    0.27505261758425525,
    0.27291068047665357,
    0.27083656458403066,
    0.2688225702767796,
    0.266855436270025,
    0.2649355835068682,
    0.26305620991332473,
    0.26121134155100767,
    0.25939757707913036,
    0.2576168191229686,
    0.25587174373072025,
    0.2541668181244993,
    0.2524966495398286,
    0.2508656252314441,
    0.24927073727054386,
    0.2477232781139671,
    0.24622623487213632,
    0.24478119054723213,
    0.24338043428377423,
    0.24202284983697012,
    0.24070409520858493,
    0.23942327032752533,
    0.23818164379856954,
    0.2369761252444911,
    0.23580114964488122,
    0.2346516569215908,
    0.2335199103723245,
    0.2324076429351209,
    0.23130838267609324,
    0.23022332827977063,
    0.22915684375277987,
    0.228105151511535,
    0.22707199768711975,
    0.22605796293102487,
    0.22506307296330258,
    0.22409144913993734,
    0.22313752040212287,
    0.22220146873273774,
    0.22128636726503834,
    0.22038860216062167,
    0.21951418874672868,
    0.21867124446880493,
    0.21786160556457887,
    0.2170848562769902,
    0.21633086068036722,
    0.2155967398131672,
    0.21487613617596737,
    0.21417043883555498,
    0.21348425480196698,
    0.21280463376007094,
    0.2121356740559926,
    0.2114755029349753,
    0.21082812864766431,
    0.21019105013188147,
    0.2095609246032659,
    0.20893844752151292,
    0.2083263951754244,
    0.207729365948622,
    0.20713869076204097,
    0.20656106515017922,
    0.20598876553177495,
    0.20543219795624698,
    0.2048918667306467,
    0.20436674312765932,
    0.20386251507817227,
    0.20336931993258744,
    0.2028800253343006,
    0.20238316038150594,
    0.20188188916000543,
    0.2013749048098832,
    0.20085836465309395,
    0.2003350508203144,
    0.19980766037341685,
    0.19927891219450675,
    0.1987460409724523,
    0.19821059340375236,
    0.19766685564007017,
    0.1971144840959683,
    0.19656063685863406,
    0.19600421322994868,
    0.19544694027640935,
    0.19489620109499234,
    0.19434567881994114,
    0.19379092805911324,
    0.19323263579541602,
    0.19267028567458433,
    0.19210703593989198,
    0.1915415335040779,
    0.1909780171219235,
    0.1904190791765383,
    0.18985698929507952,
    0.1892884133640462,
    0.18872019436135326,
    0.18814942957856626,
    0.18757899593680613,
    0.18700686301388192,
    0.1864377192242629,
    0.18587382434419467,
    0.185314969163299,
    0.18476375003116388,
    0.1842229729765234,
    0.1836875049832151,
    0.18316167169993497,
    0.18264889243992724,
    0.18215520620226514,
    0.1816826492293851,
    0.1812304724140987,
    0.18080114305497857,
    0.18039182848869395,
    0.1799983131280516,
    0.17961743443077785,
    0.17925497929511494,
    0.17891325982216474,
    0.17858038323076814,
    0.17824898844511877,
    0.17791884468737643,
    0.17759075885642406,
    0.17725494111474513,
    0.17691369022333103,
    0.17657255923899629,
    0.17623058433573677,
    0.17588714749582546,
    0.1755407747423381,
    0.17519348174175586,
    0.1748472249475894,
    0.17450850474471938,
    0.17417862268639267,
    0.17385522702069328,
    0.1735447434302559,
    0.17324347887859698,
    0.17295171436958082,
    0.1726677234585752,
    0.1723928398717087,
    0.17212560660252335,
    0.17186651256096508,
    0.17161372753629348,
    0.17137253964877172,
    0.17114485976079152,
    0.17093099702352088,
    0.17073441667860553,
    0.1705496836654887,
    0.1703749794705408,
    0.17020758804414163,
    0.17005271462381108,
    0.1699146555474434,
    0.16978825117705942,
    0.1696728615772446,
    0.16956549752125552,
    0.1694559639339439,
    0.16934948662003335,
    0.16924519003619273,
    0.16913772005771027,
    0.16903503249549726,
    0.16892863595314506,
    0.1688185764925888,
    0.1687046308143584,
    0.16858659808243998,
    0.16846859935152347,
    0.1683483474257982,
    0.16822824230602296,
    0.16810638096981687,
    0.1679854596218424,
    0.1678709450406999,
    0.16776437279093506,
    0.16766077934761625,
    0.16756341675666983,
    0.16748102840227752,
    0.16740714901296058,
    0.16734711233860125,
    0.16730041798880235,
    0.1672585523444868,
    0.16721481274123617,
    0.16717623031106246,
    0.16714523910285922,
    0.1671163983120069,
    0.16709206528338558,
    0.16707646270413623,
    0.16707237863241897,
    0.1670729711932381,
    0.16708201454481872,
    0.1670924233272053,
    0.16709951808995188,
    0.16711019482789735,
    0.16711605606004598,
    0.1671189688568224,
    0.16711710363527288,
    0.1671092840872213,
    0.1670947417639103,
    0.16708587380670156,
    0.16707550463518273,
    0.1670628421154066,
    0.16704811026359195,
    0.16702419114300418,
    0.16700150140071776,
    0.1669804130710729,
    0.16695368562378315
  ],