{
  "success": true,
  "x0": [
    0.17938891019017647,
    0.5335134510242647,
    0.2870976387855588,
    0.6301634992678673,
    0.09744899503357068,
    0.17621106042172255
  ],
  "x": [
    0.3765079224965311,
    0.6234920775034689,
    1.7127006193481953e-18,
    39.31375981813643,
    11.560167333801742,
    0.17621106042172255
  ],
  "SSE": 0.000693357524506194,
  "exp_data": [
    1.0,
    0.9439961262045627,
    0.8884532212904556,
    0.8347079629897203,
    0.7840072072730409,
    0.7368614781035294,
    0.6933366202292337,
    0.6532615819239,
    0.6163700745760162,
    0.5823934772583816,
    0.5510654358874674,
    0.5221307262295285,
    0.4953532427570534,
    0.4705265086135147,
    0.44745740574431103,
    0.42597351275770334,
    0.4059260406996212,
    0.3871835556047718,
    0.3696353820012377,
    0.3531750718547371,
    0.33771156155515697,
    0.3231663542475477,
    0.30946889434220537,
    0.2965563280397051,
    0.28437183908547875,
    0.2728645214231389,
    0.26198692888527714,
    0.25169464524881674,
    0.24194740564569014,
    0.23270910781812318,
    0.2239429501128928,
    0.2156178739839129,
    0.20770424784545377,
    0.20017684740663994,
    0.1930116696936696,
    0.18618826104848762,
    0.17968705766722728,
    0.1734900938340963,
    0.1675796655773611,
    0.16193831549874713,
    0.15654887005954096,
    0.15139482057071485,
    0.14646210135409304,
    0.14173821541939152,
    0.1372115644917511,
    0.1328720422272855,
    0.1287075537395286,
    0.1247101730179585,
    0.12087134004382684,
    0.11718188261418742,
    0.11363268640958969,
    0.11021578036938819,
    0.10692641477044855,
    0.10375737643735289,
    0.10070145289768337,
    0.09775361255671249,
    0.09490960976035892,
    0.0921636924068692,
    0.08951222933338888,
    0.08695021447831507,
    0.08447296559994677,
    0.08207761503636722,
    0.07976137797328371,
    0.07752058777895411,
    0.07535206598270944,
    0.0732530018752281,
    0.07122016989580046,
    0.069250458359056,
    0.06734101167308444,
    0.06549041834420884,
    0.06369684909102034,
    0.06195852672095931,
    0.06027321507742267,
    0.05863878961914331,
    0.05705296824171555,
    0.055514307248111176,
    0.054020245710766204,
    0.05256966393347531,
    0.051160768556003516,
    0.0497933820425702,
    0.04846658560701698,
    0.04717869849545652,
    0.045928373579830435,
    0.0447146742988483,
    0.04353617903301941,
    0.04239216017907841,
    0.04128164352866472,
    0.04020393451921898,
    0.03915816901889111,
    0.03814362064286369,
    0.037158874279829265,
    0.036203416531368215,
    0.0352764453362653,
    0.03437725742144731,
    0.03350465883148129,
    0.03265809855724933,
    0.031836562273069406,
    0.031038996902750512,
    0.03026466130000538,
    0.029512404493127992,
    0.02878150602475137,
    0.028070920242997024,
    0.02737998969618401,
    0.02670750788766803,
    0.026052880329792773,
    0.025415198784018107,
    0.024793992603572814,
    0.024188778729375377,
    0.023599203742699266,
    0.023025355380718204,
    0.022466548191585972,
    0.021923260719137513,
    0.021395186003956256,
    0.02088184479309905,
    0.02038285650496565,
    0.01989751742252878,
    0.01942526777630559,
    0.018966404246743406,
    0.018520732002328563,
    0.01808824525464141,
    0.017668590097053044,
    0.01726180585006482,
    0.01686741768347403,
    0.016484751082518956,
    0.016113560319717356,
    0.015753693269797066,
    0.0154046594523716,
    0.01506604149901833,
    0.014736988786741834,
    0.014417480679581762,
    0.01410735111802034,
    0.013806350733983654,
    0.013514430505981596,
    0.013231278428935199,
    0.012956701921848739,
    0.012690944076389026,
    0.012433582774538503,
    0.01218445078787531,
    0.011943210125641878,
    0.01170899073618029,
    0.011481296045080882,
    0.011259814339677668,
    0.011044456069430171,
    0.010835053106434728,
    0.010631405669491379,
    0.010433712264773956,
    0.010241858434813107,
    0.010055762115300692,
    0.00987562610066467,
    0.009700793867678583,
    0.00953096155169586,
    0.009366097274376631,
    0.009206046014767062,
    0.009050306575576803,
    0.008898723366904882,
    0.008750948596160494,
    0.008606680933809558,
    0.008465850327377874,
    0.008328209053893849,
    0.008193315979042376,
    0.008061129881362913,
    0.007931503712088516,
    0.007804618221501733,
    0.0076804357470771105,
    0.007558870118868597,
    0.00744005259008471,
    0.007323859681841207,
    0.007210204695042085,
    0.00709901736563391,
    0.006990070092527084,
    0.006883254070182792,
    0.006778448783632605,
    0.006675518194370737,
    0.0065745509808217166,
    0.0064755854563404375,
    0.006378549086013731,
    0.006283361486409279,
    0.006189747701783949,
    0.006097801575598975,
    0.006007418933638227,
    0.005918669196044685,
    0.005831688370809024,
    0.005746340043192043,
    0.005662546041639401,
    0.00558040456063897,
    0.005499858247136529,
    0.005420866635216233,
    0.005343360486829041,
    0.005267522170802865,
    0.005193324700812518,
    0.005120664467607665,
    0.005049682489105985,
    0.004980529988550447,
    0.004913147773388759,
    0.004847303495073325,
    0.004782938786979404,
    0.004720016202543108,
    0.004658579081553568,
    0.00459844712577476,
    0.0045396826323017185,
    0.004482176061673995,
    0.004425918059562499,
    0.004370980632935484,
    0.004317280883738197,
    0.004264739428821628,
    0.004213190965100367,
    0.004162615462708234,
    0.00411288170804289,
    0.004064004239310785,
    0.0040158218546427135,
    0.00396829974085447,
    0.003921483197402571,
    0.0038753020882663753,
    0.0038296624147201638,
    0.003784607262810801,
    0.003740225145954838,
    0.003696687670232265,
    0.003653932659331872,
    0.0036118246419287307,
    0.0035703006275280276,
    0.003529406118872409,
    0.0034891808855887644,
    0.0034495023286259226,
    0.003410408040391619,
    0.003371868232346027,
    0.003333845023326505,
    0.0032964357731695842,
    0.0032597203447836966,
    0.0032234835660574354,
    0.0031877650523000458,
    0.003152506574324856,
    0.0031177637971210935,
    0.0030834201990311547,
    0.003049447049308838,
    0.003015839601911353,
    0.002982619246244515,
    0.0029497591242690635,
    0.0029172766224097846,
    0.0028852699721752186,
    0.002853781260687479,
    0.0028228709850757817,
    0.002792393255684078,
    0.0027624347828858536,
    0.0027328958398718543,
    0.0027039242918742304,
    0.0026756178048719555,
    0.0026478136351609153,
    0.002620558438493646,
    0.002593737707783888,
    0.0025673345677578972
  ],