{
  "x0": [
    0.503470436682422,
    0.08155912263286408,
    0.41497044068471395,
    0.3521521627562157,
    0.3521521627562157,
    0.23175581112386295
  ],
  "x": [
    0.409820677794567,
    0.590179322205433,
    6.911788849595091e-19,
    37.62641343164669,
    10.381313575876288,
    0.23175581112386295
  ],
  "SSE": 0.00033548200336617156,
  "a1": 0.409820677794567,
  "a2": 0.590179322205433,
  "a3": 6.911788849595091e-19,
  "a": 37.62641343164669,
  "b": 10.381313575876288,
  "c": 0.23175581112386295,
  "exp_data": [
    1.0,
    0.9403287850846583,
    0.8812090702890495,
    0.8243243270080146,
    0.7712595851038703,
    0.7225822235169042,
    0.6782587077465708,
    0.6379510716984854,
    0.6011854350437125,
    0.5675325841394986,
    0.5366220975120554,
    0.5081499852334441,
    0.48185798376216066,
    0.45753513527733003,
    0.4349817584456055,
    0.41402125218794905,
    0.3944997782593612,
    0.3762830589597966,
    0.35925134262034353,
    0.34330319968593065,
    0.3283471275691521,
    0.31429599778036504,
    0.30107581410010625,
    0.2886196018969338,
    0.27687027468549263,
    0.26578082583189616,
    0.2553034464773518,
    0.2453946410287211,
    0.23601472610863455,
    0.22713011535547856,
    0.21870257812802826,
    0.21070254729805438,
    0.20310177257792353,
    0.1958763655864127,
    0.1889985326527051,
    0.18244920555240124,
    0.17621363154553954,
    0.17027361312275308,
    0.1646103286594621,
    0.15920512179178822,
    0.1540407681438262,
    0.149097720103338,
    0.14436168614671605,
    0.13982020768872236,
    0.1354638000574725,
    0.13128272485490755,
    0.12726596824817554,
    0.12340642658048465,
    0.11969665153209055,
    0.11612866466282028,
    0.1126947505324489,
    0.10938476013830518,
    0.10619415563499238,
    0.1031135992803232,
    0.10013724183177761,
    0.09725903677733685,
    0.09447329954290674,
    0.09177712719982847,
    0.08916984557419641,
    0.08664506493723637,
    0.08419844448999621,
    0.08182756151149699,
    0.07952983806685923,
    0.0773026661369106,
    0.07514410803013155,
    0.07305171408144057,
    0.07102310089521406,
    0.06905443022651886,
    0.06714395877095274,
    0.06529202300228568,
    0.06349804315070175,
    0.061759935210213494,
    0.06007500264092977,
    0.05844049264304949,
    0.056854028456365696,
    0.05531453831480729,
    0.05382025279604385,
    0.05236957420009567,
    0.05096069932196434,
    0.04959445672867906,
    0.04827028073918851,
    0.046986383925255865,
    0.045742505434761924,
    0.04453699717225762,
    0.04336739256144905,
    0.04223387488532708,
    0.04113391445396955,
    0.04006736323542712,
    0.03903292720260735,
    0.038029777187959295,
    0.03705647588268372,
    0.03611166307755015,
    0.035194030145438066,
    0.03430137141997538,
    0.03343146727446616,
    0.032584125860954306,
    0.03175925857947414,
    0.03095613616315704,
    0.03017422445176633,
    0.0294127837186599,
    0.02867082065019092,
    0.027947447715032884,
    0.027242276085338593,
    0.02655321330598238,
    0.02588066438000102,
    0.02522353510867963,
    0.024582234482818478,
    0.023956815581324717,
    0.02334657374925547,
    0.02275125460753893,
    0.022169790528621836,
    0.021602619501978972,
    0.02104973736403756,
    0.02051108174224452,
    0.019987056019990068,
    0.019477243574197473,
    0.018981555080030677,
    0.018499566210944954,
    0.01803142516169667,
    0.01757646638159212,
    0.017134186770729847,
    0.016704502513867327,
    0.01628673149907697,
    0.01588071791126365,
    0.01548612340306028,
    0.01510372214167046,
    0.014733026324943117,
    0.014374190102463756,
    0.014025869517616961,
    0.01368780668193988,
    0.01335988259906507,
    0.013042753719796909,
    0.01273610828257864,
    0.012439158070947346,
    0.01215245209305441,
    0.011876758064596338,
    0.011611400705485529,
    0.011356585722271481,
    0.011111510130177884,
    0.01087452543782764,
    0.010644226478112986,
    0.010420051588253428,
    0.010201867336606359,
    0.009989583382041957,
    0.009783180007992583,
    0.00958271942711874,
    0.009388198434708377,
    0.009199263161183585,
    0.009015580188854292,
    0.008837116672435497,
    0.008663548328145903,
    0.008494643039729383,
    0.00833015118806161,
    0.008169651176764879,
    0.008012912808267377,
    0.007860141410171858,
    0.007711178123294087,
    0.007565730525899353,
    0.0074236656988601385,
    0.0072844007054151,
    0.007147938926501934,
    0.007014089135891159,
    0.006883204813247304,
    0.006755122706086952,
    0.006629779276166659,
    0.006507060453773524,
    0.006387019392198065,
    0.0062695135994540845,
    0.0061544728029492785,
    0.006041349714322249,
    0.0059302852660168374,
    0.005821184937456048,
    0.005713858149656948,
    0.005608631700342834,
    0.005505574419558216,
    0.005404569157351216,
    0.0053054587004231196,
    0.005207677849559804,
    0.005111338530762717,
    0.005016315045840816,
    0.004922668440107676,
    0.004830460024580645,
    0.004739449922969397,
    0.00464972177191968,
    0.004561422275929049,
    0.004474407750929742,
    0.00438840249166543,
    0.004303472723112155,
    0.00421945022587356,
    0.004136320793097492,
    0.004054029990724744,
    0.003972569098242995,
    0.0038920156136395888,
    0.003812504944692162,
    0.003733902228704497,
    0.003656020081192798,
    0.003578912876573876,
    0.003502525366389483,
    0.0034268715217267032,
    0.003351976965971841,
    0.003277844230087994,
    0.0032045165125080747,
    0.0031322639694862206,
    0.0030607933269622286,
    0.002990200442527678,
    0.002920424084525835,
    0.0028515195575976554,
    0.0027832325202743168,
    0.0027157699256100554,
    0.0026489177229158775,
    0.0025826955699787906,
    0.002517170199933717,
    0.002452244007183277,
    0.002387854265601036,
    0.002323991005114589,
    0.0022606501104983803,
    0.0021978924203096325,
    0.002135855921233856,
    0.002074466106616333,
    0.0020138614925561903,
    0.001954252425937701,
    0.001895654184893496,
    0.001837903708778012,
    0.0017810932034927097,
    0.0017251960854966434,
    0.0016701438783761557,
    0.0016160948105289968,
    0.0015632676454037412,
    0.0015112893512684493,
    0.0014603187151485339,
    0.001410353210096565,
    0.0013615405109599621,
    0.001313656014635364,
    0.0012665945297399613,
    0.001220316701890043,
    0.0011749942659931851,
    0.0011306063661478299,
    0.0010870775969831967,
    0.0010445744964314068,
    0.0010031916037332173,
    0.000963169611858133,
    0.0009242032709207539,
    0.0008865336092215927,
    0.0008498970883883727,
    0.0008146694163227061,
    0.0007812036309359667,
    0.0007490351378692323,
    0.0007181868634230387,
    0.0006884489613530414,
    0.0006597333116075509
  ],