{
  "x0": [
    0.24898642194711768,
    0.6473321903617218,
    0.1036813876911606,
    0.9785535684692607,
    0.7780491395522924,
    0.298216299699874
  ],
  "x": [
    0.7406959091324595,
    0.2511983622828647,
    0.008105341456848271,
    12.311164501258947,
    48.865438763266,
    0.298216299699874
  ],
  "SSE": 0.0035411808383316525,
  "exp_data": [
    1.0,
    0.9389752546206342,
    0.878527543652907,
    0.8204488539037449,
    0.7663549292741298,
    0.7167951749411362,
    0.6716932175708644,
    0.6306375695082412,
    0.5931551177793094,
    0.5588102352712825,
    0.5272317543720498,
    0.49812490923242014,
    0.4712422972004543,
    0.44637757831620295,
    0.4233365475047761,
    0.40193344166320194,
    0.38201741323589605,
    0.3634510632648432,
    0.3461251013106933,
    0.32991423106524115,
    0.3147201819625254,
    0.3004660613346957,
    0.28708016448466356,
    0.2745018068119071,
    0.2626789244481796,
    0.25155542266359243,
    0.24108300495704604,
    0.2312154770262982,
    0.22190878579735873,
    0.2131252660342094,
    0.2048236079778515,
    0.1969661961994258,
    0.18952302829289994,
    0.1824686137838903,
    0.17578389087328505,
    0.16944747090769288,
    0.16343481282513836,
    0.1577249917507451,
    0.15230134042904828,
    0.1471462183421082,
    0.14223970668983574,
    0.13756498668957076,
    0.13310688354329167,
    0.1288502539443152,
    0.12478214698396219,
    0.12089245299042549,
    0.11716972104729366,
    0.11360242202961338,
    0.11018180710782274,
    0.10689930281322525,
    0.10374545267095521,
    0.10071445248963051,
    0.09780055564078431,
    0.09499910066160619,
    0.09230224346469401,
    0.08970449829929776,
    0.0872016387443504,
    0.08478721946227337,
    0.0824578370798914,
    0.08020977420038226,
    0.07803804900110552,
    0.0759395198881411,
    0.07391286417897194,
    0.07195445807472026,
    0.07006237233804388,
    0.06823358058822614,
    0.06646533257157368,
    0.06475494825867935,
    0.06309799675951552,
    0.06149189370057282,
    0.05993511430237851,
    0.05842602637292944,
    0.056962889785259735,
    0.05554435419833426,
    0.05416852456181416,
    0.0528337327571235,
    0.05153744241154862,
    0.05027799023150403,
    0.04905375750365082,
    0.04786448461743832,
    0.04670862606570554,
    0.04558414861274541,
    0.04448849812421249,
    0.04342209848853179,
    0.042384090465066825,
    0.0413733027717179,
    0.040390047661771546,
    0.03943396854802012,
    0.03850442882056917,
    0.03760163634650677,
    0.03672406795945321,
    0.03587244033748894,
    0.03504639038706534,
    0.03424615504660867,
    0.03347190472304462,
    0.03272328576194184,
    0.03199866894890413,
    0.03129681421307044,
    0.030616398368244858,
    0.029956119021788484,
    0.029315258591806264,
    0.028692735984672917,
    0.028087235570892818,
    0.02749807537248956,
    0.02692470697471704,
    0.02636591330570553,
    0.025821044965972553,
    0.025289907405815548,
    0.024772252655787707,
    0.024269944549702466,
    0.02378221209769084,
    0.02331010261675889,
    0.0228531297765654,
    0.022410292127277655,
    0.021980965436454454,
    0.021564008746228294,
    0.0211582817670112,
    0.02076460490480882,
    0.020383036241114746,
    0.02001502860159217,
    0.019660074717816126,
    0.019318219924501733,
    0.018989760668858203,
    0.01867318822538245,
    0.01836859797936262,
    0.01807537345234673,
    0.017793270890107855,
    0.017521170827968925,
    0.01725833596615881,
    0.017004848704048368,
    0.016760258873112978,
    0.016523861188883073,
    0.01629539515677919,
    0.01607443181690818,
    0.015860410708457406,
    0.015653191089595196,
    0.015452734546278863,
    0.015258579586256042,
    0.015070322502757753,
    0.014887329709294435,
    0.014709503438237525,
    0.014536723735572514,
    0.01436902275574613,
    0.01420633457910196,
    0.01404836907903005,
    0.0138953871266002,
    0.0137474208129018,
    0.01360474343656657,
    0.01346873735061426,
    0.013338144325085621,
    0.013212184500470608,
    0.013090900033457276,
    0.012973920171684711,
    0.01286088362406867,
    0.012751698025901172,
    0.012645718090430974,
    0.01254241195108421,
    0.012441777040045366,
    0.012343633405561391,
    0.012247434110286122,
    0.012153096484345208,
    0.012060771051588669,
    0.011970453114512794,
    0.011882004215914075,
    0.011795374561913296,
    0.011710597911683364,
    0.011627652265136013,
    0.011546342040210352,
    0.011466717320184092,
    0.011388721843949401,
    0.011312080145695201,
    0.01123633571842235,
    0.011161542101550943,
    0.01108776433071995,
    0.011014971864920618,
    0.010943139675851215,
    0.010872214372433167,
    0.010802159303232188,
    0.010733118878410828,
    0.01066474490684305,
    0.010597039561746239,
    0.010530078886996261,
    0.01046383118923806,
    0.01039832157709115,
    0.010333637971450057,
    0.010269600473538093,
    0.010206331171010455,
    0.010143586672389706,
    0.01008151756023953,
    0.010020085937993785,
    0.009959253742509404,
    0.009899063161036106,
    0.009839441557449594,
    0.009780396570506606,
    0.009721578557059594,
    0.00966300557807688,
    0.009604638015385303,
    0.009546534374452981,
    0.00948865501207896,
    0.009431302022170475,
    0.009374274104128836,
    0.009317444566079176,
    0.009260889659227375,
    0.009204464777581375,
    0.009148193666399762,
    0.009092041837188279,
    0.009036044733302042,
    0.008980121015786388,
    0.008924388003624632,
    0.008868805317675827,
    0.008813320663794515,
    0.00875808120684336,
    0.008702999575551196,
    0.008648070417108633,
    0.008593506404757307,
    0.00853963327123015,
    0.008486961327212857,
    0.008435039331852183,
    0.00838375735645368,
    0.008332898292692355,
    0.008282368647427237,
    0.008232205186037508,
    0.008182325902473581,
    0.008132791306110264,
    0.008083590656335723,
    0.008034713163437165,
    0.007986315264895884,
    0.00793826702665782,
    0.007890384027851317,
    0.00784260689021208,
    0.007794905970624821,
    0.007747215438304752,
    0.0076995353291527974,
    0.007651962037596446,
    0.007604453728211168,
    0.007557010626368424,
    0.007509657131717655,
    0.007462448008558098,
    0.0074155109632798805,
    0.007368901523178085,
    0.007322420474297624,
    0.0072760257156403475,
    0.00722972363448921,
    0.0071834597212340956,
    0.007137234109641093,
    0.007091010292567655,
    0.007044812732610524,
    0.0069986598858403064,
    0.0069524967538656885,
    0.006906347842937684
  ],