{
  "success": true,
  "x0": [
    0.4672397537887709,
    0.25070506376594465,
    0.28205518244528444,
    0.7133528075078476,
    0.7123528075078476,
    0.916603151514315
  ],
  "x": [
    0.450048058547831,
    0.5499519414521691,
    3.3610267347050637e-18,
    36.1872436420734,
    12.675064432980852,
    0.916603151514315
  ],
  "SSE": 0.000707532943125811,
  "exp_data": [
    1.0,
    0.9526843389083959,
    0.9056230499294105,
    0.859350708057401,
    0.8144071074411224,
    0.7712070358525479,
    0.7300579353702659,
    0.6911961045649733,
    0.654769670905027,
    0.620837612364364,
    0.5893424557782967,
    0.5601172842227212,
    0.5329594473085452,
    0.5076668122470113,
    0.48405391128255143,
    0.4619658444219589,
    0.4412609306036064,
    0.4218165445896758,
    0.40352970207267624,
    0.3863077848130395,
    0.3700673751337934,
    0.3547370036275824,
    0.34025070444184624,
    0.3265475754102745,
    0.3135663181227641,
    0.3012573157739281,
    0.2895743352214336,
    0.2784738176914308,
    0.26791870503107706,
    0.2578719420646815,
    0.24830266423279862,
    0.23918487845425854,
    0.23048794266553776,
    0.22218556284961677,
    0.21425258555501872,
    0.20666810668536875,
    0.19941272863100393,
    0.19247167662879064,
    0.18582732764357285,
    0.17946360636234499,
    0.1733661353449609,
    0.16752175491923577,
    0.16191773437227136,
    0.15654418462513703,
    0.15138874643381864,
    0.14644094883652342,
    0.14168697192311658,
    0.13712167044377752,
    0.1327355614915672,
    0.12851768036651673,
    0.12445785602536495,
    0.12054812848022885,
    0.11678453303556899,
    0.11315942937012931,
    0.10966487339657847,
    0.10629730259350281,
    0.10305389099381959,
    0.09992673055850573,
    0.09690900534607885,
    0.0939958042973266,
    0.09118240330873861,
    0.08846576370946359,
    0.08584143167401996,
    0.08330463912523145,
    0.08084971757995287,
    0.07847371095601759,
    0.0761720762206137,
    0.07394199659196976,
    0.0717810794887851,
    0.06968733832976802,
    0.06765738981998076,
    0.06568961857973499,
    0.06378175280607849,
    0.061931522016046174,
    0.0601363517069668,
    0.058394650672402765,
    0.05670304192470617,
    0.055061427368826195,
    0.05346784884239539,
    0.0519212047815932,
    0.05042085001615689,
    0.04896556294836828,
    0.04755411718051689,
    0.0461849272357555,
    0.044857054072542354,
    0.04356930288019025,
    0.0423209684702531,
    0.0411104717742097,
    0.03993715103349681,
    0.038799448394125004,
    0.037696078997350856,
    0.03662614617906556,
    0.03558891547629248,
    0.03458424579775788,
    0.03361060449693311,
    0.03266688404885184,
    0.03175175929082996,
    0.030864040332024074,
    0.030003361080004957,
    0.029168310738935596,
    0.028358438832256923,
    0.027572577029285273,
    0.026810457432320627,
    0.026071234984532152,
    0.025353269634660256,
    0.02465614793766917,
    0.0239786983619274,
    0.023319613200985866,
    0.022678784823054625,
    0.02205486698491322,
    0.021447641948445246,
    0.020857060038674675,
    0.020282690871265812,
    0.019724160509774963,
    0.019180548058452436,
    0.01865129994716056,
    0.018135966481874898,
    0.017635041624476443,
    0.01714773460417426,
    0.01667324078073994,
    0.016211508802613166,
    0.015762695111825396,
    0.015325760882486912,
    0.014900347110910777,
    0.014485959576729173,
    0.014081984215374013,
    0.013687681142063828,
    0.01330276356662231,
    0.012926760876449731,
    0.012559786652757043,
    0.012201911881882969,
    0.011852437293270977,
    0.011511788078586958,
    0.011180245398950071,
    0.010857242964034404,
    0.010542883074975544,
    0.010236613071851117,
    0.009938187055098403,
    0.009647797743989996,
    0.009365117061418791,
    0.009090158218892133,
    0.008822667695207061,
    0.008562478115938027,
    0.00830924135816027,
    0.008062667921451506,
    0.007823030240602925,
    0.007589956056829148,
    0.007363279748151923,
    0.007142560762525452,
    0.006927120605514635,
    0.006717151826471072,
    0.006512748749943235,
    0.006314066684554865,
    0.0061203849258968605,
    0.005931559266546093,
    0.00574698628787865,
    0.005566452727050377,
    0.005390043416188902,
    0.005217328057260012,
    0.005048113121425907,
    0.004882354233241597,
    0.004719650948785724,
    0.0045601967367451,
    0.004404180319230304,
    0.004251456518525837,
    0.004102499404797241,
    0.003956907388189546,
    0.0038147584454618186,
    0.003675861973768359,
    0.0035401387193096053,
    0.003407396798836336,
    0.0032778256950194173,
    0.003151154331904319,
    0.003027256911402366,
    0.002906210084542477,
    0.002787938424838761,
    0.002672411386371549,
    0.0025594059525598538,
    0.0024489473176233785,
    0.0023411968482308127,
    0.002236299586280141,
    0.002134526200850164,
    0.0020357390173686677,
    0.001939594775907377,
    0.0018461534345378015,
    0.0017555665169417525,
    0.001667866242972814,
    0.0015830220649852603,
    0.0015015987262955073,
    0.0014235673713462755,
    0.001348709669588848,
    0.0012774152080388523,
    0.0012101327945621574,
    0.0011465418049675102,
    0.0010864296994558833,
    0.0010297907016685378,
    0.0009764977156701417,
    0.0009266775038182412,
    0.0008798148435186174,
    0.0008357689087628404,
    0.0007944098508051548,
    0.0007557931001002442,
    0.0007197882700928571,
    0.0006865845466709868,
    0.0006558241775374453,
    0.000627106973586985,
    0.000600282097225004,
    0.0005752915880679636,
    0.0005518547886976658,
    0.000529742523336437,
    0.0005088829887901044,
    0.0004891981854306369,
    0.0004706626820646522,
    0.0004530625614508248,
    0.0004363243785605078,
    0.000420392056135982,
    0.00040520926317430544,
    0.00039090272490957745,
    0.0003772504627161777,
    0.0003641420973355376,
    0.00035159728325228853,
    0.0003396832858352883,
    0.00032827737462617635,
    0.00031733961157188334,
    0.00030681795520571224,
    0.0002966780281661929,
    0.0002868972440838725,
    0.0002776263622895284,
    0.00026877731905253926,
    0.00026036955153952535,
    0.0002522605422531809,
    0.0002445354420985652,
    0.0002370692533053043,
    0.00022978458059010737,
    0.00022274837563284784,
    0.00021585284637193566,
    0.00020901387494170478,
    0.00020230426168805943,
    0.00019572445681436825,
    0.00018925065515113608,
    0.0001830228690715865,
    0.0001769507804911316,
    0.00017104710494675833,
    0.00016533070999309388,
    0.00015986934965889137,
    0.00015463949111224395,
    0.0001495930350029899,
    0.00014482856621759508,
    0.00014026740813293307,
    0.00013592254872845638
  ],