{
  "x0": [
    0.5899926493867137,
    0.2525062741024165,
    0.15750107651086978,
    0.6535630891762134,
    0.6535630891762134,
    0.6315998547890366
  ],
  "x": [
    0.29056931030380617,
    0.7094962070234347,
    0.0,
    69.47072270935956,
    9.250513430603684,
    0.6315998547890366
  ],
  "SSE": 0.0009179636391825971,
  "exp_data": [
    1.0,
    0.9291079971727741,
    0.8596740441378928,
    0.7938027080236522,
    0.7335676588419018,
    0.6796567675927726,
    0.6318982164422524,
    0.5896565267223635,
    0.552089672534623,
    0.5184729445740428,
    0.48822176884142615,
    0.460910726326499,
    0.43618898941621836,
    0.4137786276800173,
    0.3934142816521526,
    0.3748646206246253,
    0.3579072287086421,
    0.3423780316057279,
    0.3281122108623728,
    0.3149767661762153,
    0.3028569236015557,
    0.2916437272266127,
    0.2812384049972133,
    0.27155174786222575,
    0.2625232425352857,
    0.2540942914147731,
    0.24622584364905487,
    0.23886002939777534,
    0.23196569388844507,
    0.2255059766740213,
    0.21944161850538313,
    0.21372205430478872,
    0.2083285972804619,
    0.2032287992021408,
    0.19838769838920098,
    0.19377994069677384,
    0.18939756126464455,
    0.18521966268712184,
    0.18123082959823714,
    0.17742582011564798,
    0.17378401654980077,
    0.17028583629244376,
    0.16692048786784114,
    0.16368996805822472,
    0.16058433873418893,
    0.1575946942242893,
    0.15470535032440771,
    0.15190315531215848,
    0.14919002056551006,
    0.14656329638943483,
    0.1440280268689933,
    0.14157605271280832,
    0.13921395177524684,
    0.1369083938419272,
    0.1346775815755621,
    0.13249283833285844,
    0.13033575203749992,
    0.12820198917303782,
    0.12608435989361566,
    0.12399507888130228,
    0.12193906526987605,
    0.1199094535983095,
    0.11790572853114986,
    0.11592270683110659,
    0.11396378959507364,
    0.11202386830672215,
    0.11011220700063362,
    0.10823055716743271,
    0.10638396506154511,
    0.10457908493843052,
    0.1028196940045,
    0.10110819760616069,
    0.09944713716970181,
    0.09784282101669182,
    0.09630967775691729,
    0.09484303781058755,
    0.0934375106428592,
    0.09209069835280313,
    0.09078255499382126,
    0.08950878931609578,
    0.0882780288898805,
    0.08707947306835181,
    0.08591846943015326,
    0.08479098713383569,
    0.08371152823138256,
    0.08269342349433717,
    0.08174002337424144,
    0.0808306255479839,
    0.07994109903998474,
    0.0790590778624255,
    0.0781981639483663,
    0.07734404616770989,
    0.07648040576929549,
    0.07561314661008119,
    0.0747354256655495,
    0.07384289101889391,
    0.07292685460248029,
    0.07198696162481896,
    0.07103885314075772,
    0.07008877596914084,
    0.06914730078421376,
    0.0682149253384306,
    0.06727859914383356,
    0.0663388578431208,
    0.06541762681968902,
    0.064526483138027,
    0.06366745222733514,
    0.06283475267624165,
    0.062010673479358756,
    0.06119593554925515,
    0.06039634438231669,
    0.05959899369111512,
    0.05879383821401379,
    0.05797764888967313,
    0.05715046135142111,
    0.05631881694166843,
    0.05549350736686622,
    0.05467222336638729,
    0.053869285194670026,
    0.05308779051915029,
    0.052316392227008866,
    0.0515470360924213,
    0.05078463137554285,
    0.050029815304341765,
    0.04929166823725008,
    0.04857506411055302,
    0.047873916956274604,
    0.04718144636910396,
    0.04649344788377778,
    0.0458028120945415,
    0.04512008919898327,
    0.04444674408367066,
    0.043779370941851053,
    0.04312267122661864,
    0.042475438715002076,
    0.04185037294328235,
    0.041244750135295306,
    0.04066830616310716,
    0.04013121717571403,
    0.039619669644236834,
    0.03913367876829834,
    0.03866796212529884,
    0.038211251547293976,
    0.037769292389455346,
    0.03733338406850059,
    0.03689775803610374,
    0.03647233131328299,
    0.03604996286245453,
    0.03562392473259952,
    0.035195477311920034,
    0.03476595812288582,
    0.03432979455872893,
    0.03389440559431316,
    0.03345704904637764,
    0.03300306950855006,
    0.0325395364857359,
    0.032071558345477105,
    0.0316080673420701,
    0.03115489251096052,
    0.03071575178846134,
    0.030282421133480075,
    0.029837881578363146,
    0.0293786583591314,
    0.028914078886078255,
    0.028446246768785648,
    0.027981388016453657,
    0.027519173456892473,
    0.027057244641468147,
    0.026599596013288436,
    0.026146194723429675,
    0.02570306431049841,
    0.02527383036486643,
    0.024871298638024536,
    0.024489084601120592,
    0.024143780508295486,
    0.0238310732421859,
    0.023528699258583127,
    0.02322991088412248,
    0.022939530349775673,
    0.022646471687272168,
    0.022353173759308117,
    0.022071806079764247,
    0.02180784056820931,
    0.021562220338333667,
    0.021328720934446592,
    0.021105802465716843,
    0.020889210308871687,
    0.02067168846571914,
    0.0204342227511315,
    0.020179907003764035,
    0.0199118077608632,
    0.019639351636629648,
    0.019378421830857716,
    0.019133946589505835,
    0.01889309457049968,
    0.018648413293696098,
    0.018392033029832815,
    0.01813066775488765,
    0.01787641171337978,
    0.017632097605695247,
    0.0173919826352829,
    0.017153527743673895,
    0.016911025663096723,
    0.016672789212965403,
    0.016443042039282894,
    0.01623378248857717,
    0.016026566635512475,
    0.015820074553960225,
    0.01559690891488445,
    0.015362249112846092,
    0.015108995824311773,
    0.014842549929177625,
    0.014572744591938887,
    0.014304456937100495,
    0.01404740309623273,
    0.013790931894484883,
    0.013547185198426431,
    0.01331283413209097,
    0.013100148402677456,
    0.012900315825849763,
    0.012722621685972562,
    0.012551086426100467,
    0.01238342782490319,
    0.012234272554905256,
    0.01208510249040227,
    0.011948175247936867,
    0.011830020026482452,
    0.011737899405100366,
    0.011653584801291304,
    0.011572124814700182,
    0.011503661301251203,
    0.011437588629461332,
    0.011383384344407723,
    0.011331602154608081,
    0.011282973927093766,
    0.011225656253506506,
    0.011161930830071618,
    0.011092774518532343,
    0.011022918023592579,
    0.010964513285839712,
    0.01091281074952937,
    0.010861789421857547,
    0.010807381238696864,
    0.010748423445135595,
    0.010685204462471244,
    0.01061091113248085,
    0.010527698215556519,
    0.010431912735534083,
    0.010320547122268276,
    0.010210669234351507
  ],