{
  "success": true,
  "x0": [
    0.6072535195533985,
    0.086240636563057,
    0.3065058438835445,
    0.38615543999125423,
    0.29565928695309107,
    0.7859762903082026
  ],
  "x": [
    0.2609240528260735,
    0.7308462199339576,
    0.008229727239968797,
    65.38278604275988,
    9.747962571292453,
    0.7859762903082026
  ],
  "SSE": 0.00841817349456616,
  "exp_data": [
    1.0,
    0.9274999440165168,
    0.8565631762195326,
    0.7894382729437339,
    0.7282670017615595,
    0.6736895079749493,
    0.6254481394607062,
    0.5827515234648475,
    0.5447070904152477,
    0.5105483231357486,
    0.4797131491511603,
    0.45181544087928444,
    0.42652305869361595,
    0.4035714074754971,
    0.38269448913579074,
    0.3636478454006849,
    0.34622914971146934,
    0.33025297003789544,
    0.315588055120145,
    0.3020778836329705,
    0.2895838265107288,
    0.27800279909131237,
    0.267248263735105,
    0.25725727020758127,
    0.2479756624419077,
    0.23934769794356137,
    0.2313179522141611,
    0.22382457930484198,
    0.21680571081713945,
    0.2102030063175975,
    0.2039681165894473,
    0.19806392575637286,
    0.19246909369511186,
    0.18717240341591848,
    0.182157725164145,
    0.1774081405202327,
    0.1728965929732096,
    0.16860185903421396,
    0.16452428832051907,
    0.1606400091853166,
    0.1569373903680548,
    0.15341105367081873,
    0.15003802853114087,
    0.14680617921023742,
    0.14368574806070825,
    0.14068514262571574,
    0.13779212674106522,
    0.13500423224637031,
    0.1322991806551323,
    0.12967649426296476,
    0.1271286395381751,
    0.12464979870825268,
    0.12223297164135463,
    0.11988176649058704,
    0.11758454610448868,
    0.11534471847142927,
    0.1131468096105331,
    0.11098903093667345,
    0.10887786795136008,
    0.10680581561251552,
    0.10476718906501688,
    0.10277498691341674,
    0.10083987335814797,
    0.09897968420823601,
    0.09718716375772296,
    0.09547282895544432,
    0.09382193840008521,
    0.09222029411887292,
    0.09065519392636012,
    0.0891186817086476,
    0.08760121662478117,
    0.08610147971963779,
    0.08461684952885828,
    0.0831545036429456,
    0.0817086243897512,
    0.0802757074558131,
    0.078837914001879,
    0.07740607787513659,
    0.07600199478515049,
    0.07464139116370111,
    0.07331210997856452,
    0.07199423956392496,
    0.07069587536415285,
    0.0694263828788572,
    0.06817267761539986,
    0.06692009561691066,
    0.06567774935198457,
    0.0644642850761406,
    0.06328273680146886,
    0.06215244103819983,
    0.06107510391066964,
    0.06004334550145804,
    0.05904688267080419,
    0.05809156799106089,
    0.057173472927588675,
    0.05627507400590941,
    0.0553748916235036,
    0.054464014450988016,
    0.05354281287595718,
    0.05260999175267652,
    0.05166817122330404,
    0.05072473838457227,
    0.04979621594763646,
    0.048904170464346024,
    0.04803801801028153,
    0.04718653984029617,
    0.04635424859649616,
    0.04553944059088381,
    0.04472759225548227,
    0.04391465632305351,
    0.043104063228709404,
    0.042294302190317885,
    0.0414881320469218,
    0.040699038705105675,
    0.03993273633933507,
    0.03918865199437217,
    0.03848084859696341,
    0.037800248708133526,
    0.03717322038195345,
    0.03659143509566147,
    0.036043909766218095,
    0.03551641658622074,
    0.03499244322881876,
    0.03445607644018873,
    0.033893784736030476,
    0.033316584252964694,
    0.032745217040718484,
    0.03217938231426381,
    0.03161852915401936,
    0.03106913176555685,
    0.03055297540503592,
    0.030052238151858573,
    0.02955729119944654,
    0.029061666980057188,
    0.028578733177325788,
    0.028117695945052954,
    0.02768526427426811,
    0.027275369097250153,
    0.02689026667075228,
    0.026522423924528138,
    0.026170880301489192,
    0.025829134218645664,
    0.02550531687331464,
    0.025203224581774868,
    0.024929161235685827,
    0.02466822309993285,
    0.02442110168701236,
    0.024186037441386376,
    0.023974302016412135,
    0.0237887347119576,
    0.023617945374193223,
    0.023464477716661273,
    0.023332842703381384,
    0.02323636105138154,
    0.023175773748276167,
    0.023154010833348983,
    0.023180020896304537,
    0.02324408199260267,
    0.023326085522165103,
    0.023415442262414553,
    0.02351034769530385,
    0.02361679160228859,
    0.023729130064386126,
    0.02383070527925977,
    0.023913854579325926,
    0.023965972973340233,
    0.023998464075819147,
    0.024008312736659706,
    0.024003413151511534,
    0.024017106196641706,
    0.024037298769526094,
    0.02405678027169578,
    0.024062934637216336,
    0.02405112148863454,
    0.02402445794130285,
    0.024010840737935694,
    0.02400743214580003,
    0.024016301739679273,
    0.024025304950507004,
    0.024034556714756017,
    0.024036701570379796,
    0.024017770765959512,
    0.023986027273735083,
    0.02393567914165015,
    0.02386386854696363,
    0.02377040308934848,
    0.023665493921830514,
    0.023559328990299097,
    0.02344996564116822,
    0.023343787275105145,
    0.02323896386053083,
    0.023143095295797726,
    0.023040033468904104,
    0.022931354990736365,
    0.022819581455440063,
    0.0226935367119229,
    0.022566231838413185,
    0.022427035335932113,
    0.022289792806601563,
    0.022159839650143894,
    0.02204265215210253,
    0.021925928467920665,
    0.021816881969933102,
    0.02171268220089122,
    0.021605902845851233,
    0.021493769776715525,
    0.021372608288825347,
    0.02124719506705786,
    0.021114476764482852,
    0.02095887534864313,
    0.02079222536342775,
    0.020618843677886092,
    0.020436479121795196,
    0.020241450683802387,
    0.02002475364498315,
    0.019787092590070894,
    0.01952128787256982,
    0.019248727009539123,
    0.018987117690960762,
    0.01872675926780263,
    0.01847614320968604,
    0.018210701391171504,
    0.01793872719269371,
    0.017675335103289357,
    0.0174231675362327,
    0.01716171064627528,
    0.0168936864035782,
    0.01660357471619154,
    0.016304118744032085,
    0.015999780292323653,
    0.015680553116488742,
    0.015356065492581365,
    0.015030365670531912,
    0.014704601390068807,
    0.014372597807516764,
    0.014032949200822152,
    0.013682441231740259,
    0.013310520057452339,
    0.01293097856343228,
    0.012539510588162932,
    0.012155160411493905,
    0.011792525889214412,
    0.01145042494379302,
    0.011137572054322564,
    0.010845714148962989,
    0.010562982687066097,
    0.010293731681173845,
    0.010024329343511856,
    0.009750959982765383,
    0.009472829649147588
  ],