{
  "x0": [
    0.34289268398904077,
    0.30108891948391764,
    0.35601839652704165,
    0.8188850495495383,
    0.8188850495495383,
    0.6028988992643058
  ],
  "x": [
    0.2420712194673751,
    0.7625317617373275,
    9.061327109122221e-19,
    93.41162357872643,
    11.732477761080974,
    0.6028988992643058
  ],
  "SSE": 0.006277301010986632,
  "exp_data": [
    1.0,
    0.9437869333708564,
    0.8882891714512418,
    0.8340780765744197,
    0.7819003238655773,
    0.7322893005058388,
    0.6856209810288424,
    0.6422178966792187,
    0.602297520565203,
    0.5659522779977461,
    0.533099062139701,
    0.5034706298356146,
    0.47672706428466394,
    0.45252258676172596,
    0.4305409157021321,
    0.4105229600299826,
    0.3922318776613854,
    0.37546733749484307,
    0.36005519072569,
    0.34586050921685485,
    0.332752873665924,
    0.3206246421244904,
    0.3093770838944003,
    0.29892601939545566,
    0.28918561860355824,
    0.28008808227391496,
    0.27158021416074357,
    0.2635965253510615,
    0.2560875603750205,
    0.24900732803919617,
    0.24231023916815062,
    0.23596892911255965,
    0.22993843611018275,
    0.22419230942858484,
    0.21871303630896768,
    0.2134678766024735,
    0.20844169654400002,
    0.20362624398314721,
    0.1990161387262314,
    0.19459404148055529,
    0.1903555919516693,
    0.1862898176388232,
    0.18237741398276464,
    0.1786102185588571,
    0.17499564606975648,
    0.1715171259027165,
    0.16816924812714287,
    0.16496294759156035,
    0.1618868996019652,
    0.1589263189564635,
    0.1560738080560733,
    0.15331980631619202,
    0.1506585285963149,
    0.14807987216909818,
    0.14557667276999967,
    0.14314851779055718,
    0.14079852248981065,
    0.13851466571734575,
    0.13628598747837256,
    0.13411052540060048,
    0.13198051785454343,
    0.12989186902343236,
    0.12783978602269508,
    0.12582677339420922,
    0.12385486034497092,
    0.12193103455564637,
    0.120046070642068,
    0.11820405684459602,
    0.11640368140753544,
    0.11465881978864556,
    0.11297366881734629,
    0.11134959620984566,
    0.10977512795360156,
    0.10824850629017992,
    0.10676804520726006,
    0.10533052096364967,
    0.10393731333279647,
    0.10258596303054283,
    0.10126702701763553,
    0.09997846189623275,
    0.09871172714517615,
    0.09746595563036958,
    0.09623230639699105,
    0.09501004055731538,
    0.09380461958752212,
    0.0926154760039099,
    0.09144709324338159,
    0.09030378261281323,
    0.08918376113265916,
    0.088095454841645,
    0.08703228174760828,
    0.08599550927823536,
    0.08498641604472791,
    0.08399708247032302,
    0.0830346525307158,
    0.08210939101317094,
    0.08122458475787035,
    0.08038179580705956,
    0.0795669418659194,
    0.0787746966085567,
    0.07799809334954397,
    0.07723657674205715,
    0.07649571168218713,
    0.07576021701010408,
    0.07503611910082979,
    0.07432354583313834,
    0.07362774298852268,
    0.07294649357121513,
    0.0722756706429634,
    0.07161277062550124,
    0.07096471005310252,
    0.07033578653685704,
    0.0697151522287149,
    0.06910894132208098,
    0.06850888682577277,
    0.06792517204101181,
    0.06735523687039062,
    0.06679681370552616,
    0.06625866777979324,
    0.06573130009531346,
    0.06520609704385427,
    0.0646671547190084,
    0.06412201063949197,
    0.06356507741983493,
    0.06299385912352613,
    0.06241289267493706,
    0.06182899457706587,
    0.06124883084408201,
    0.06066748612249695,
    0.06008321269195,
    0.059487726200618374,
    0.058880838291708516,
    0.05826918471196039,
    0.05765412989432406,
    0.05703510459609149,
    0.0564228252432112,
    0.05581083285437395,
    0.05519003920820937,
    0.05455952699137595,
    0.0539234680820753,
    0.05328898537248004,
    0.05265186634399002,
    0.052017308827985144,
    0.05138598850016779,
    0.050751316430639674,
    0.05011267150643797,
    0.049477623012309124,
    0.048846611877215305,
    0.048216633896030904,
    0.047586518206862924,
    0.046960587076595436,
    0.04633983422979521,
    0.045723052412048694,
    0.04511530459748356,
    0.04452473090301055,
    0.04394572085015368,
    0.043384928450292376,
    0.0428444640683346,
    0.04233349979608901,
    0.04184860944077865,
    0.041390001602334886,
    0.04095790558805853,
    0.040549694738653025,
    0.040154502080135705,
    0.03977080526439306,
    0.03940700066724683,
    0.03906584867997616,
    0.038730946566852366,
    0.038391831446751665,
    0.038050641899832476,
    0.03771009267025223,
    0.03736106454397385,
    0.03700500739882401,
    0.03665265216523045,
    0.0363010565779455,
    0.03595331467778173,
    0.03560919057725266,
    0.035268877496041254,
    0.03493563076017721,
    0.03460974953711583,
    0.03428976096810944,
    0.03397498228665144,
    0.033670376919135804,
    0.03337388784115149,
    0.033090119595660286,
    0.03281424618544885,
    0.03255251715730433,
    0.03229969975119961,
    0.03205370110937161,
    0.031814782012110764,
    0.0315925570128389,
    0.03139224718953937,
    0.031211861746075827,
    0.031058093895886225,
    0.030917865227246388,
    0.03078695030206033,
    0.03066282735451812,
    0.03055425024486256,
    0.030461463240450175,
    0.030381420722531745,
    0.030314406411119297,
    0.030255399040701295,
    0.030194153348482355,
    0.030138552522223562,
    0.030088317760432724,
    0.030036362742956717,
    0.029988531092049596,
    0.02993779285403778,
    0.02988183636626146,
    0.029818576301219025,
    0.029745255812043996,
    0.02967087721273402,
    0.02959290811688849,
    0.029508734782668116,
    0.02941467445110451,
    0.029314948281139785,
    0.0292177963798969,
    0.029124794118457017,
    0.029031018312396344,
    0.02893997283149293,
    0.0288619869740561,
    0.028789201255687735,
    0.02872781552173133,
    0.02868030197952208,
    0.0286342661839419,
    0.02858521848723762,
    0.028543411631882835,
    0.02851481796833262,
    0.02849178577444223,
    0.028478201458475055,
    0.028477370360544974,
    0.028486752405692952,
    0.028495705830907457,
    0.028515920211817338,
    0.02853706950566364,
    0.028553075596044766,
    0.028573455284824564,
    0.028585716597422112,
    0.028592198886107652,
    0.028590266697761473,
    0.028577748386470814,
    0.028558521036689818,
    0.028551048100296583,
    0.028541646797601888,
    0.028532288750573707,
    0.028517851876281277,
    0.028500744437803652,
    0.028487029414256692,
    0.02847969661299158,
    0.02846868730338099
  ],