{
  "x0": [
    0.0919844674510299,
    0.2788053138051194,
    0.6292102187438507,
    0.8309802284839156,
    0.19633961158010801,
    0.5898355842819919
  ],
  "x": [
    0.07972096547686919,
    0.842724942516537,
    0.07755389497309735,
    683.4570454633523,
    2.25817035660196,
    0.5898355842819919
  ],
  "SSE": 0.011329886041815713,
  "exp_data": [
    1.0,
    0.6485284476528579,
    0.3931801553850226,
    0.27422104513985396,
    0.21373886836372347,
    0.17826283123133618,
    0.15611742262235068,
    0.14121252364317774,
    0.13031957883886527,
    0.12194575771282812,
    0.11527890871084058,
    0.10977971772135914,
    0.10513372408271618,
    0.10124424803217034,
    0.09789774789185508,
    0.09499684298923078,
    0.09245031282813652,
    0.09024067689565085,
    0.08830638934504399,
    0.08656942673680308,
    0.0850188117352424,
    0.08365833731511836,
    0.08245936875102605,
    0.08135279450152912,
    0.08039352430929683,
    0.07956334264830073,
    0.0788522658903908,
    0.07815742733393248,
    0.07753268399541105,
    0.07696716658305748,
    0.07637121020756789,
    0.07580459568061365,
    0.07533868312874469,
    0.07487867056275523,
    0.07446675303118971,
    0.07411680189818218,
    0.07382128380916787,
    0.07348485474236616,
    0.07305899602975066,
    0.07266551543093899,
    0.07230501216167641,
    0.07192600480067503,
    0.07158157634078502,
    0.07126867450227607,
    0.07101389673540645,
    0.0708107233812211,
    0.0706162977553985,
    0.07041371425711407,
    0.07021979948042795,
    0.07005710291869122,
    0.06986666155411295,
    0.06966105224720853,
    0.06949659364567566,
    0.06926872452805119,
    0.0690587425210905,
    0.06888345297395272,
    0.06871754979289493,
    0.06854519402058853,
    0.06833034833556974,
    0.06810521397632441,
    0.06789502706616868,
    0.06773160086469676,
    0.06761392177044193,
    0.0675031532349863,
    0.06736030876184523,
    0.06722093953821831,
    0.06712492514828143,
    0.06705576664696714,
    0.06693462081764874,
    0.06683538363478238,
    0.06673554433835943,
    0.06666881929224666,
    0.06659797542870388,
    0.06649104346659496,
    0.06640441135005407,
    0.06626341662339319,
    0.06617696103779042,
    0.06618635560971038,
    0.06615877461415887,
    0.06604739440309679,
    0.06596805790151006,
    0.06589445933284524,
    0.06586684033774753,
    0.06580723870940457,
    0.0656766587191456,
    0.06556322821136544,
    0.065482471538502,
    0.0654321312677895,
    0.06531749063786953,
    0.06519514392972808,
    0.06515728420274898,
    0.06511749031428146,
    0.06503840743751474,
    0.06495201950329793,
    0.06488865968209699,
    0.06485094328023848,
    0.0648686381677193,
    0.06482302668652218,
    0.06472355555943582,
    0.06466464828792973,
    0.06463656744766859,
    0.06462265162584567,
    0.06456114944522237,
    0.06441844462678983,
    0.06429097291256469,
    0.06422515217197484,
    0.06420095085866602,
    0.0642503160725055,
    0.06424432680412315,
    0.06417722486674438,
    0.06414833865803728,
    0.06409132561766309,
    0.0640491360234811,
    0.0639826398902544,
    0.06391183520940151,
    0.06381376729230188,
    0.06373338132796146,
    0.06360845296424902,
    0.06351045767604037,
    0.0634599040702177,
    0.06346775444868451,
    0.063433437236877,
    0.06340654360982947,
    0.06334704406701283,
    0.06328646905995979,
    0.06325492730588865,
    0.06325282175203163,
    0.06323676820066318,
    0.06323984583709386,
    0.06321495508155213,
    0.0631410967028311,
    0.06306501496037242,
    0.06295012395869218,
    0.06285234885472585,
    0.06276835581534099,
    0.06268108450790633,
    0.06261656059682928,
    0.06257654616591857,
    0.06260634433715102,
    0.06261786502248806,
    0.06264881348179523,
    0.0627100769852577,
    0.06273432540797531,
    0.0627853370481891,
    0.06278997138125701,
    0.06271137122036688,
    0.06266455483145049,
    0.06267782020591771,
    0.06263951567371909,
    0.0625753810230485,
    0.06251502989525672,
    0.062475421421168166,
    0.062417092375726124,
    0.0623710165148999,
    0.0623229218006554,
    0.06233950792723486,
    0.062384842433321326,
    0.06243035019111161,
    0.062455084010030214,
    0.06246770872334361,
    0.06253801567491284,
    0.06250731702386983,
    0.06247168509080897,
    0.062443550460790385,
    0.06240426318328785,
    0.06244078744974699,
    0.062460980174802,
    0.062410909040596166,
    0.062329197937629845,
    0.062247529969311176,
    0.06221182817168489,
    0.06223255619007679,
    0.06228245882774938,
    0.062232922030397805,
    0.062208529518543554,
    0.062208702579934404,
    0.06211945542478462,
    0.061989383846489006,
    0.06187718329588327,
    0.06176530749205129,
    0.06164789348856129,
    0.06158707651412314,
    0.06159322689071644,
    0.06159100198237383,
    0.061536241953553075,
    0.061480694753421126,
    0.06143603552054073,
    0.06141220670567535,
    0.06135334319743102,
    0.06131953864734653,
    0.06125537839106713,
    0.06123170989546429,
    0.06125604978216652,
    0.06127452735106869,
    0.061268842028202125,
    0.06123513775405388,
    0.061182956877078996,
    0.061150564365319245,
    0.06115348642027746,
    0.06115852920390736,
    0.061178189291358855,
    0.06115001464274222,
    0.061096677827011975,
    0.06108438238906101,
    0.06109689036240022,
    0.061164521393770106,
    0.06119272945899449,
    0.06119460459596135,
    0.06118546372094354,
    0.061175241502234426,
    0.06116927705926784,
    0.061174372960002124,
    0.06116488974251942,
    0.06116279522571598,
    0.06118675901992225,
    0.06121983047169311,
    0.061201982906903034,
    0.06117655245663127,
    0.061125196353775946,
    0.06110737866505156,
    0.06112248665251818,
    0.06113220284724448,
    0.06106886946528195,
    0.06100763007595023,
    0.0609930126490275,
    0.06094828174377749,
    0.0608665623965046,
    0.060837224993223644,
    0.06082871532584741,
    0.06084462780670433,
    0.060857802288857746,
    0.06085352051552086,
    0.0608231279448693,
    0.06078904247638377,
    0.060800265806352,
    0.06076111586804499,
    0.06072100012388315,
    0.060682813400321174,
    0.06063220650599248,
    0.060600499124061846,
    0.06052845842564489,
    0.06045365995524009,
    0.06041912529348257,
    0.06043037420357301,
    0.06046922042887393,
    0.06051929747823351,
    0.060541822147217504,
    0.06053238453105918,
    0.06046847958981187,
    0.06040927731281866
  ],