{
  "x0": [
    0.6179246284309619,
    0.0837492840844687,
    0.29832608748456946,
    0.3690718474095821,
    0.3690718474095821,
    0.4222683253164313
  ],
  "x": [
    0.08013398210757414,
    0.8405187826351976,
    0.07934759784089511,
    587.9927876421159,
    2.2086666989237744,
    0.4222683253164313
  ],
  "SSE": 0.012241199051324987,
  "exp_data": [
    1.0,
    0.6421354145724939,
    0.3844519763984727,
    0.26782860481344334,
    0.20929303980409583,
    0.17514190001159638,
    0.15399754495769355,
    0.13979275475613404,
    0.12946646601457962,
    0.12146426315419069,
    0.11493474282616456,
    0.1095694606331447,
    0.10516745815207851,
    0.10148190138520038,
    0.09828448937049741,
    0.09542170852390952,
    0.09292150202978736,
    0.09072069306614211,
    0.08885250079434592,
    0.08714914842326955,
    0.085584394088934,
    0.08418153370534733,
    0.08295302329213751,
    0.081887372382277,
    0.08092370680542187,
    0.08000683715887362,
    0.07920115282728946,
    0.07842680364057583,
    0.07765705967470977,
    0.07697808286782207,
    0.07635132780665349,
    0.07574213129790057,
    0.07514415694338854,
    0.07461308092298669,
    0.07415063295619666,
    0.07373201961212461,
    0.07333033156597439,
    0.0729058361595825,
    0.07257905909388315,
    0.07224482703562579,
    0.07183606350849962,
    0.0714813708970228,
    0.07119015243494486,
    0.07093541760324988,
    0.07065106230012934,
    0.0703930179645759,
    0.07015862778639974,
    0.06991884859947314,
    0.06964459592081368,
    0.0694227157732594,
    0.06921426201483853,
    0.06900618710745736,
    0.06878250762019782,
    0.06859845586673961,
    0.06839624376419129,
    0.06820277307731883,
    0.06799186920964641,
    0.06780391371459624,
    0.06767056756210847,
    0.06749806225193343,
    0.06731945055977,
    0.06717653382332879,
    0.06698949316484071,
    0.06683059978207796,
    0.06668206714216005,
    0.06658131160347341,
    0.06643949318310725,
    0.06625539462721983,
    0.06607643461372913,
    0.06597326211625758,
    0.06584498525363178,
    0.06572712846416592,
    0.065600385397915,
    0.06545204347946158,
    0.06529989749851345,
    0.06516845110974823,
    0.064975472171161,
    0.06477149769480903,
    0.06467733757171705,
    0.0647311564697462,
    0.06477473079070194,
    0.06473088495605366,
    0.06461975939517231,
    0.06455016661503958,
    0.06449974436243457,
    0.0643548679634414,
    0.06417214752124542,
    0.06401589555334627,
    0.06385213589785085,
    0.06379338084901577,
    0.063706247172934,
    0.06361406960801644,
    0.06349285703030186,
    0.06335814743809763,
    0.06324999803184284,
    0.06317055718030258,
    0.06312109831586243,
    0.06304514001715458,
    0.06299256928924038,
    0.06292533752907951,
    0.0628271579328309,
    0.0627266566011975,
    0.06256356251161888,
    0.06247661158471297,
    0.06242773771265204,
    0.062384830636414736,
    0.06236549271614499,
    0.062344885753352744,
    0.06230532747121782,
    0.06226480894216396,
    0.06223902910507665,
    0.06217146944152674,
    0.062047785418701366,
    0.061940351727289775,
    0.061840044591781294,
    0.06172071107343145,
    0.061663778591227236,
    0.061599955104228284,
    0.06158694119562992,
    0.06155884047744591,
    0.06148864569519213,
    0.06144158277420545,
    0.061410154565116386,
    0.06138869369851575,
    0.06130401689973735,
    0.06124917403100933,
    0.061195278552991846,
    0.06118316308148138,
    0.061110792275941,
    0.06103187775379536,
    0.06101005193332754,
    0.061005483761967516,
    0.06097266445646574,
    0.06088980695063869,
    0.0607851162266556,
    0.060715138190164684,
    0.060658168664868777,
    0.060605595775240995,
    0.060552883354720165,
    0.06054471458647818,
    0.060537225578687556,
    0.0605262485892573,
    0.060465188386507336,
    0.06039002131669407,
    0.06033494249054633,
    0.06027148023481167,
    0.06022055155992885,
    0.060209875065371385,
    0.0602120984969578,
    0.060264877704566594,
    0.06032689088467011,
    0.06030010041983125,
    0.06023588738206845,
    0.06016874406615157,
    0.06007794035485677,
    0.05998769846848557,
    0.060003214780441246,
    0.06005972067243918,
    0.06004271298185132,
    0.059999815925879246,
    0.059924666201903835,
    0.05988890797109456,
    0.05989511663490812,
    0.059886455660158475,
    0.0598701170506766,
    0.059825578144542015,
    0.05980516926814201,
    0.05975373224823142,
    0.059666299249268744,
    0.05961602391529844,
    0.05959964873633426,
    0.05958608711708999,
    0.05958703773910383,
    0.05958381777915274,
    0.059609893651838594,
    0.05964624423427513,
    0.059628379052114905,
    0.059579911291404025,
    0.059532300465703666,
    0.05952000049023095,
    0.059529580814673994,
    0.059503247629662366,
    0.05952025971521233,
    0.059582709368471085,
    0.05963470677234117,
    0.0596278732327288,
    0.05957916631049353,
    0.059536675762084976,
    0.05951879020732402,
    0.05954913476320871,
    0.05958098417767774,
    0.05971431001689044,
    0.059762442343733256,
    0.0597578377171153,
    0.05974453977490911,
    0.059613434580979154,
    0.05952529376696451,
    0.059428841566521035,
    0.059353616915096344,
    0.05932222089283881,
    0.05932098519973334,
    0.059258070872319824,
    0.05920941215424239,
    0.05915223131823009,
    0.05911238559253844,
    0.05912952812242541,
    0.05913550198676138,
    0.05915590042858076,
    0.05915919480270516,
    0.05914642098591638,
    0.059119616173095434,
    0.05907637759201956,
    0.05903238660563022,
    0.05898728000137927,
    0.05894207157635133,
    0.058943803048010675,
    0.05892785508968271,
    0.058892718428943114,
    0.05891721773983594,
    0.05895101582620886,
    0.05905475587464831,
    0.058995715315241566,
    0.05885112983993591,
    0.05868424491511634,
    0.058630538550564736,
    0.058592912779650695,
    0.05857005849634725,
    0.05846360087227329,
    0.0583706901283823,
    0.0583581367982125,
    0.05835200634198341,
    0.058355282774213986,
    0.058312848243629624,
    0.0582400756075526,
    0.058206292763818474,
    0.05823026146606926,
    0.058276905714137524,
    0.05829029524622007,
    0.05829799709977787,
    0.05831466803837079,
    0.058363335160767096,
    0.05836965924507313,
    0.05829842662201461,
    0.0582466765610604,
    0.058254891074083756,
    0.05827329532677982,
    0.05831045588252962,
    0.05830692608369531,
    0.058273451688591375,
    0.05819354021490295
  ],