{
  "success": true,
  "x0": [
    0.40142411264773437,
    0.29551647537150977,
    0.30305941198075587,
    0.4910593139697311,
    0.4900593139697311,
    0.5924765624786155
  ],
  "x": [
    0.08235086436242751,
    0.8828494478251784,
    0.03479968781239419,
    632.9210693054174,
    2.722242720478034,
    0.5924765624786155
  ],
  "SSE": 0.010263886176598732,
  "exp_data": [
    1.0,
    0.7178371372121013,
    0.4893008142160782,
    0.3480863782970432,
    0.2667817154234008,
    0.21655074456367368,
    0.18388425112222798,
    0.16191771275028966,
    0.14669235397437047,
    0.1357490637841495,
    0.12748631175028605,
    0.12084843279937346,
    0.11531947505855603,
    0.11065058513598171,
    0.10662345939883193,
    0.10312246837717558,
    0.10009752911961649,
    0.09747676961175282,
    0.09514432021643447,
    0.09312520786779614,
    0.09133155959335644,
    0.08973219701095721,
    0.08831163551210307,
    0.08702083494257941,
    0.08583347971057419,
    0.08473373437896965,
    0.0837444817835958,
    0.08282797638258393,
    0.08197230839036827,
    0.08116290308893906,
    0.08042050645621769,
    0.07972287540877401,
    0.0790221406759487,
    0.07834020794744206,
    0.0777809665920788,
    0.07724446021895764,
    0.07673431996372043,
    0.07625893746459875,
    0.07584941079957776,
    0.0754416065605759,
    0.07507834464539587,
    0.07476410406499658,
    0.07445719991785382,
    0.07410095918223161,
    0.07377625255101351,
    0.07347787687563356,
    0.07314045669544107,
    0.07281679901447666,
    0.0725251060928286,
    0.0722842305718709,
    0.07205666216427478,
    0.07185631500893022,
    0.07169442288898416,
    0.0715067218663524,
    0.07127570483903455,
    0.07103172192076027,
    0.07082427991914354,
    0.07059799491911936,
    0.07037733221035852,
    0.07018344271437746,
    0.06997802257304529,
    0.06977000969745308,
    0.06956344523047468,
    0.0693647136596412,
    0.06915998397037487,
    0.06897809691894184,
    0.06877623972902025,
    0.06859284073121498,
    0.06841933015384215,
    0.0682487833810884,
    0.06808369380124424,
    0.06793846334521973,
    0.06778078529760445,
    0.06763548680210948,
    0.06753423812891565,
    0.0673741436706316,
    0.06723875807880969,
    0.06717105327886347,
    0.0671281157596896,
    0.06708213171694391,
    0.06704766217183222,
    0.06700239368296027,
    0.06693138156432879,
    0.06684311461531936,
    0.06673221764802616,
    0.06663845164121018,
    0.06657078719302494,
    0.06651520513489534,
    0.06648077941059395,
    0.06645508813486589,
    0.06642040514158444,
    0.06635753605139477,
    0.06629814873604563,
    0.06617711298618956,
    0.06608679866262684,
    0.06598731928351843,
    0.0658821669621806,
    0.06577447079125871,
    0.06564464586748527,
    0.06556485382626073,
    0.06552430958163347,
    0.06548166087988297,
    0.06543225337036554,
    0.06538789533276035,
    0.06533007474337517,
    0.06529404512954748,
    0.06524963361073563,
    0.06522832870186801,
    0.06518588691443077,
    0.06510283118084124,
    0.06503619080776113,
    0.0650403292250627,
    0.06503751436508734,
    0.06503616710102737,
    0.065029935536026,
    0.06500643347330248,
    0.0649290181400384,
    0.06483756951228763,
    0.06479096580268806,
    0.06474400026448549,
    0.06468721983526614,
    0.06463714111530076,
    0.06465291699506402,
    0.06466643306474541,
    0.0646319572060706,
    0.06452837220771694,
    0.06439265493988354,
    0.06432238674257572,
    0.0642481141878941,
    0.06420022570917082,
    0.06415544660919222,
    0.06408551393724563,
    0.06405619194685087,
    0.06401844834251387,
    0.06395712842333516,
    0.06394130998389241,
    0.06395798093245476,
    0.0639426439318201,
    0.06393028310406171,
    0.06388009781123496,
    0.06381985614794701,
    0.06374490189196393,
    0.06368736842142703,
    0.06364787255629756,
    0.06360322888691458,
    0.06351233968922718,
    0.06343420094089842,
    0.06334655992976262,
    0.06328057755148951,
    0.06321786623820352,
    0.06319345829938693,
    0.06319794395260973,
    0.0631930055213826,
    0.06315338439363603,
    0.0631166308343564,
    0.06306876643876994,
    0.06301306777817248,
    0.06298166153318904,
    0.06295327596897682,
    0.0629140746412447,
    0.06284968266813463,
    0.06281567669207036,
    0.06278272990073398,
    0.06270830762106605,
    0.0626070980313253,
    0.0625142724128302,
    0.06249694462140302,
    0.062485081441907786,
    0.06243978799284099,
    0.06241232807694523,
    0.062383902220158695,
    0.062328570582047674,
    0.06225892295892953,
    0.062188011323366495,
    0.062121484851125626,
    0.06212588694957022,
    0.06213934765061908,
    0.062096924547041424,
    0.06208603159412247,
    0.062086846052142035,
    0.062058026134898435,
    0.0620329885213585,
    0.06201561062472543,
    0.06200106506187177,
    0.06197993137917403,
    0.06193748758420094,
    0.06194654608244821,
    0.061967474208129966,
    0.06197687245425024,
    0.06199535780335626,
    0.06200734810842134,
    0.06199748060399909,
    0.061958300234380655,
    0.06193330238578318,
    0.06185147984497693,
    0.06179142526153416,
    0.06170017633563111,
    0.061672076513539564,
    0.06167054687654143,
    0.06168649265744509,
    0.06172696816989382,
    0.0617342614237529,
    0.06174336836308587,
    0.06176533489799865,
    0.061761643225718046,
    0.061716707272572016,
    0.06167189851031969,
    0.06162567040147838,
    0.06163887389370158,
    0.06165169901360408,
    0.061686855319202594,
    0.061748245732064076,
    0.061796248225474436,
    0.061841112944529125,
    0.06184969244114672,
    0.06185548161891065,
    0.06184999945131309,
    0.06183966319969708,
    0.061825297186807834,
    0.06178995290372682,
    0.06178688306099725,
    0.061761191685103356,
    0.06175021512412447,
    0.061721422201416035,
    0.06167679368363089,
    0.06160349540350549,
    0.061591789040933376,
    0.06161423580714295,
    0.061601330916343844,
    0.06161262104457123,
    0.061646835762026696,
    0.06164983745603029,
    0.06160020862947013,
    0.06158491535012569,
    0.061572340563091084,
    0.06149745214392267,
    0.06145462059521639,
    0.061430662778683066,
    0.06141548896918347,
    0.06143056197279943,
    0.06145383692464696,
    0.06144007601103993,
    0.06148027966391542,
    0.06145241718702978,
    0.061490571753378194,
    0.061582151296986805,
    0.06163767677778667,
    0.06168337674057002,
    0.06170605758314995,
    0.061688670262091204
  ],